date,medicine_id,quantity_consumed,demand_type
2025-01-01,MED001,24,Normal
2025-01-02,MED001,31,Normal
2025-01-03,MED001,27,Normal
2025-01-04,MED001,34,Normal
2025-01-05,MED001,43,Normal
2025-01-06,MED001,26,Normal
2025-01-07,MED001,40,Normal
2025-01-08,MED001,41,Normal
2025-01-09,MED001,44,Normal
2025-01-10,MED001,37,Normal
2025-01-11,MED001,35,Normal
2025-01-12,MED001,20,Normal
2025-01-13,MED001,29,Normal
2025-01-14,MED001,34,Normal
2025-01-15,MED001,30,Normal
2025-01-16,MED001,34,Normal
2025-01-17,MED001,36,Normal
2025-01-18,MED001,29,Normal
2025-01-19,MED001,21,Normal
2025-01-20,MED001,41,Normal
2025-01-21,MED001,36,Normal
2025-01-22,MED001,33,Normal
2025-01-23,MED001,43,Normal
2025-01-24,MED001,35,Normal
2025-01-25,MED001,30,Normal
2025-01-26,MED001,26,Normal
2025-01-27,MED001,26,Normal
2025-01-28,MED001,27,Normal
2025-01-29,MED001,38,Normal
2025-01-30,MED001,35,Normal
2025-01-31,MED001,35,Normal
2025-02-01,MED001,27,Normal
2025-02-02,MED001,37,Normal
2025-02-03,MED001,44,Normal
2025-02-04,MED001,31,Normal
2025-02-05,MED001,36,Normal
2025-02-06,MED001,44,Normal
2025-02-07,MED001,31,Normal
2025-02-08,MED001,21,Normal
2025-02-09,MED001,21,Normal
2025-02-10,MED001,36,Normal
2025-02-11,MED001,30,Normal
2025-02-12,MED001,42,Normal
2025-02-13,MED001,34,Normal
2025-02-14,MED001,39,Normal
2025-02-15,MED001,37,Normal
2025-02-16,MED001,27,Normal
2025-02-17,MED001,41,Normal
2025-02-18,MED001,42,Normal
2025-02-19,MED001,42,Normal
2025-02-20,MED001,31,Normal
2025-02-21,MED001,28,Normal
2025-02-22,MED001,22,Normal
2025-02-23,MED001,22,Normal
2025-02-24,MED001,29,Normal
2025-02-25,MED001,37,Normal
2025-02-26,MED001,36,Normal
2025-02-27,MED001,38,Normal
2025-02-28,MED001,41,Normal
2025-03-01,MED001,20,Normal
2025-03-02,MED001,22,Normal
2025-03-03,MED001,41,Normal
2025-03-04,MED001,44,Normal
2025-03-05,MED001,33,Normal
2025-03-06,MED001,53,Normal
2025-03-07,MED001,32,Normal
2025-03-08,MED001,24,Normal
2025-03-09,MED001,22,Normal
2025-03-10,MED001,33,Normal
2025-03-11,MED001,40,Normal
2025-03-12,MED001,28,Normal
2025-03-13,MED001,29,Normal
2025-03-14,MED001,40,Normal
2025-03-15,MED001,36,Normal
2025-03-16,MED001,20,Normal
2025-03-17,MED001,35,Normal
2025-03-18,MED001,33,Normal
2025-03-19,MED001,31,Normal
2025-03-20,MED001,26,Normal
2025-03-21,MED001,39,Normal
2025-03-22,MED001,34,Normal
2025-03-23,MED001,23,Normal
2025-03-24,MED001,41,Normal
2025-03-25,MED001,40,Normal
2025-03-26,MED001,37,Normal
2025-03-27,MED001,41,Normal
2025-03-28,MED001,30,Normal
2025-03-29,MED001,30,Normal
2025-03-30,MED001,37,Normal
2025-03-31,MED001,40,Normal
2025-04-01,MED001,31,Normal
2025-04-02,MED001,47,Normal
2025-04-03,MED001,41,Normal
2025-04-04,MED001,43,Normal
2025-04-05,MED001,37,Normal
2025-04-06,MED001,22,Normal
2025-04-07,MED001,34,Normal
2025-04-08,MED001,31,Normal
2025-04-09,MED001,39,Normal
2025-04-10,MED001,28,Normal
2025-04-11,MED001,42,Normal
2025-04-12,MED001,26,Normal
2025-04-13,MED001,31,Normal
2025-04-14,MED001,27,Normal
2025-04-15,MED001,35,Normal
2025-04-16,MED001,38,Normal
2025-04-17,MED001,25,Normal
2025-04-18,MED001,44,Normal
2025-04-19,MED001,30,Normal
2025-04-20,MED001,22,Normal
2025-04-21,MED001,30,Normal
2025-04-22,MED001,28,Normal
2025-04-23,MED001,32,Normal
2025-04-24,MED001,26,Normal
2025-04-25,MED001,41,Normal
2025-04-26,MED001,37,Normal
2025-04-27,MED001,20,Normal
2025-04-28,MED001,31,Normal
2025-04-29,MED001,39,Normal
2025-04-30,MED001,36,Normal
2025-05-01,MED001,29,Normal
2025-05-02,MED001,36,Normal
2025-05-03,MED001,32,Normal
2025-05-04,MED001,34,Normal
2025-05-05,MED001,39,Normal
2025-05-06,MED001,33,Normal
2025-05-07,MED001,25,Normal
2025-05-08,MED001,41,Normal
2025-05-09,MED001,34,Normal
2025-05-10,MED001,35,Normal
2025-05-11,MED001,34,Normal
2025-05-12,MED001,40,Normal
2025-05-13,MED001,29,Normal
2025-05-14,MED001,26,Normal
2025-05-15,MED001,31,Normal
2025-05-16,MED001,42,Normal
2025-05-17,MED001,50,Normal
2025-05-18,MED001,22,Normal
2025-05-19,MED001,42,Normal
2025-05-20,MED001,34,Normal
2025-05-21,MED001,30,Normal
2025-05-22,MED001,34,Normal
2025-05-23,MED001,36,Normal
2025-05-24,MED001,37,Normal
2025-05-25,MED001,28,Normal
2025-05-26,MED001,36,Normal
2025-05-27,MED001,43,Normal
2025-05-28,MED001,27,Normal
2025-05-29,MED001,30,Normal
2025-05-30,MED001,28,Normal
2025-05-31,MED001,22,Normal
2025-06-01,MED001,29,Normal
2025-06-02,MED001,38,Normal
2025-06-03,MED001,33,Normal
2025-06-04,MED001,44,Normal
2025-06-05,MED001,41,Normal
2025-06-06,MED001,27,Normal
2025-06-07,MED001,23,Normal
2025-06-08,MED001,22,Normal
2025-06-09,MED001,28,Normal
2025-06-10,MED001,43,Normal
2025-06-11,MED001,34,Normal
2025-06-12,MED001,44,Normal
2025-06-13,MED001,40,Normal
2025-06-14,MED001,21,Normal
2025-06-15,MED001,31,Normal
2025-06-16,MED001,35,Normal
2025-06-17,MED001,28,Normal
2025-06-18,MED001,32,Normal
2025-06-19,MED001,38,Normal
2025-06-20,MED001,37,Normal
2025-06-21,MED001,22,Normal
2025-06-22,MED001,23,Normal
2025-06-23,MED001,35,Normal
2025-06-24,MED001,28,Normal
2025-06-25,MED001,25,Normal
2025-06-26,MED001,25,Normal
2025-06-27,MED001,30,Normal
2025-06-28,MED001,22,Normal
2025-06-29,MED001,34,Normal
2025-06-30,MED001,37,Normal
2025-07-01,MED001,28,Normal
2025-07-02,MED001,31,Normal
2025-07-03,MED001,29,Normal
2025-07-04,MED001,24,Normal
2025-07-05,MED001,28,Normal
2025-07-06,MED001,31,Normal
2025-07-07,MED001,31,Normal
2025-07-08,MED001,27,Normal
2025-07-09,MED001,25,Normal
2025-07-10,MED001,31,Normal
2025-07-11,MED001,38,Normal
2025-07-12,MED001,26,Normal
2025-07-13,MED001,25,Normal
2025-07-14,MED001,32,Normal
2025-07-15,MED001,32,Normal
2025-07-16,MED001,40,Normal
2025-07-17,MED001,41,Normal
2025-07-18,MED001,24,Normal
2025-07-19,MED001,27,Normal
2025-07-20,MED001,37,Normal
2025-07-21,MED001,43,Normal
2025-07-22,MED001,34,Normal
2025-07-23,MED001,40,Normal
2025-07-24,MED001,42,Normal
2025-07-25,MED001,25,Normal
2025-07-26,MED001,20,Normal
2025-07-27,MED001,34,Normal
2025-07-28,MED001,30,Normal
2025-07-29,MED001,26,Normal
2025-07-30,MED001,34,Normal
2025-07-31,MED001,27,Normal
2025-08-01,MED001,33,Normal
2025-08-02,MED001,31,Normal
2025-08-03,MED001,28,Normal
2025-08-04,MED001,30,Normal
2025-08-05,MED001,36,Normal
2025-08-06,MED001,29,Normal
2025-08-07,MED001,33,Normal
2025-08-08,MED001,24,Normal
2025-08-09,MED001,25,Normal
2025-08-10,MED001,35,Normal
2025-08-11,MED001,34,Normal
2025-08-12,MED001,38,Normal
2025-08-13,MED001,40,Normal
2025-08-14,MED001,29,Normal
2025-08-15,MED001,33,Normal
2025-08-16,MED001,37,Normal
2025-08-17,MED001,22,Normal
2025-08-18,MED001,31,Normal
2025-08-19,MED001,31,Normal
2025-08-20,MED001,39,Normal
2025-08-21,MED001,31,Normal
2025-08-22,MED001,43,Normal
2025-08-23,MED001,22,Normal
2025-08-24,MED001,37,Normal
2025-08-25,MED001,36,Normal
2025-08-26,MED001,31,Normal
2025-08-27,MED001,24,Normal
2025-08-28,MED001,27,Normal
2025-08-29,MED001,31,Normal
2025-08-30,MED001,34,Normal
2025-08-31,MED001,34,Normal
2025-09-01,MED001,27,Normal
2025-09-02,MED001,38,Normal
2025-09-03,MED001,41,Normal
2025-09-04,MED001,38,Normal
2025-09-05,MED001,40,Normal
2025-09-06,MED001,34,Normal
2025-09-07,MED001,24,Normal
2025-09-08,MED001,39,Normal
2025-09-09,MED001,31,Normal
2025-09-10,MED001,32,Normal
2025-09-11,MED001,40,Normal
2025-09-12,MED001,31,Normal
2025-09-13,MED001,22,Normal
2025-09-14,MED001,26,Normal
2025-09-15,MED001,34,Normal
2025-09-16,MED001,26,Normal
2025-09-17,MED001,31,Normal
2025-09-18,MED001,28,Normal
2025-09-19,MED001,26,Normal
2025-09-20,MED001,28,Normal
2025-09-21,MED001,31,Normal
2025-09-22,MED001,37,Normal
2025-09-23,MED001,42,Normal
2025-09-24,MED001,24,Normal
2025-09-25,MED001,42,Normal
2025-09-26,MED001,24,Normal
2025-09-27,MED001,28,Normal
2025-09-28,MED001,31,Normal
2025-09-29,MED001,41,Normal
2025-09-30,MED001,31,Normal
2025-10-01,MED001,32,Normal
2025-10-02,MED001,24,Normal
2025-10-03,MED001,36,Normal
2025-10-04,MED001,32,Normal
2025-10-05,MED001,36,Normal
2025-10-06,MED001,36,Normal
2025-10-07,MED001,24,Normal
2025-10-08,MED001,37,Normal
2025-10-09,MED001,38,Normal
2025-10-10,MED001,32,Normal
2025-10-11,MED001,25,Normal
2025-10-12,MED001,28,Normal
2025-10-13,MED001,36,Normal
2025-10-14,MED001,37,Normal
2025-10-15,MED001,26,Normal
2025-10-16,MED001,41,Normal
2025-10-17,MED001,35,Normal
2025-10-18,MED001,22,Normal
2025-10-19,MED001,51,Normal
2025-10-20,MED001,24,Normal
2025-10-21,MED001,30,Normal
2025-10-22,MED001,43,Normal
2025-10-23,MED001,28,Normal
2025-10-24,MED001,27,Normal
2025-10-25,MED001,25,Normal
2025-10-26,MED001,27,Normal
2025-10-27,MED001,29,Normal
2025-10-28,MED001,27,Normal
2025-10-29,MED001,29,Normal
2025-10-30,MED001,27,Normal
2025-10-31,MED001,33,Normal
2025-11-01,MED001,30,Normal
2025-11-02,MED001,25,Normal
2025-11-03,MED001,44,Normal
2025-11-04,MED001,33,Normal
2025-11-05,MED001,43,Normal
2025-11-06,MED001,42,Normal
2025-11-07,MED001,35,Normal
2025-11-08,MED001,29,Normal
2025-11-09,MED001,37,Normal
2025-11-10,MED001,37,Normal
2025-11-11,MED001,27,Normal
2025-11-12,MED001,35,Normal
2025-11-13,MED001,38,Normal
2025-11-14,MED001,37,Normal
2025-11-15,MED001,34,Normal
2025-11-16,MED001,27,Normal
2025-11-17,MED001,41,Normal
2025-11-18,MED001,38,Normal
2025-11-19,MED001,42,Normal
2025-11-20,MED001,31,Normal
2025-11-21,MED001,26,Normal
2025-11-22,MED001,32,Normal
2025-11-23,MED001,32,Normal
2025-11-24,MED001,36,Normal
2025-11-25,MED001,39,Normal
2025-11-26,MED001,29,Normal
2025-11-27,MED001,35,Normal
2025-11-28,MED001,34,Normal
2025-11-29,MED001,36,Normal
2025-11-30,MED001,27,Normal
2025-12-01,MED001,40,Normal
2025-12-02,MED001,26,Normal
2025-12-03,MED001,37,Normal
2025-12-04,MED001,31,Normal
2025-12-05,MED001,44,Normal
2025-12-06,MED001,32,Normal
2025-12-07,MED001,22,Normal
2025-12-08,MED001,36,Normal
2025-12-09,MED001,33,Normal
2025-12-10,MED001,35,Normal
2025-12-11,MED001,40,Normal
2025-12-12,MED001,41,Normal
2025-12-13,MED001,32,Normal
2025-12-14,MED001,27,Normal
2025-12-15,MED001,30,Normal
2025-12-16,MED001,41,Normal
2025-12-17,MED001,29,Normal
2025-12-18,MED001,39,Normal
2025-12-19,MED001,42,Normal
2025-12-20,MED001,34,Normal
2025-12-21,MED001,22,Normal
2025-12-22,MED001,33,Normal
2025-12-23,MED001,29,Normal
2025-12-24,MED001,41,Normal
2025-12-25,MED001,25,Normal
2025-12-26,MED001,41,Normal
2025-12-27,MED001,23,Normal
2025-12-28,MED001,33,Normal
2025-12-29,MED001,24,Normal
2025-12-30,MED001,39,Normal
2025-12-31,MED001,34,Normal
2025-01-01,MED002,24,Normal
2025-01-02,MED002,31,Normal
2025-01-03,MED002,18,Normal
2025-01-04,MED002,15,Normal
2025-01-05,MED002,14,Normal
2025-01-06,MED002,34,Normal
2025-01-07,MED002,18,Normal
2025-01-08,MED002,19,Normal
2025-01-09,MED002,29,Normal
2025-01-10,MED002,35,Normal
2025-01-11,MED002,27,Normal
2025-01-12,MED002,25,Normal
2025-01-13,MED002,34,Normal
2025-01-14,MED002,25,Normal
2025-01-15,MED002,17,Normal
2025-01-16,MED002,19,Normal
2025-01-17,MED002,22,Normal
2025-01-18,MED002,20,Normal
2025-01-19,MED002,17,Normal
2025-01-20,MED002,33,Normal
2025-01-21,MED002,16,Normal
2025-01-22,MED002,35,Normal
2025-01-23,MED002,17,Normal
2025-01-24,MED002,25,Normal
2025-01-25,MED002,25,Normal
2025-01-26,MED002,19,Normal
2025-01-27,MED002,36,Normal
2025-01-28,MED002,22,Normal
2025-01-29,MED002,33,Normal
2025-01-30,MED002,20,Normal
2025-01-31,MED002,20,Normal
2025-02-01,MED002,17,Normal
2025-02-02,MED002,29,Normal
2025-02-03,MED002,34,Normal
2025-02-04,MED002,30,Normal
2025-02-05,MED002,25,Normal
2025-02-06,MED002,24,Normal
2025-02-07,MED002,31,Normal
2025-02-08,MED002,40,Normal
2025-02-09,MED002,24,Normal
2025-02-10,MED002,35,Normal
2025-02-11,MED002,18,Normal
2025-02-12,MED002,34,Normal
2025-02-13,MED002,16,Normal
2025-02-14,MED002,24,Normal
2025-02-15,MED002,17,Normal
2025-02-16,MED002,30,Normal
2025-02-17,MED002,24,Normal
2025-02-18,MED002,34,Normal
2025-02-19,MED002,31,Normal
2025-02-20,MED002,31,Normal
2025-02-21,MED002,26,Normal
2025-02-22,MED002,16,Normal
2025-02-23,MED002,22,Normal
2025-02-24,MED002,31,Normal
2025-02-25,MED002,28,Normal
2025-02-26,MED002,46,Normal
2025-02-27,MED002,18,Normal
2025-02-28,MED002,26,Normal
2025-03-01,MED002,23,Normal
2025-03-02,MED002,13,Normal
2025-03-03,MED002,33,Normal
2025-03-04,MED002,17,Normal
2025-03-05,MED002,27,Normal
2025-03-06,MED002,31,Normal
2025-03-07,MED002,17,Normal
2025-03-08,MED002,28,Normal
2025-03-09,MED002,21,Normal
2025-03-10,MED002,31,Normal
2025-03-11,MED002,36,Normal
2025-03-12,MED002,23,Normal
2025-03-13,MED002,25,Normal
2025-03-14,MED002,33,Normal
2025-03-15,MED002,19,Normal
2025-03-16,MED002,16,Normal
2025-03-17,MED002,19,Normal
2025-03-18,MED002,20,Normal
2025-03-19,MED002,25,Normal
2025-03-20,MED002,24,Normal
2025-03-21,MED002,31,Normal
2025-03-22,MED002,19,Normal
2025-03-23,MED002,17,Normal
2025-03-24,MED002,35,Normal
2025-03-25,MED002,20,Normal
2025-03-26,MED002,24,Normal
2025-03-27,MED002,29,Normal
2025-03-28,MED002,32,Normal
2025-03-29,MED002,13,Normal
2025-03-30,MED002,21,Normal
2025-03-31,MED002,34,Normal
2025-04-01,MED002,31,Normal
2025-04-02,MED002,30,Normal
2025-04-03,MED002,27,Normal
2025-04-04,MED002,33,Normal
2025-04-05,MED002,22,Normal
2025-04-06,MED002,19,Normal
2025-04-07,MED002,23,Normal
2025-04-08,MED002,40,Normal
2025-04-09,MED002,31,Normal
2025-04-10,MED002,28,Normal
2025-04-11,MED002,36,Normal
2025-04-12,MED002,26,Normal
2025-04-13,MED002,17,Normal
2025-04-14,MED002,34,Normal
2025-04-15,MED002,19,Normal
2025-04-16,MED002,30,Normal
2025-04-17,MED002,42,Normal
2025-04-18,MED002,20,Normal
2025-04-19,MED002,30,Normal
2025-04-20,MED002,15,Normal
2025-04-21,MED002,24,Normal
2025-04-22,MED002,28,Normal
2025-04-23,MED002,26,Normal
2025-04-24,MED002,33,Normal
2025-04-25,MED002,26,Normal
2025-04-26,MED002,26,Normal
2025-04-27,MED002,14,Normal
2025-04-28,MED002,23,Normal
2025-04-29,MED002,25,Normal
2025-04-30,MED002,18,Normal
2025-05-01,MED002,19,Normal
2025-05-02,MED002,19,Normal
2025-05-03,MED002,21,Normal
2025-05-04,MED002,14,Normal
2025-05-05,MED002,17,Normal
2025-05-06,MED002,27,Normal
2025-05-07,MED002,23,Normal
2025-05-08,MED002,34,Normal
2025-05-09,MED002,21,Normal
2025-05-10,MED002,15,Normal
2025-05-11,MED002,23,Normal
2025-05-12,MED002,23,Normal
2025-05-13,MED002,34,Normal
2025-05-14,MED002,30,Normal
2025-05-15,MED002,30,Normal
2025-05-16,MED002,16,Normal
2025-05-17,MED002,25,Normal
2025-05-18,MED002,28,Normal
2025-05-19,MED002,30,Normal
2025-05-20,MED002,34,Normal
2025-05-21,MED002,29,Normal
2025-05-22,MED002,30,Normal
2025-05-23,MED002,22,Normal
2025-05-24,MED002,26,Normal
2025-05-25,MED002,23,Normal
2025-05-26,MED002,34,Normal
2025-05-27,MED002,35,Normal
2025-05-28,MED002,28,Normal
2025-05-29,MED002,34,Normal
2025-05-30,MED002,17,Normal
2025-05-31,MED002,26,Normal
2025-06-01,MED002,21,Normal
2025-06-02,MED002,23,Normal
2025-06-03,MED002,27,Normal
2025-06-04,MED002,22,Normal
2025-06-05,MED002,20,Normal
2025-06-06,MED002,36,Normal
2025-06-07,MED002,21,Normal
2025-06-08,MED002,14,Normal
2025-06-09,MED002,20,Normal
2025-06-10,MED002,25,Normal
2025-06-11,MED002,29,Normal
2025-06-12,MED002,20,Normal
2025-06-13,MED002,27,Normal
2025-06-14,MED002,20,Normal
2025-06-15,MED002,20,Normal
2025-06-16,MED002,31,Normal
2025-06-17,MED002,25,Normal
2025-06-18,MED002,26,Normal
2025-06-19,MED002,30,Normal
2025-06-20,MED002,20,Normal
2025-06-21,MED002,19,Normal
2025-06-22,MED002,23,Normal
2025-06-23,MED002,33,Normal
2025-06-24,MED002,39,Normal
2025-06-25,MED002,33,Normal
2025-06-26,MED002,27,Normal
2025-06-27,MED002,24,Normal
2025-06-28,MED002,30,Normal
2025-06-29,MED002,16,Normal
2025-06-30,MED002,43,Normal
2025-07-01,MED002,33,Normal
2025-07-02,MED002,35,Normal
2025-07-03,MED002,18,Normal
2025-07-04,MED002,30,Normal
2025-07-05,MED002,21,Normal
2025-07-06,MED002,16,Normal
2025-07-07,MED002,17,Normal
2025-07-08,MED002,31,Normal
2025-07-09,MED002,23,Normal
2025-07-10,MED002,20,Normal
2025-07-11,MED002,27,Normal
2025-07-12,MED002,28,Normal
2025-07-13,MED002,17,Normal
2025-07-14,MED002,36,Normal
2025-07-15,MED002,31,Normal
2025-07-16,MED002,33,Normal
2025-07-17,MED002,27,Normal
2025-07-18,MED002,30,Normal
2025-07-19,MED002,22,Normal
2025-07-20,MED002,22,Normal
2025-07-21,MED002,36,Normal
2025-07-22,MED002,28,Normal
2025-07-23,MED002,19,Normal
2025-07-24,MED002,30,Normal
2025-07-25,MED002,22,Normal
2025-07-26,MED002,29,Normal
2025-07-27,MED002,14,Normal
2025-07-28,MED002,23,Normal
2025-07-29,MED002,34,Normal
2025-07-30,MED002,33,Normal
2025-07-31,MED002,22,Normal
2025-08-01,MED002,23,Normal
2025-08-02,MED002,17,Normal
2025-08-03,MED002,40,Normal
2025-08-04,MED002,20,Normal
2025-08-05,MED002,33,Normal
2025-08-06,MED002,21,Normal
2025-08-07,MED002,16,Normal
2025-08-08,MED002,27,Normal
2025-08-09,MED002,19,Normal
2025-08-10,MED002,13,Normal
2025-08-11,MED002,17,Normal
2025-08-12,MED002,29,Normal
2025-08-13,MED002,18,Normal
2025-08-14,MED002,27,Normal
2025-08-15,MED002,19,Normal
2025-08-16,MED002,19,Normal
2025-08-17,MED002,14,Normal
2025-08-18,MED002,32,Normal
2025-08-19,MED002,36,Normal
2025-08-20,MED002,17,Normal
2025-08-21,MED002,28,Normal
2025-08-22,MED002,19,Normal
2025-08-23,MED002,25,Normal
2025-08-24,MED002,15,Normal
2025-08-25,MED002,20,Normal
2025-08-26,MED002,24,Normal
2025-08-27,MED002,34,Normal
2025-08-28,MED002,26,Normal
2025-08-29,MED002,35,Normal
2025-08-30,MED002,25,Normal
2025-08-31,MED002,24,Normal
2025-09-01,MED002,19,Normal
2025-09-02,MED002,36,Normal
2025-09-03,MED002,33,Normal
2025-09-04,MED002,22,Normal
2025-09-05,MED002,23,Normal
2025-09-06,MED002,25,Normal
2025-09-07,MED002,16,Normal
2025-09-08,MED002,26,Normal
2025-09-09,MED002,27,Normal
2025-09-10,MED002,31,Normal
2025-09-11,MED002,18,Normal
2025-09-12,MED002,19,Normal
2025-09-13,MED002,22,Normal
2025-09-14,MED002,28,Normal
2025-09-15,MED002,33,Normal
2025-09-16,MED002,19,Normal
2025-09-17,MED002,29,Normal
2025-09-18,MED002,17,Normal
2025-09-19,MED002,35,Normal
2025-09-20,MED002,16,Normal
2025-09-21,MED002,18,Normal
2025-09-22,MED002,31,Normal
2025-09-23,MED002,19,Normal
2025-09-24,MED002,33,Normal
2025-09-25,MED002,24,Normal
2025-09-26,MED002,29,Normal
2025-09-27,MED002,29,Normal
2025-09-28,MED002,30,Normal
2025-09-29,MED002,35,Normal
2025-09-30,MED002,33,Normal
2025-10-01,MED002,24,Normal
2025-10-02,MED002,25,Normal
2025-10-03,MED002,37,Normal
2025-10-04,MED002,17,Normal
2025-10-05,MED002,23,Normal
2025-10-06,MED002,36,Normal
2025-10-07,MED002,18,Normal
2025-10-08,MED002,22,Normal
2025-10-09,MED002,30,Normal
2025-10-10,MED002,27,Normal
2025-10-11,MED002,22,Normal
2025-10-12,MED002,28,Normal
2025-10-13,MED002,17,Normal
2025-10-14,MED002,49,Normal
2025-10-15,MED002,18,Normal
2025-10-16,MED002,29,Normal
2025-10-17,MED002,30,Normal
2025-10-18,MED002,18,Normal
2025-10-19,MED002,16,Normal
2025-10-20,MED002,19,Normal
2025-10-21,MED002,34,Normal
2025-10-22,MED002,35,Normal
2025-10-23,MED002,28,Normal
2025-10-24,MED002,23,Normal
2025-10-25,MED002,21,Normal
2025-10-26,MED002,17,Normal
2025-10-27,MED002,25,Normal
2025-10-28,MED002,16,Normal
2025-10-29,MED002,29,Normal
2025-10-30,MED002,28,Normal
2025-10-31,MED002,23,Normal
2025-11-01,MED002,22,Normal
2025-11-02,MED002,14,Normal
2025-11-03,MED002,30,Normal
2025-11-04,MED002,26,Normal
2025-11-05,MED002,34,Normal
2025-11-06,MED002,36,Normal
2025-11-07,MED002,19,Normal
2025-11-08,MED002,22,Normal
2025-11-09,MED002,29,Normal
2025-11-10,MED002,27,Normal
2025-11-11,MED002,19,Normal
2025-11-12,MED002,34,Normal
2025-11-13,MED002,18,Normal
2025-11-14,MED002,25,Normal
2025-11-15,MED002,19,Normal
2025-11-16,MED002,17,Normal
2025-11-17,MED002,36,Normal
2025-11-18,MED002,32,Normal
2025-11-19,MED002,27,Normal
2025-11-20,MED002,36,Normal
2025-11-21,MED002,23,Normal
2025-11-22,MED002,20,Normal
2025-11-23,MED002,29,Normal
2025-11-24,MED002,36,Normal
2025-11-25,MED002,36,Normal
2025-11-26,MED002,34,Normal
2025-11-27,MED002,30,Normal
2025-11-28,MED002,34,Normal
2025-11-29,MED002,29,Normal
2025-11-30,MED002,30,Normal
2025-12-01,MED002,30,Normal
2025-12-02,MED002,30,Normal
2025-12-03,MED002,24,Normal
2025-12-04,MED002,27,Normal
2025-12-05,MED002,25,Normal
2025-12-06,MED002,14,Normal
2025-12-07,MED002,21,Normal
2025-12-08,MED002,18,Normal
2025-12-09,MED002,32,Normal
2025-12-10,MED002,34,Normal
2025-12-11,MED002,17,Normal
2025-12-12,MED002,34,Normal
2025-12-13,MED002,22,Normal
2025-12-14,MED002,27,Normal
2025-12-15,MED002,17,Normal
2025-12-16,MED002,26,Normal
2025-12-17,MED002,18,Normal
2025-12-18,MED002,29,Normal
2025-12-19,MED002,30,Normal
2025-12-20,MED002,27,Normal
2025-12-21,MED002,17,Normal
2025-12-22,MED002,25,Normal
2025-12-23,MED002,26,Normal
2025-12-24,MED002,17,Normal
2025-12-25,MED002,36,Normal
2025-12-26,MED002,26,Normal
2025-12-27,MED002,23,Normal
2025-12-28,MED002,29,Normal
2025-12-29,MED002,26,Normal
2025-12-30,MED002,20,Normal
2025-12-31,MED002,25,Normal
2025-01-01,MED003,64,Normal
2025-01-02,MED003,62,Normal
2025-01-03,MED003,72,Normal
2025-01-04,MED003,59,Normal
2025-01-05,MED003,64,Normal
2025-01-06,MED003,73,Normal
2025-01-07,MED003,60,Normal
2025-01-08,MED003,65,Normal
2025-01-09,MED003,70,Normal
2025-01-10,MED003,75,Normal
2025-01-11,MED003,54,Normal
2025-01-12,MED003,58,Normal
2025-01-13,MED003,63,Normal
2025-01-14,MED003,77,Normal
2025-01-15,MED003,106,Normal
2025-01-16,MED003,70,Normal
2025-01-17,MED003,79,Normal
2025-01-18,MED003,61,Normal
2025-01-19,MED003,55,Normal
2025-01-20,MED003,79,Normal
2025-01-21,MED003,65,Normal
2025-01-22,MED003,61,Normal
2025-01-23,MED003,67,Normal
2025-01-24,MED003,79,Normal
2025-01-25,MED003,62,Normal
2025-01-26,MED003,56,Normal
2025-01-27,MED003,75,Normal
2025-01-28,MED003,66,Normal
2025-01-29,MED003,78,Normal
2025-01-30,MED003,74,Normal
2025-01-31,MED003,72,Normal
2025-02-01,MED003,62,Normal
2025-02-02,MED003,56,Normal
2025-02-03,MED003,64,Normal
2025-02-04,MED003,61,Normal
2025-02-05,MED003,71,Normal
2025-02-06,MED003,63,Normal
2025-02-07,MED003,76,Normal
2025-02-08,MED003,58,Normal
2025-02-09,MED003,55,Normal
2025-02-10,MED003,76,Normal
2025-02-11,MED003,73,Normal
2025-02-12,MED003,67,Normal
2025-02-13,MED003,71,Normal
2025-02-14,MED003,73,Normal
2025-02-15,MED003,64,Normal
2025-02-16,MED003,61,Normal
2025-02-17,MED003,71,Normal
2025-02-18,MED003,70,Normal
2025-02-19,MED003,80,Normal
2025-02-20,MED003,64,Normal
2025-02-21,MED003,69,Normal
2025-02-22,MED003,63,Normal
2025-02-23,MED003,54,Normal
2025-02-24,MED003,75,Normal
2025-02-25,MED003,60,Normal
2025-02-26,MED003,60,Normal
2025-02-27,MED003,64,Normal
2025-02-28,MED003,79,Normal
2025-03-01,MED003,53,Normal
2025-03-02,MED003,56,Normal
2025-03-03,MED003,61,Normal
2025-03-04,MED003,80,Normal
2025-03-05,MED003,74,Normal
2025-03-06,MED003,75,Normal
2025-03-07,MED003,60,Normal
2025-03-08,MED003,66,Normal
2025-03-09,MED003,54,Normal
2025-03-10,MED003,60,Normal
2025-03-11,MED003,67,Normal
2025-03-12,MED003,65,Normal
2025-03-13,MED003,62,Normal
2025-03-14,MED003,71,Normal
2025-03-15,MED003,64,Normal
2025-03-16,MED003,64,Normal
2025-03-17,MED003,72,Normal
2025-03-18,MED003,61,Normal
2025-03-19,MED003,71,Normal
2025-03-20,MED003,60,Normal
2025-03-21,MED003,62,Normal
2025-03-22,MED003,68,Normal
2025-03-23,MED003,66,Normal
2025-03-24,MED003,70,Normal
2025-03-25,MED003,71,Normal
2025-03-26,MED003,80,Normal
2025-03-27,MED003,74,Normal
2025-03-28,MED003,75,Normal
2025-03-29,MED003,54,Normal
2025-03-30,MED003,86,Normal
2025-03-31,MED003,92,Normal
2025-04-01,MED003,66,Normal
2025-04-02,MED003,70,Normal
2025-04-03,MED003,76,Normal
2025-04-04,MED003,77,Normal
2025-04-05,MED003,51,Normal
2025-04-06,MED003,56,Normal
2025-04-07,MED003,61,Normal
2025-04-08,MED003,70,Normal
2025-04-09,MED003,71,Normal
2025-04-10,MED003,72,Normal
2025-04-11,MED003,72,Normal
2025-04-12,MED003,55,Normal
2025-04-13,MED003,63,Normal
2025-04-14,MED003,76,Normal
2025-04-15,MED003,62,Normal
2025-04-16,MED003,62,Normal
2025-04-17,MED003,65,Normal
2025-04-18,MED003,70,Normal
2025-04-19,MED003,59,Normal
2025-04-20,MED003,58,Normal
2025-04-21,MED003,73,Normal
2025-04-22,MED003,74,Normal
2025-04-23,MED003,61,Normal
2025-04-24,MED003,71,Normal
2025-04-25,MED003,73,Normal
2025-04-26,MED003,51,Normal
2025-04-27,MED003,68,Normal
2025-04-28,MED003,76,Normal
2025-04-29,MED003,65,Normal
2025-04-30,MED003,64,Normal
2025-05-01,MED003,103,Normal
2025-05-02,MED003,62,Normal
2025-05-03,MED003,68,Normal
2025-05-04,MED003,61,Normal
2025-05-05,MED003,61,Normal
2025-05-06,MED003,74,Normal
2025-05-07,MED003,71,Normal
2025-05-08,MED003,62,Normal
2025-05-09,MED003,76,Normal
2025-05-10,MED003,59,Normal
2025-05-11,MED003,56,Normal
2025-05-12,MED003,60,Normal
2025-05-13,MED003,75,Normal
2025-05-14,MED003,77,Normal
2025-05-15,MED003,68,Normal
2025-05-16,MED003,66,Normal
2025-05-17,MED003,58,Normal
2025-05-18,MED003,63,Normal
2025-05-19,MED003,64,Normal
2025-05-20,MED003,74,Normal
2025-05-21,MED003,74,Normal
2025-05-22,MED003,70,Normal
2025-05-23,MED003,62,Normal
2025-05-24,MED003,58,Normal
2025-05-25,MED003,55,Normal
2025-05-26,MED003,80,Normal
2025-05-27,MED003,71,Normal
2025-05-28,MED003,63,Normal
2025-05-29,MED003,64,Normal
2025-05-30,MED003,105,Normal
2025-05-31,MED003,65,Normal
2025-06-01,MED003,62,Normal
2025-06-02,MED003,77,Normal
2025-06-03,MED003,62,Normal
2025-06-04,MED003,72,Normal
2025-06-05,MED003,75,Normal
2025-06-06,MED003,73,Normal
2025-06-07,MED003,52,Normal
2025-06-08,MED003,59,Normal
2025-06-09,MED003,74,Normal
2025-06-10,MED003,76,Normal
2025-06-11,MED003,77,Normal
2025-06-12,MED003,65,Normal
2025-06-13,MED003,64,Normal
2025-06-14,MED003,51,Normal
2025-06-15,MED003,64,Normal
2025-06-16,MED003,65,Normal
2025-06-17,MED003,67,Normal
2025-06-18,MED003,76,Normal
2025-06-19,MED003,62,Normal
2025-06-20,MED003,80,Normal
2025-06-21,MED003,57,Normal
2025-06-22,MED003,58,Normal
2025-06-23,MED003,62,Normal
2025-06-24,MED003,65,Normal
2025-06-25,MED003,78,Normal
2025-06-26,MED003,79,Normal
2025-06-27,MED003,79,Normal
2025-06-28,MED003,92,Normal
2025-06-29,MED003,51,Normal
2025-06-30,MED003,80,Normal
2025-07-01,MED003,68,Normal
2025-07-02,MED003,78,Normal
2025-07-03,MED003,112,Normal
2025-07-04,MED003,80,Normal
2025-07-05,MED003,68,Normal
2025-07-06,MED003,63,Normal
2025-07-07,MED003,72,Normal
2025-07-08,MED003,62,Normal
2025-07-09,MED003,65,Normal
2025-07-10,MED003,75,Normal
2025-07-11,MED003,70,Normal
2025-07-12,MED003,59,Normal
2025-07-13,MED003,59,Normal
2025-07-14,MED003,71,Normal
2025-07-15,MED003,64,Normal
2025-07-16,MED003,76,Normal
2025-07-17,MED003,70,Normal
2025-07-18,MED003,63,Normal
2025-07-19,MED003,56,Normal
2025-07-20,MED003,51,Normal
2025-07-21,MED003,72,Normal
2025-07-22,MED003,73,Normal
2025-07-23,MED003,65,Normal
2025-07-24,MED003,78,Normal
2025-07-25,MED003,66,Normal
2025-07-26,MED003,63,Normal
2025-07-27,MED003,62,Normal
2025-07-28,MED003,69,Normal
2025-07-29,MED003,62,Normal
2025-07-30,MED003,76,Normal
2025-07-31,MED003,67,Normal
2025-08-01,MED003,99,Normal
2025-08-02,MED003,58,Normal
2025-08-03,MED003,68,Normal
2025-08-04,MED003,69,Normal
2025-08-05,MED003,63,Normal
2025-08-06,MED003,68,Normal
2025-08-07,MED003,72,Normal
2025-08-08,MED003,72,Normal
2025-08-09,MED003,65,Normal
2025-08-10,MED003,65,Normal
2025-08-11,MED003,72,Normal
2025-08-12,MED003,77,Normal
2025-08-13,MED003,79,Normal
2025-08-14,MED003,63,Normal
2025-08-15,MED003,63,Normal
2025-08-16,MED003,59,Normal
2025-08-17,MED003,60,Normal
2025-08-18,MED003,66,Normal
2025-08-19,MED003,72,Normal
2025-08-20,MED003,85,Normal
2025-08-21,MED003,70,Normal
2025-08-22,MED003,76,Normal
2025-08-23,MED003,67,Normal
2025-08-24,MED003,54,Normal
2025-08-25,MED003,79,Normal
2025-08-26,MED003,72,Normal
2025-08-27,MED003,69,Normal
2025-08-28,MED003,76,Normal
2025-08-29,MED003,77,Normal
2025-08-30,MED003,66,Normal
2025-08-31,MED003,51,Normal
2025-09-01,MED003,63,Normal
2025-09-02,MED003,78,Normal
2025-09-03,MED003,112,Normal
2025-09-04,MED003,75,Normal
2025-09-05,MED003,80,Normal
2025-09-06,MED003,66,Normal
2025-09-07,MED003,51,Normal
2025-09-08,MED003,65,Normal
2025-09-09,MED003,79,Normal
2025-09-10,MED003,72,Normal
2025-09-11,MED003,93,Normal
2025-09-12,MED003,63,Normal
2025-09-13,MED003,62,Normal
2025-09-14,MED003,54,Normal
2025-09-15,MED003,66,Normal
2025-09-16,MED003,79,Normal
2025-09-17,MED003,61,Normal
2025-09-18,MED003,76,Normal
2025-09-19,MED003,70,Normal
2025-09-20,MED003,63,Normal
2025-09-21,MED003,59,Normal
2025-09-22,MED003,74,Normal
2025-09-23,MED003,70,Normal
2025-09-24,MED003,80,Normal
2025-09-25,MED003,68,Normal
2025-09-26,MED003,66,Normal
2025-09-27,MED003,57,Normal
2025-09-28,MED003,56,Normal
2025-09-29,MED003,69,Normal
2025-09-30,MED003,66,Normal
2025-10-01,MED003,75,Normal
2025-10-02,MED003,71,Normal
2025-10-03,MED003,68,Normal
2025-10-04,MED003,66,Normal
2025-10-05,MED003,61,Normal
2025-10-06,MED003,72,Normal
2025-10-07,MED003,64,Normal
2025-10-08,MED003,69,Normal
2025-10-09,MED003,62,Normal
2025-10-10,MED003,74,Normal
2025-10-11,MED003,63,Normal
2025-10-12,MED003,65,Normal
2025-10-13,MED003,77,Normal
2025-10-14,MED003,64,Normal
2025-10-15,MED003,78,Normal
2025-10-16,MED003,61,Normal
2025-10-17,MED003,76,Normal
2025-10-18,MED003,56,Normal
2025-10-19,MED003,62,Normal
2025-10-20,MED003,75,Normal
2025-10-21,MED003,89,Normal
2025-10-22,MED003,77,Normal
2025-10-23,MED003,65,Normal
2025-10-24,MED003,75,Normal
2025-10-25,MED003,56,Normal
2025-10-26,MED003,58,Normal
2025-10-27,MED003,80,Normal
2025-10-28,MED003,62,Normal
2025-10-29,MED003,67,Normal
2025-10-30,MED003,61,Normal
2025-10-31,MED003,65,Normal
2025-11-01,MED003,55,Normal
2025-11-02,MED003,51,Normal
2025-11-03,MED003,72,Normal
2025-11-04,MED003,65,Normal
2025-11-05,MED003,69,Normal
2025-11-06,MED003,60,Normal
2025-11-07,MED003,79,Normal
2025-11-08,MED003,59,Normal
2025-11-09,MED003,68,Normal
2025-11-10,MED003,75,Normal
2025-11-11,MED003,64,Normal
2025-11-12,MED003,74,Normal
2025-11-13,MED003,63,Normal
2025-11-14,MED003,74,Normal
2025-11-15,MED003,77,Normal
2025-11-16,MED003,59,Normal
2025-11-17,MED003,78,Normal
2025-11-18,MED003,66,Normal
2025-11-19,MED003,80,Normal
2025-11-20,MED003,73,Normal
2025-11-21,MED003,62,Normal
2025-11-22,MED003,53,Normal
2025-11-23,MED003,54,Normal
2025-11-24,MED003,93,Normal
2025-11-25,MED003,72,Normal
2025-11-26,MED003,68,Normal
2025-11-27,MED003,69,Normal
2025-11-28,MED003,109,Normal
2025-11-29,MED003,68,Normal
2025-11-30,MED003,56,Normal
2025-12-01,MED003,63,Normal
2025-12-02,MED003,65,Normal
2025-12-03,MED003,76,Normal
2025-12-04,MED003,69,Normal
2025-12-05,MED003,80,Normal
2025-12-06,MED003,58,Normal
2025-12-07,MED003,56,Normal
2025-12-08,MED003,64,Normal
2025-12-09,MED003,74,Normal
2025-12-10,MED003,79,Normal
2025-12-11,MED003,77,Normal
2025-12-12,MED003,77,Normal
2025-12-13,MED003,56,Normal
2025-12-14,MED003,67,Normal
2025-12-15,MED003,62,Normal
2025-12-16,MED003,76,Normal
2025-12-17,MED003,62,Normal
2025-12-18,MED003,63,Normal
2025-12-19,MED003,77,Normal
2025-12-20,MED003,56,Normal
2025-12-21,MED003,54,Normal
2025-12-22,MED003,76,Normal
2025-12-23,MED003,66,Normal
2025-12-24,MED003,75,Normal
2025-12-25,MED003,76,Normal
2025-12-26,MED003,61,Normal
2025-12-27,MED003,64,Normal
2025-12-28,MED003,66,Normal
2025-12-29,MED003,74,Normal
2025-12-30,MED003,69,Normal
2025-12-31,MED003,72,Normal
2025-01-01,MED004,16,Normal
2025-01-02,MED004,11,Normal
2025-01-03,MED004,12,Normal
2025-01-04,MED004,9,Normal
2025-01-05,MED004,10,Normal
2025-01-06,MED004,35,Normal
2025-01-07,MED004,23,Normal
2025-01-08,MED004,14,Normal
2025-01-09,MED004,30,Normal
2025-01-10,MED004,21,Normal
2025-01-11,MED004,18,Normal
2025-01-12,MED004,18,Normal
2025-01-13,MED004,27,Normal
2025-01-14,MED004,21,Normal
2025-01-15,MED004,27,Normal
2025-01-16,MED004,14,Normal
2025-01-17,MED004,17,Normal
2025-01-18,MED004,8,Normal
2025-01-19,MED004,20,Normal
2025-01-20,MED004,27,Normal
2025-01-21,MED004,22,Normal
2025-01-22,MED004,17,Normal
2025-01-23,MED004,14,Normal
2025-01-24,MED004,18,Normal
2025-01-25,MED004,19,Normal
2025-01-26,MED004,8,Normal
2025-01-27,MED004,12,Normal
2025-01-28,MED004,11,Normal
2025-01-29,MED004,11,Normal
2025-01-30,MED004,11,Normal
2025-01-31,MED004,17,Normal
2025-02-01,MED004,9,Normal
2025-02-02,MED004,16,Normal
2025-02-03,MED004,28,Normal
2025-02-04,MED004,29,Normal
2025-02-05,MED004,20,Normal
2025-02-06,MED004,14,Normal
2025-02-07,MED004,26,Normal
2025-02-08,MED004,16,Normal
2025-02-09,MED004,22,Normal
2025-02-10,MED004,15,Normal
2025-02-11,MED004,23,Normal
2025-02-12,MED004,11,Normal
2025-02-13,MED004,30,Normal
2025-02-14,MED004,26,Normal
2025-02-15,MED004,19,Normal
2025-02-16,MED004,16,Normal
2025-02-17,MED004,27,Normal
2025-02-18,MED004,17,Normal
2025-02-19,MED004,14,Normal
2025-02-20,MED004,11,Normal
2025-02-21,MED004,23,Normal
2025-02-22,MED004,11,Normal
2025-02-23,MED004,15,Normal
2025-02-24,MED004,30,Normal
2025-02-25,MED004,24,Normal
2025-02-26,MED004,12,Normal
2025-02-27,MED004,16,Normal
2025-02-28,MED004,22,Normal
2025-03-01,MED004,33,Normal
2025-03-02,MED004,10,Normal
2025-03-03,MED004,28,Normal
2025-03-04,MED004,27,Normal
2025-03-05,MED004,16,Normal
2025-03-06,MED004,20,Normal
2025-03-07,MED004,10,Normal
2025-03-08,MED004,13,Normal
2025-03-09,MED004,11,Normal
2025-03-10,MED004,25,Normal
2025-03-11,MED004,29,Normal
2025-03-12,MED004,22,Normal
2025-03-13,MED004,27,Normal
2025-03-14,MED004,19,Normal
2025-03-15,MED004,22,Normal
2025-03-16,MED004,16,Normal
2025-03-17,MED004,26,Normal
2025-03-18,MED004,24,Normal
2025-03-19,MED004,25,Normal
2025-03-20,MED004,20,Normal
2025-03-21,MED004,21,Normal
2025-03-22,MED004,9,Normal
2025-03-23,MED004,14,Normal
2025-03-24,MED004,10,Normal
2025-03-25,MED004,28,Normal
2025-03-26,MED004,23,Normal
2025-03-27,MED004,16,Normal
2025-03-28,MED004,22,Normal
2025-03-29,MED004,14,Normal
2025-03-30,MED004,25,Normal
2025-03-31,MED004,20,Normal
2025-04-01,MED004,25,Normal
2025-04-02,MED004,30,Normal
2025-04-03,MED004,24,Normal
2025-04-04,MED004,21,Normal
2025-04-05,MED004,22,Normal
2025-04-06,MED004,22,Normal
2025-04-07,MED004,11,Normal
2025-04-08,MED004,12,Normal
2025-04-09,MED004,11,Normal
2025-04-10,MED004,23,Normal
2025-04-11,MED004,30,Normal
2025-04-12,MED004,15,Normal
2025-04-13,MED004,22,Normal
2025-04-14,MED004,11,Normal
2025-04-15,MED004,29,Normal
2025-04-16,MED004,35,Normal
2025-04-17,MED004,27,Normal
2025-04-18,MED004,14,Normal
2025-04-19,MED004,15,Normal
2025-04-20,MED004,22,Normal
2025-04-21,MED004,23,Normal
2025-04-22,MED004,15,Normal
2025-04-23,MED004,13,Normal
2025-04-24,MED004,17,Normal
2025-04-25,MED004,26,Normal
2025-04-26,MED004,17,Normal
2025-04-27,MED004,18,Normal
2025-04-28,MED004,22,Normal
2025-04-29,MED004,17,Normal
2025-04-30,MED004,17,Normal
2025-05-01,MED004,12,Normal
2025-05-02,MED004,30,Normal
2025-05-03,MED004,10,Normal
2025-05-04,MED004,18,Normal
2025-05-05,MED004,11,Normal
2025-05-06,MED004,15,Normal
2025-05-07,MED004,23,Normal
2025-05-08,MED004,20,Normal
2025-05-09,MED004,13,Normal
2025-05-10,MED004,9,Normal
2025-05-11,MED004,23,Normal
2025-05-12,MED004,11,Normal
2025-05-13,MED004,18,Normal
2025-05-14,MED004,28,Normal
2025-05-15,MED004,15,Normal
2025-05-16,MED004,28,Normal
2025-05-17,MED004,13,Normal
2025-05-18,MED004,18,Normal
2025-05-19,MED004,19,Normal
2025-05-20,MED004,17,Normal
2025-05-21,MED004,22,Normal
2025-05-22,MED004,27,Normal
2025-05-23,MED004,14,Normal
2025-05-24,MED004,10,Normal
2025-05-25,MED004,17,Normal
2025-05-26,MED004,23,Normal
2025-05-27,MED004,12,Normal
2025-05-28,MED004,29,Normal
2025-05-29,MED004,22,Normal
2025-05-30,MED004,28,Normal
2025-05-31,MED004,15,Normal
2025-06-01,MED004,20,Normal
2025-06-02,MED004,21,Normal
2025-06-03,MED004,22,Normal
2025-06-04,MED004,28,Normal
2025-06-05,MED004,12,Normal
2025-06-06,MED004,19,Normal
2025-06-07,MED004,10,Normal
2025-06-08,MED004,11,Normal
2025-06-09,MED004,30,Normal
2025-06-10,MED004,22,Normal
2025-06-11,MED004,13,Normal
2025-06-12,MED004,19,Normal
2025-06-13,MED004,18,Normal
2025-06-14,MED004,10,Normal
2025-06-15,MED004,20,Normal
2025-06-16,MED004,26,Normal
2025-06-17,MED004,10,Normal
2025-06-18,MED004,27,Normal
2025-06-19,MED004,29,Normal
2025-06-20,MED004,30,Normal
2025-06-21,MED004,19,Normal
2025-06-22,MED004,10,Normal
2025-06-23,MED004,27,Normal
2025-06-24,MED004,17,Normal
2025-06-25,MED004,15,Normal
2025-06-26,MED004,15,Normal
2025-06-27,MED004,19,Normal
2025-06-28,MED004,11,Normal
2025-06-29,MED004,19,Normal
2025-06-30,MED004,19,Normal
2025-07-01,MED004,12,Normal
2025-07-02,MED004,17,Normal
2025-07-03,MED004,25,Normal
2025-07-04,MED004,16,Normal
2025-07-05,MED004,11,Normal
2025-07-06,MED004,18,Normal
2025-07-07,MED004,29,Normal
2025-07-08,MED004,20,Normal
2025-07-09,MED004,23,Normal
2025-07-10,MED004,30,Normal
2025-07-11,MED004,14,Normal
2025-07-12,MED004,24,Normal
2025-07-13,MED004,13,Normal
2025-07-14,MED004,15,Normal
2025-07-15,MED004,20,Normal
2025-07-16,MED004,30,Normal
2025-07-17,MED004,28,Normal
2025-07-18,MED004,20,Normal
2025-07-19,MED004,18,Normal
2025-07-20,MED004,23,Normal
2025-07-21,MED004,27,Normal
2025-07-22,MED004,37,Normal
2025-07-23,MED004,24,Normal
2025-07-24,MED004,16,Normal
2025-07-25,MED004,19,Normal
2025-07-26,MED004,10,Normal
2025-07-27,MED004,19,Normal
2025-07-28,MED004,14,Normal
2025-07-29,MED004,17,Normal
2025-07-30,MED004,14,Normal
2025-07-31,MED004,22,Normal
2025-08-01,MED004,29,Normal
2025-08-02,MED004,18,Normal
2025-08-03,MED004,19,Normal
2025-08-04,MED004,21,Normal
2025-08-05,MED004,27,Normal
2025-08-06,MED004,12,Normal
2025-08-07,MED004,17,Normal
2025-08-08,MED004,21,Normal
2025-08-09,MED004,33,Normal
2025-08-10,MED004,25,Normal
2025-08-11,MED004,22,Normal
2025-08-12,MED004,20,Normal
2025-08-13,MED004,23,Normal
2025-08-14,MED004,13,Normal
2025-08-15,MED004,26,Normal
2025-08-16,MED004,22,Normal
2025-08-17,MED004,23,Normal
2025-08-18,MED004,21,Normal
2025-08-19,MED004,28,Normal
2025-08-20,MED004,14,Normal
2025-08-21,MED004,10,Normal
2025-08-22,MED004,19,Normal
2025-08-23,MED004,10,Normal
2025-08-24,MED004,11,Normal
2025-08-25,MED004,20,Normal
2025-08-26,MED004,16,Normal
2025-08-27,MED004,21,Normal
2025-08-28,MED004,24,Normal
2025-08-29,MED004,24,Normal
2025-08-30,MED004,22,Normal
2025-08-31,MED004,15,Normal
2025-09-01,MED004,20,Normal
2025-09-02,MED004,15,Normal
2025-09-03,MED004,17,Normal
2025-09-04,MED004,27,Normal
2025-09-05,MED004,27,Normal
2025-09-06,MED004,20,Normal
2025-09-07,MED004,18,Normal
2025-09-08,MED004,15,Normal
2025-09-09,MED004,23,Normal
2025-09-10,MED004,29,Normal
2025-09-11,MED004,24,Normal
2025-09-12,MED004,30,Normal
2025-09-13,MED004,13,Normal
2025-09-14,MED004,10,Normal
2025-09-15,MED004,27,Normal
2025-09-16,MED004,20,Normal
2025-09-17,MED004,13,Normal
2025-09-18,MED004,25,Normal
2025-09-19,MED004,30,Normal
2025-09-20,MED004,18,Normal
2025-09-21,MED004,23,Normal
2025-09-22,MED004,21,Normal
2025-09-23,MED004,29,Normal
2025-09-24,MED004,19,Normal
2025-09-25,MED004,28,Normal
2025-09-26,MED004,14,Normal
2025-09-27,MED004,14,Normal
2025-09-28,MED004,12,Normal
2025-09-29,MED004,14,Normal
2025-09-30,MED004,23,Normal
2025-10-01,MED004,28,Normal
2025-10-02,MED004,15,Normal
2025-10-03,MED004,27,Normal
2025-10-04,MED004,25,Normal
2025-10-05,MED004,12,Normal
2025-10-06,MED004,25,Normal
2025-10-07,MED004,15,Normal
2025-10-08,MED004,24,Normal
2025-10-09,MED004,21,Normal
2025-10-10,MED004,25,Normal
2025-10-11,MED004,18,Normal
2025-10-12,MED004,22,Normal
2025-10-13,MED004,23,Normal
2025-10-14,MED004,23,Normal
2025-10-15,MED004,24,Normal
2025-10-16,MED004,12,Normal
2025-10-17,MED004,17,Normal
2025-10-18,MED004,15,Normal
2025-10-19,MED004,16,Normal
2025-10-20,MED004,24,Normal
2025-10-21,MED004,25,Normal
2025-10-22,MED004,13,Normal
2025-10-23,MED004,18,Normal
2025-10-24,MED004,21,Normal
2025-10-25,MED004,9,Normal
2025-10-26,MED004,20,Normal
2025-10-27,MED004,23,Normal
2025-10-28,MED004,30,Normal
2025-10-29,MED004,19,Normal
2025-10-30,MED004,11,Normal
2025-10-31,MED004,21,Normal
2025-11-01,MED004,10,Normal
2025-11-02,MED004,11,Normal
2025-11-03,MED004,17,Normal
2025-11-04,MED004,28,Normal
2025-11-05,MED004,29,Normal
2025-11-06,MED004,15,Normal
2025-11-07,MED004,16,Normal
2025-11-08,MED004,9,Normal
2025-11-09,MED004,22,Normal
2025-11-10,MED004,27,Normal
2025-11-11,MED004,19,Normal
2025-11-12,MED004,18,Normal
2025-11-13,MED004,26,Normal
2025-11-14,MED004,13,Normal
2025-11-15,MED004,19,Normal
2025-11-16,MED004,15,Normal
2025-11-17,MED004,14,Normal
2025-11-18,MED004,14,Normal
2025-11-19,MED004,20,Normal
2025-11-20,MED004,22,Normal
2025-11-21,MED004,28,Normal
2025-11-22,MED004,25,Normal
2025-11-23,MED004,20,Normal
2025-11-24,MED004,12,Normal
2025-11-25,MED004,18,Normal
2025-11-26,MED004,21,Normal
2025-11-27,MED004,25,Normal
2025-11-28,MED004,10,Normal
2025-11-29,MED004,10,Normal
2025-11-30,MED004,20,Normal
2025-12-01,MED004,21,Normal
2025-12-02,MED004,27,Normal
2025-12-03,MED004,23,Normal
2025-12-04,MED004,25,Normal
2025-12-05,MED004,19,Normal
2025-12-06,MED004,23,Normal
2025-12-07,MED004,21,Normal
2025-12-08,MED004,15,Normal
2025-12-09,MED004,30,Normal
2025-12-10,MED004,33,Normal
2025-12-11,MED004,15,Normal
2025-12-12,MED004,10,Normal
2025-12-13,MED004,19,Normal
2025-12-14,MED004,11,Normal
2025-12-15,MED004,19,Normal
2025-12-16,MED004,18,Normal
2025-12-17,MED004,21,Normal
2025-12-18,MED004,21,Normal
2025-12-19,MED004,30,Normal
2025-12-20,MED004,18,Normal
2025-12-21,MED004,14,Normal
2025-12-22,MED004,12,Normal
2025-12-23,MED004,10,Normal
2025-12-24,MED004,12,Normal
2025-12-25,MED004,17,Normal
2025-12-26,MED004,33,Normal
2025-12-27,MED004,17,Normal
2025-12-28,MED004,19,Normal
2025-12-29,MED004,25,Normal
2025-12-30,MED004,22,Normal
2025-12-31,MED004,13,Normal
2025-01-01,MED005,66,Normal
2025-01-02,MED005,61,Normal
2025-01-03,MED005,61,Normal
2025-01-04,MED005,88,Normal
2025-01-05,MED005,65,Normal
2025-01-06,MED005,68,Normal
2025-01-07,MED005,77,Normal
2025-01-08,MED005,70,Normal
2025-01-09,MED005,71,Normal
2025-01-10,MED005,59,Normal
2025-01-11,MED005,51,Normal
2025-01-12,MED005,63,Normal
2025-01-13,MED005,68,Normal
2025-01-14,MED005,67,Normal
2025-01-15,MED005,64,Normal
2025-01-16,MED005,59,Normal
2025-01-17,MED005,76,Normal
2025-01-18,MED005,64,Normal
2025-01-19,MED005,48,Normal
2025-01-20,MED005,66,Normal
2025-01-21,MED005,76,Normal
2025-01-22,MED005,69,Normal
2025-01-23,MED005,58,Normal
2025-01-24,MED005,64,Normal
2025-01-25,MED005,51,Normal
2025-01-26,MED005,65,Normal
2025-01-27,MED005,73,Normal
2025-01-28,MED005,57,Normal
2025-01-29,MED005,67,Normal
2025-01-30,MED005,75,Normal
2025-01-31,MED005,74,Normal
2025-02-01,MED005,61,Normal
2025-02-02,MED005,70,Normal
2025-02-03,MED005,82,Normal
2025-02-04,MED005,88,Normal
2025-02-05,MED005,58,Normal
2025-02-06,MED005,69,Normal
2025-02-07,MED005,77,Normal
2025-02-08,MED005,59,Normal
2025-02-09,MED005,58,Normal
2025-02-10,MED005,74,Normal
2025-02-11,MED005,61,Normal
2025-02-12,MED005,66,Normal
2025-02-13,MED005,63,Normal
2025-02-14,MED005,61,Normal
2025-02-15,MED005,58,Normal
2025-02-16,MED005,65,Normal
2025-02-17,MED005,59,Normal
2025-02-18,MED005,70,Normal
2025-02-19,MED005,64,Normal
2025-02-20,MED005,59,Normal
2025-02-21,MED005,60,Normal
2025-02-22,MED005,64,Normal
2025-02-23,MED005,52,Normal
2025-02-24,MED005,61,Normal
2025-02-25,MED005,62,Normal
2025-02-26,MED005,68,Normal
2025-02-27,MED005,65,Normal
2025-02-28,MED005,61,Normal
2025-03-01,MED005,55,Normal
2025-03-02,MED005,51,Normal
2025-03-03,MED005,57,Normal
2025-03-04,MED005,70,Normal
2025-03-05,MED005,59,Normal
2025-03-06,MED005,75,Normal
2025-03-07,MED005,72,Normal
2025-03-08,MED005,57,Normal
2025-03-09,MED005,63,Normal
2025-03-10,MED005,62,Normal
2025-03-11,MED005,60,Normal
2025-03-12,MED005,60,Normal
2025-03-13,MED005,102,Normal
2025-03-14,MED005,57,Normal
2025-03-15,MED005,61,Normal
2025-03-16,MED005,51,Normal
2025-03-17,MED005,58,Normal
2025-03-18,MED005,77,Normal
2025-03-19,MED005,67,Normal
2025-03-20,MED005,67,Normal
2025-03-21,MED005,59,Normal
2025-03-22,MED005,51,Normal
2025-03-23,MED005,49,Normal
2025-03-24,MED005,73,Normal
2025-03-25,MED005,69,Normal
2025-03-26,MED005,71,Normal
2025-03-27,MED005,66,Normal
2025-03-28,MED005,74,Normal
2025-03-29,MED005,57,Normal
2025-03-30,MED005,63,Normal
2025-03-31,MED005,76,Normal
2025-04-01,MED005,68,Normal
2025-04-02,MED005,72,Normal
2025-04-03,MED005,63,Normal
2025-04-04,MED005,74,Normal
2025-04-05,MED005,54,Normal
2025-04-06,MED005,82,Normal
2025-04-07,MED005,74,Normal
2025-04-08,MED005,57,Normal
2025-04-09,MED005,57,Normal
2025-04-10,MED005,69,Normal
2025-04-11,MED005,66,Normal
2025-04-12,MED005,62,Normal
2025-04-13,MED005,59,Normal
2025-04-14,MED005,58,Normal
2025-04-15,MED005,61,Normal
2025-04-16,MED005,82,Normal
2025-04-17,MED005,64,Normal
2025-04-18,MED005,73,Normal
2025-04-19,MED005,57,Normal
2025-04-20,MED005,50,Normal
2025-04-21,MED005,73,Normal
2025-04-22,MED005,69,Normal
2025-04-23,MED005,75,Normal
2025-04-24,MED005,61,Normal
2025-04-25,MED005,65,Normal
2025-04-26,MED005,58,Normal
2025-04-27,MED005,56,Normal
2025-04-28,MED005,65,Normal
2025-04-29,MED005,63,Normal
2025-04-30,MED005,75,Normal
2025-05-01,MED005,60,Normal
2025-05-02,MED005,71,Normal
2025-05-03,MED005,51,Normal
2025-05-04,MED005,53,Normal
2025-05-05,MED005,71,Normal
2025-05-06,MED005,60,Normal
2025-05-07,MED005,66,Normal
2025-05-08,MED005,106,Normal
2025-05-09,MED005,67,Normal
2025-05-10,MED005,54,Normal
2025-05-11,MED005,58,Normal
2025-05-12,MED005,66,Normal
2025-05-13,MED005,86,Normal
2025-05-14,MED005,69,Normal
2025-05-15,MED005,74,Normal
2025-05-16,MED005,64,Normal
2025-05-17,MED005,51,Normal
2025-05-18,MED005,51,Normal
2025-05-19,MED005,58,Normal
2025-05-20,MED005,64,Normal
2025-05-21,MED005,69,Normal
2025-05-22,MED005,77,Normal
2025-05-23,MED005,59,Normal
2025-05-24,MED005,55,Normal
2025-05-25,MED005,70,Normal
2025-05-26,MED005,59,Normal
2025-05-27,MED005,77,Normal
2025-05-28,MED005,61,Normal
2025-05-29,MED005,67,Normal
2025-05-30,MED005,71,Normal
2025-05-31,MED005,63,Normal
2025-06-01,MED005,58,Normal
2025-06-02,MED005,69,Normal
2025-06-03,MED005,62,Normal
2025-06-04,MED005,62,Normal
2025-06-05,MED005,71,Normal
2025-06-06,MED005,58,Normal
2025-06-07,MED005,64,Normal
2025-06-08,MED005,56,Normal
2025-06-09,MED005,74,Normal
2025-06-10,MED005,59,Normal
2025-06-11,MED005,61,Normal
2025-06-12,MED005,77,Normal
2025-06-13,MED005,73,Normal
2025-06-14,MED005,62,Normal
2025-06-15,MED005,58,Normal
2025-06-16,MED005,68,Normal
2025-06-17,MED005,72,Normal
2025-06-18,MED005,75,Normal
2025-06-19,MED005,69,Normal
2025-06-20,MED005,57,Normal
2025-06-21,MED005,75,Normal
2025-06-22,MED005,55,Normal
2025-06-23,MED005,72,Normal
2025-06-24,MED005,75,Normal
2025-06-25,MED005,62,Normal
2025-06-26,MED005,64,Normal
2025-06-27,MED005,58,Normal
2025-06-28,MED005,54,Normal
2025-06-29,MED005,58,Normal
2025-06-30,MED005,62,Normal
2025-07-01,MED005,75,Normal
2025-07-02,MED005,68,Normal
2025-07-03,MED005,57,Normal
2025-07-04,MED005,68,Normal
2025-07-05,MED005,63,Normal
2025-07-06,MED005,53,Normal
2025-07-07,MED005,72,Normal
2025-07-08,MED005,62,Normal
2025-07-09,MED005,59,Normal
2025-07-10,MED005,76,Normal
2025-07-11,MED005,73,Normal
2025-07-12,MED005,56,Normal
2025-07-13,MED005,53,Normal
2025-07-14,MED005,67,Normal
2025-07-15,MED005,67,Normal
2025-07-16,MED005,61,Normal
2025-07-17,MED005,61,Normal
2025-07-18,MED005,73,Normal
2025-07-19,MED005,50,Normal
2025-07-20,MED005,58,Normal
2025-07-21,MED005,67,Normal
2025-07-22,MED005,61,Normal
2025-07-23,MED005,70,Normal
2025-07-24,MED005,72,Normal
2025-07-25,MED005,62,Normal
2025-07-26,MED005,62,Normal
2025-07-27,MED005,64,Normal
2025-07-28,MED005,64,Normal
2025-07-29,MED005,62,Normal
2025-07-30,MED005,66,Normal
2025-07-31,MED005,57,Normal
2025-08-01,MED005,75,Normal
2025-08-02,MED005,88,Normal
2025-08-03,MED005,64,Normal
2025-08-04,MED005,76,Normal
2025-08-05,MED005,75,Normal
2025-08-06,MED005,72,Normal
2025-08-07,MED005,59,Normal
2025-08-08,MED005,67,Normal
2025-08-09,MED005,50,Normal
2025-08-10,MED005,65,Normal
2025-08-11,MED005,67,Normal
2025-08-12,MED005,65,Normal
2025-08-13,MED005,59,Normal
2025-08-14,MED005,60,Normal
2025-08-15,MED005,58,Normal
2025-08-16,MED005,59,Normal
2025-08-17,MED005,59,Normal
2025-08-18,MED005,69,Normal
2025-08-19,MED005,69,Normal
2025-08-20,MED005,72,Normal
2025-08-21,MED005,75,Normal
2025-08-22,MED005,64,Normal
2025-08-23,MED005,50,Normal
2025-08-24,MED005,49,Normal
2025-08-25,MED005,67,Normal
2025-08-26,MED005,60,Normal
2025-08-27,MED005,62,Normal
2025-08-28,MED005,62,Normal
2025-08-29,MED005,74,Normal
2025-08-30,MED005,50,Normal
2025-08-31,MED005,64,Normal
2025-09-01,MED005,57,Normal
2025-09-02,MED005,77,Normal
2025-09-03,MED005,70,Normal
2025-09-04,MED005,60,Normal
2025-09-05,MED005,63,Normal
2025-09-06,MED005,62,Normal
2025-09-07,MED005,62,Normal
2025-09-08,MED005,66,Normal
2025-09-09,MED005,84,Normal
2025-09-10,MED005,75,Normal
2025-09-11,MED005,72,Normal
2025-09-12,MED005,95,Normal
2025-09-13,MED005,50,Normal
2025-09-14,MED005,65,Normal
2025-09-15,MED005,63,Normal
2025-09-16,MED005,63,Normal
2025-09-17,MED005,66,Normal
2025-09-18,MED005,72,Normal
2025-09-19,MED005,66,Normal
2025-09-20,MED005,61,Normal
2025-09-21,MED005,55,Normal
2025-09-22,MED005,74,Normal
2025-09-23,MED005,68,Normal
2025-09-24,MED005,68,Normal
2025-09-25,MED005,58,Normal
2025-09-26,MED005,71,Normal
2025-09-27,MED005,55,Normal
2025-09-28,MED005,51,Normal
2025-09-29,MED005,60,Normal
2025-09-30,MED005,68,Normal
2025-10-01,MED005,70,Normal
2025-10-02,MED005,75,Normal
2025-10-03,MED005,58,Normal
2025-10-04,MED005,62,Normal
2025-10-05,MED005,62,Normal
2025-10-06,MED005,72,Normal
2025-10-07,MED005,64,Normal
2025-10-08,MED005,59,Normal
2025-10-09,MED005,58,Normal
2025-10-10,MED005,73,Normal
2025-10-11,MED005,64,Normal
2025-10-12,MED005,60,Normal
2025-10-13,MED005,62,Normal
2025-10-14,MED005,63,Normal
2025-10-15,MED005,70,Normal
2025-10-16,MED005,70,Normal
2025-10-17,MED005,77,Normal
2025-10-18,MED005,64,Normal
2025-10-19,MED005,50,Normal
2025-10-20,MED005,74,Normal
2025-10-21,MED005,67,Normal
2025-10-22,MED005,73,Normal
2025-10-23,MED005,57,Normal
2025-10-24,MED005,76,Normal
2025-10-25,MED005,59,Normal
2025-10-26,MED005,51,Normal
2025-10-27,MED005,75,Normal
2025-10-28,MED005,60,Normal
2025-10-29,MED005,75,Normal
2025-10-30,MED005,66,Normal
2025-10-31,MED005,68,Normal
2025-11-01,MED005,55,Normal
2025-11-02,MED005,61,Normal
2025-11-03,MED005,100,Normal
2025-11-04,MED005,65,Normal
2025-11-05,MED005,76,Normal
2025-11-06,MED005,96,Normal
2025-11-07,MED005,67,Normal
2025-11-08,MED005,49,Normal
2025-11-09,MED005,55,Normal
2025-11-10,MED005,57,Normal
2025-11-11,MED005,66,Normal
2025-11-12,MED005,72,Normal
2025-11-13,MED005,60,Normal
2025-11-14,MED005,64,Normal
2025-11-15,MED005,60,Normal
2025-11-16,MED005,56,Normal
2025-11-17,MED005,70,Normal
2025-11-18,MED005,59,Normal
2025-11-19,MED005,63,Normal
2025-11-20,MED005,70,Normal
2025-11-21,MED005,73,Normal
2025-11-22,MED005,49,Normal
2025-11-23,MED005,52,Normal
2025-11-24,MED005,73,Normal
2025-11-25,MED005,73,Normal
2025-11-26,MED005,57,Normal
2025-11-27,MED005,63,Normal
2025-11-28,MED005,89,Normal
2025-11-29,MED005,49,Normal
2025-11-30,MED005,53,Normal
2025-12-01,MED005,71,Normal
2025-12-02,MED005,77,Normal
2025-12-03,MED005,57,Normal
2025-12-04,MED005,72,Normal
2025-12-05,MED005,62,Normal
2025-12-06,MED005,61,Normal
2025-12-07,MED005,57,Normal
2025-12-08,MED005,65,Normal
2025-12-09,MED005,59,Normal
2025-12-10,MED005,96,Normal
2025-12-11,MED005,75,Normal
2025-12-12,MED005,63,Normal
2025-12-13,MED005,65,Normal
2025-12-14,MED005,53,Normal
2025-12-15,MED005,70,Normal
2025-12-16,MED005,57,Normal
2025-12-17,MED005,61,Normal
2025-12-18,MED005,76,Normal
2025-12-19,MED005,64,Normal
2025-12-20,MED005,56,Normal
2025-12-21,MED005,65,Normal
2025-12-22,MED005,69,Normal
2025-12-23,MED005,71,Normal
2025-12-24,MED005,71,Normal
2025-12-25,MED005,73,Normal
2025-12-26,MED005,69,Normal
2025-12-27,MED005,48,Normal
2025-12-28,MED005,57,Normal
2025-12-29,MED005,76,Normal
2025-12-30,MED005,66,Normal
2025-12-31,MED005,72,Normal
2025-01-01,MED006,65,Normal
2025-01-02,MED006,53,Normal
2025-01-03,MED006,65,Normal
2025-01-04,MED006,41,Normal
2025-01-05,MED006,44,Normal
2025-01-06,MED006,64,Normal
2025-01-07,MED006,55,Normal
2025-01-08,MED006,45,Normal
2025-01-09,MED006,54,Normal
2025-01-10,MED006,58,Normal
2025-01-11,MED006,39,Normal
2025-01-12,MED006,53,Normal
2025-01-13,MED006,55,Normal
2025-01-14,MED006,52,Normal
2025-01-15,MED006,65,Normal
2025-01-16,MED006,56,Normal
2025-01-17,MED006,50,Normal
2025-01-18,MED006,52,Normal
2025-01-19,MED006,40,Normal
2025-01-20,MED006,53,Normal
2025-01-21,MED006,62,Normal
2025-01-22,MED006,50,Normal
2025-01-23,MED006,55,Normal
2025-01-24,MED006,52,Normal
2025-01-25,MED006,45,Normal
2025-01-26,MED006,46,Normal
2025-01-27,MED006,63,Normal
2025-01-28,MED006,48,Normal
2025-01-29,MED006,65,Normal
2025-01-30,MED006,64,Normal
2025-01-31,MED006,51,Normal
2025-02-01,MED006,48,Normal
2025-02-02,MED006,49,Normal
2025-02-03,MED006,49,Normal
2025-02-04,MED006,51,Normal
2025-02-05,MED006,63,Normal
2025-02-06,MED006,59,Normal
2025-02-07,MED006,50,Normal
2025-02-08,MED006,51,Normal
2025-02-09,MED006,42,Normal
2025-02-10,MED006,64,Normal
2025-02-11,MED006,53,Normal
2025-02-12,MED006,50,Normal
2025-02-13,MED006,50,Normal
2025-02-14,MED006,47,Normal
2025-02-15,MED006,49,Normal
2025-02-16,MED006,48,Normal
2025-02-17,MED006,60,Normal
2025-02-18,MED006,46,Normal
2025-02-19,MED006,56,Normal
2025-02-20,MED006,55,Normal
2025-02-21,MED006,61,Normal
2025-02-22,MED006,38,Normal
2025-02-23,MED006,44,Normal
2025-02-24,MED006,56,Normal
2025-02-25,MED006,48,Normal
2025-02-26,MED006,63,Normal
2025-02-27,MED006,47,Normal
2025-02-28,MED006,54,Normal
2025-03-01,MED006,50,Normal
2025-03-02,MED006,54,Normal
2025-03-03,MED006,58,Normal
2025-03-04,MED006,49,Normal
2025-03-05,MED006,60,Normal
2025-03-06,MED006,51,Normal
2025-03-07,MED006,79,Normal
2025-03-08,MED006,44,Normal
2025-03-09,MED006,41,Normal
2025-03-10,MED006,45,Normal
2025-03-11,MED006,50,Normal
2025-03-12,MED006,65,Normal
2025-03-13,MED006,57,Normal
2025-03-14,MED006,53,Normal
2025-03-15,MED006,75,Normal
2025-03-16,MED006,39,Normal
2025-03-17,MED006,65,Normal
2025-03-18,MED006,46,Normal
2025-03-19,MED006,58,Normal
2025-03-20,MED006,48,Normal
2025-03-21,MED006,60,Normal
2025-03-22,MED006,43,Normal
2025-03-23,MED006,77,Normal
2025-03-24,MED006,58,Normal
2025-03-25,MED006,61,Normal
2025-03-26,MED006,64,Normal
2025-03-27,MED006,58,Normal
2025-03-28,MED006,48,Normal
2025-03-29,MED006,54,Normal
2025-03-30,MED006,40,Normal
2025-03-31,MED006,60,Normal
2025-04-01,MED006,51,Normal
2025-04-02,MED006,61,Normal
2025-04-03,MED006,56,Normal
2025-04-04,MED006,54,Normal
2025-04-05,MED006,52,Normal
2025-04-06,MED006,43,Normal
2025-04-07,MED006,60,Normal
2025-04-08,MED006,62,Normal
2025-04-09,MED006,47,Normal
2025-04-10,MED006,63,Normal
2025-04-11,MED006,49,Normal
2025-04-12,MED006,51,Normal
2025-04-13,MED006,40,Normal
2025-04-14,MED006,65,Normal
2025-04-15,MED006,54,Normal
2025-04-16,MED006,46,Normal
2025-04-17,MED006,50,Normal
2025-04-18,MED006,54,Normal
2025-04-19,MED006,46,Normal
2025-04-20,MED006,40,Normal
2025-04-21,MED006,64,Normal
2025-04-22,MED006,49,Normal
2025-04-23,MED006,50,Normal
2025-04-24,MED006,59,Normal
2025-04-25,MED006,53,Normal
2025-04-26,MED006,39,Normal
2025-04-27,MED006,46,Normal
2025-04-28,MED006,57,Normal
2025-04-29,MED006,59,Normal
2025-04-30,MED006,57,Normal
2025-05-01,MED006,60,Normal
2025-05-02,MED006,65,Normal
2025-05-03,MED006,42,Normal
2025-05-04,MED006,39,Normal
2025-05-05,MED006,50,Normal
2025-05-06,MED006,63,Normal
2025-05-07,MED006,63,Normal
2025-05-08,MED006,50,Normal
2025-05-09,MED006,56,Normal
2025-05-10,MED006,41,Normal
2025-05-11,MED006,51,Normal
2025-05-12,MED006,58,Normal
2025-05-13,MED006,47,Normal
2025-05-14,MED006,77,Normal
2025-05-15,MED006,61,Normal
2025-05-16,MED006,63,Normal
2025-05-17,MED006,44,Normal
2025-05-18,MED006,46,Normal
2025-05-19,MED006,64,Normal
2025-05-20,MED006,52,Normal
2025-05-21,MED006,65,Normal
2025-05-22,MED006,62,Normal
2025-05-23,MED006,64,Normal
2025-05-24,MED006,55,Normal
2025-05-25,MED006,51,Normal
2025-05-26,MED006,60,Normal
2025-05-27,MED006,47,Normal
2025-05-28,MED006,55,Normal
2025-05-29,MED006,53,Normal
2025-05-30,MED006,52,Normal
2025-05-31,MED006,48,Normal
2025-06-01,MED006,44,Normal
2025-06-02,MED006,59,Normal
2025-06-03,MED006,59,Normal
2025-06-04,MED006,60,Normal
2025-06-05,MED006,48,Normal
2025-06-06,MED006,91,Normal
2025-06-07,MED006,48,Normal
2025-06-08,MED006,52,Normal
2025-06-09,MED006,47,Normal
2025-06-10,MED006,64,Normal
2025-06-11,MED006,61,Normal
2025-06-12,MED006,65,Normal
2025-06-13,MED006,55,Normal
2025-06-14,MED006,39,Normal
2025-06-15,MED006,50,Normal
2025-06-16,MED006,64,Normal
2025-06-17,MED006,56,Normal
2025-06-18,MED006,48,Normal
2025-06-19,MED006,72,Normal
2025-06-20,MED006,56,Normal
2025-06-21,MED006,45,Normal
2025-06-22,MED006,47,Normal
2025-06-23,MED006,46,Normal
2025-06-24,MED006,60,Normal
2025-06-25,MED006,58,Normal
2025-06-26,MED006,64,Normal
2025-06-27,MED006,48,Normal
2025-06-28,MED006,48,Normal
2025-06-29,MED006,43,Normal
2025-06-30,MED006,48,Normal
2025-07-01,MED006,46,Normal
2025-07-02,MED006,63,Normal
2025-07-03,MED006,59,Normal
2025-07-04,MED006,63,Normal
2025-07-05,MED006,41,Normal
2025-07-06,MED006,38,Normal
2025-07-07,MED006,46,Normal
2025-07-08,MED006,58,Normal
2025-07-09,MED006,60,Normal
2025-07-10,MED006,50,Normal
2025-07-11,MED006,50,Normal
2025-07-12,MED006,41,Normal
2025-07-13,MED006,54,Normal
2025-07-14,MED006,55,Normal
2025-07-15,MED006,57,Normal
2025-07-16,MED006,64,Normal
2025-07-17,MED006,52,Normal
2025-07-18,MED006,55,Normal
2025-07-19,MED006,50,Normal
2025-07-20,MED006,41,Normal
2025-07-21,MED006,61,Normal
2025-07-22,MED006,62,Normal
2025-07-23,MED006,62,Normal
2025-07-24,MED006,51,Normal
2025-07-25,MED006,54,Normal
2025-07-26,MED006,41,Normal
2025-07-27,MED006,55,Normal
2025-07-28,MED006,50,Normal
2025-07-29,MED006,65,Normal
2025-07-30,MED006,48,Normal
2025-07-31,MED006,62,Normal
2025-08-01,MED006,63,Normal
2025-08-02,MED006,49,Normal
2025-08-03,MED006,52,Normal
2025-08-04,MED006,58,Normal
2025-08-05,MED006,61,Normal
2025-08-06,MED006,57,Normal
2025-08-07,MED006,46,Normal
2025-08-08,MED006,50,Normal
2025-08-09,MED006,45,Normal
2025-08-10,MED006,39,Normal
2025-08-11,MED006,54,Normal
2025-08-12,MED006,86,Normal
2025-08-13,MED006,59,Normal
2025-08-14,MED006,62,Normal
2025-08-15,MED006,65,Normal
2025-08-16,MED006,44,Normal
2025-08-17,MED006,45,Normal
2025-08-18,MED006,46,Normal
2025-08-19,MED006,57,Normal
2025-08-20,MED006,55,Normal
2025-08-21,MED006,64,Normal
2025-08-22,MED006,53,Normal
2025-08-23,MED006,50,Normal
2025-08-24,MED006,55,Normal
2025-08-25,MED006,65,Normal
2025-08-26,MED006,63,Normal
2025-08-27,MED006,64,Normal
2025-08-28,MED006,51,Normal
2025-08-29,MED006,50,Normal
2025-08-30,MED006,39,Normal
2025-08-31,MED006,42,Normal
2025-09-01,MED006,48,Normal
2025-09-02,MED006,58,Normal
2025-09-03,MED006,53,Normal
2025-09-04,MED006,63,Normal
2025-09-05,MED006,45,Normal
2025-09-06,MED006,57,Normal
2025-09-07,MED006,46,Normal
2025-09-08,MED006,65,Normal
2025-09-09,MED006,54,Normal
2025-09-10,MED006,63,Normal
2025-09-11,MED006,47,Normal
2025-09-12,MED006,55,Normal
2025-09-13,MED006,42,Normal
2025-09-14,MED006,51,Normal
2025-09-15,MED006,62,Normal
2025-09-16,MED006,47,Normal
2025-09-17,MED006,51,Normal
2025-09-18,MED006,55,Normal
2025-09-19,MED006,51,Normal
2025-09-20,MED006,54,Normal
2025-09-21,MED006,52,Normal
2025-09-22,MED006,91,Normal
2025-09-23,MED006,56,Normal
2025-09-24,MED006,65,Normal
2025-09-25,MED006,64,Normal
2025-09-26,MED006,46,Normal
2025-09-27,MED006,46,Normal
2025-09-28,MED006,40,Normal
2025-09-29,MED006,62,Normal
2025-09-30,MED006,45,Normal
2025-10-01,MED006,56,Normal
2025-10-02,MED006,61,Normal
2025-10-03,MED006,46,Normal
2025-10-04,MED006,55,Normal
2025-10-05,MED006,51,Normal
2025-10-06,MED006,48,Normal
2025-10-07,MED006,62,Normal
2025-10-08,MED006,65,Normal
2025-10-09,MED006,65,Normal
2025-10-10,MED006,58,Normal
2025-10-11,MED006,43,Normal
2025-10-12,MED006,49,Normal
2025-10-13,MED006,47,Normal
2025-10-14,MED006,68,Normal
2025-10-15,MED006,77,Normal
2025-10-16,MED006,47,Normal
2025-10-17,MED006,53,Normal
2025-10-18,MED006,53,Normal
2025-10-19,MED006,45,Normal
2025-10-20,MED006,59,Normal
2025-10-21,MED006,58,Normal
2025-10-22,MED006,57,Normal
2025-10-23,MED006,86,Normal
2025-10-24,MED006,64,Normal
2025-10-25,MED006,74,Normal
2025-10-26,MED006,39,Normal
2025-10-27,MED006,61,Normal
2025-10-28,MED006,54,Normal
2025-10-29,MED006,54,Normal
2025-10-30,MED006,59,Normal
2025-10-31,MED006,45,Normal
2025-11-01,MED006,52,Normal
2025-11-02,MED006,48,Normal
2025-11-03,MED006,62,Normal
2025-11-04,MED006,65,Normal
2025-11-05,MED006,65,Normal
2025-11-06,MED006,45,Normal
2025-11-07,MED006,62,Normal
2025-11-08,MED006,54,Normal
2025-11-09,MED006,54,Normal
2025-11-10,MED006,62,Normal
2025-11-11,MED006,54,Normal
2025-11-12,MED006,56,Normal
2025-11-13,MED006,65,Normal
2025-11-14,MED006,49,Normal
2025-11-15,MED006,44,Normal
2025-11-16,MED006,45,Normal
2025-11-17,MED006,50,Normal
2025-11-18,MED006,63,Normal
2025-11-19,MED006,62,Normal
2025-11-20,MED006,62,Normal
2025-11-21,MED006,47,Normal
2025-11-22,MED006,43,Normal
2025-11-23,MED006,51,Normal
2025-11-24,MED006,56,Normal
2025-11-25,MED006,65,Normal
2025-11-26,MED006,54,Normal
2025-11-27,MED006,51,Normal
2025-11-28,MED006,59,Normal
2025-11-29,MED006,45,Normal
2025-11-30,MED006,41,Normal
2025-12-01,MED006,56,Normal
2025-12-02,MED006,58,Normal
2025-12-03,MED006,55,Normal
2025-12-04,MED006,52,Normal
2025-12-05,MED006,65,Normal
2025-12-06,MED006,47,Normal
2025-12-07,MED006,46,Normal
2025-12-08,MED006,59,Normal
2025-12-09,MED006,54,Normal
2025-12-10,MED006,48,Normal
2025-12-11,MED006,64,Normal
2025-12-12,MED006,53,Normal
2025-12-13,MED006,41,Normal
2025-12-14,MED006,43,Normal
2025-12-15,MED006,65,Normal
2025-12-16,MED006,47,Normal
2025-12-17,MED006,61,Normal
2025-12-18,MED006,63,Normal
2025-12-19,MED006,63,Normal
2025-12-20,MED006,39,Normal
2025-12-21,MED006,52,Normal
2025-12-22,MED006,62,Normal
2025-12-23,MED006,49,Normal
2025-12-24,MED006,52,Normal
2025-12-25,MED006,63,Normal
2025-12-26,MED006,54,Normal
2025-12-27,MED006,51,Normal
2025-12-28,MED006,48,Normal
2025-12-29,MED006,45,Normal
2025-12-30,MED006,64,Normal
2025-12-31,MED006,61,Normal
2025-01-01,MED007,35,Normal
2025-01-02,MED007,48,Normal
2025-01-03,MED007,34,Normal
2025-01-04,MED007,38,Normal
2025-01-05,MED007,26,Normal
2025-01-06,MED007,45,Normal
2025-01-07,MED007,38,Normal
2025-01-08,MED007,31,Normal
2025-01-09,MED007,46,Normal
2025-01-10,MED007,41,Normal
2025-01-11,MED007,37,Normal
2025-01-12,MED007,26,Normal
2025-01-13,MED007,40,Normal
2025-01-14,MED007,46,Normal
2025-01-15,MED007,38,Normal
2025-01-16,MED007,38,Normal
2025-01-17,MED007,48,Normal
2025-01-18,MED007,42,Normal
2025-01-19,MED007,40,Normal
2025-01-20,MED007,32,Normal
2025-01-21,MED007,42,Normal
2025-01-22,MED007,37,Normal
2025-01-23,MED007,41,Normal
2025-01-24,MED007,41,Normal
2025-01-25,MED007,38,Normal
2025-01-26,MED007,25,Normal
2025-01-27,MED007,34,Normal
2025-01-28,MED007,37,Normal
2025-01-29,MED007,50,Normal
2025-01-30,MED007,34,Normal
2025-01-31,MED007,41,Normal
2025-02-01,MED007,28,Normal
2025-02-02,MED007,36,Normal
2025-02-03,MED007,33,Normal
2025-02-04,MED007,45,Normal
2025-02-05,MED007,48,Normal
2025-02-06,MED007,60,Normal
2025-02-07,MED007,31,Normal
2025-02-08,MED007,40,Normal
2025-02-09,MED007,42,Normal
2025-02-10,MED007,48,Normal
2025-02-11,MED007,35,Normal
2025-02-12,MED007,35,Normal
2025-02-13,MED007,42,Normal
2025-02-14,MED007,48,Normal
2025-02-15,MED007,33,Normal
2025-02-16,MED007,30,Normal
2025-02-17,MED007,45,Normal
2025-02-18,MED007,35,Normal
2025-02-19,MED007,43,Normal
2025-02-20,MED007,48,Normal
2025-02-21,MED007,35,Normal
2025-02-22,MED007,39,Normal
2025-02-23,MED007,34,Normal
2025-02-24,MED007,49,Normal
2025-02-25,MED007,37,Normal
2025-02-26,MED007,34,Normal
2025-02-27,MED007,36,Normal
2025-02-28,MED007,46,Normal
2025-03-01,MED007,28,Normal
2025-03-02,MED007,29,Normal
2025-03-03,MED007,49,Normal
2025-03-04,MED007,47,Normal
2025-03-05,MED007,33,Normal
2025-03-06,MED007,34,Normal
2025-03-07,MED007,47,Normal
2025-03-08,MED007,42,Normal
2025-03-09,MED007,36,Normal
2025-03-10,MED007,31,Normal
2025-03-11,MED007,43,Normal
2025-03-12,MED007,45,Normal
2025-03-13,MED007,42,Normal
2025-03-14,MED007,48,Normal
2025-03-15,MED007,28,Normal
2025-03-16,MED007,31,Normal
2025-03-17,MED007,32,Normal
2025-03-18,MED007,47,Normal
2025-03-19,MED007,50,Normal
2025-03-20,MED007,30,Normal
2025-03-21,MED007,33,Normal
2025-03-22,MED007,35,Normal
2025-03-23,MED007,34,Normal
2025-03-24,MED007,33,Normal
2025-03-25,MED007,50,Normal
2025-03-26,MED007,38,Normal
2025-03-27,MED007,43,Normal
2025-03-28,MED007,49,Normal
2025-03-29,MED007,35,Normal
2025-03-30,MED007,36,Normal
2025-03-31,MED007,47,Normal
2025-04-01,MED007,41,Normal
2025-04-02,MED007,45,Normal
2025-04-03,MED007,39,Normal
2025-04-04,MED007,42,Normal
2025-04-05,MED007,28,Normal
2025-04-06,MED007,37,Normal
2025-04-07,MED007,35,Normal
2025-04-08,MED007,46,Normal
2025-04-09,MED007,40,Normal
2025-04-10,MED007,49,Normal
2025-04-11,MED007,31,Normal
2025-04-12,MED007,58,Normal
2025-04-13,MED007,27,Normal
2025-04-14,MED007,45,Normal
2025-04-15,MED007,43,Normal
2025-04-16,MED007,38,Normal
2025-04-17,MED007,32,Normal
2025-04-18,MED007,42,Normal
2025-04-19,MED007,35,Normal
2025-04-20,MED007,39,Normal
2025-04-21,MED007,49,Normal
2025-04-22,MED007,35,Normal
2025-04-23,MED007,61,Normal
2025-04-24,MED007,46,Normal
2025-04-25,MED007,31,Normal
2025-04-26,MED007,39,Normal
2025-04-27,MED007,31,Normal
2025-04-28,MED007,31,Normal
2025-04-29,MED007,70,Normal
2025-04-30,MED007,35,Normal
2025-05-01,MED007,38,Normal
2025-05-02,MED007,41,Normal
2025-05-03,MED007,35,Normal
2025-05-04,MED007,54,Normal
2025-05-05,MED007,32,Normal
2025-05-06,MED007,47,Normal
2025-05-07,MED007,47,Normal
2025-05-08,MED007,41,Normal
2025-05-09,MED007,38,Normal
2025-05-10,MED007,30,Normal
2025-05-11,MED007,35,Normal
2025-05-12,MED007,38,Normal
2025-05-13,MED007,46,Normal
2025-05-14,MED007,32,Normal
2025-05-15,MED007,40,Normal
2025-05-16,MED007,46,Normal
2025-05-17,MED007,39,Normal
2025-05-18,MED007,40,Normal
2025-05-19,MED007,44,Normal
2025-05-20,MED007,48,Normal
2025-05-21,MED007,37,Normal
2025-05-22,MED007,44,Normal
2025-05-23,MED007,48,Normal
2025-05-24,MED007,38,Normal
2025-05-25,MED007,27,Normal
2025-05-26,MED007,37,Normal
2025-05-27,MED007,37,Normal
2025-05-28,MED007,43,Normal
2025-05-29,MED007,46,Normal
2025-05-30,MED007,38,Normal
2025-05-31,MED007,27,Normal
2025-06-01,MED007,34,Normal
2025-06-02,MED007,35,Normal
2025-06-03,MED007,41,Normal
2025-06-04,MED007,48,Normal
2025-06-05,MED007,36,Normal
2025-06-06,MED007,36,Normal
2025-06-07,MED007,31,Normal
2025-06-08,MED007,30,Normal
2025-06-09,MED007,37,Normal
2025-06-10,MED007,41,Normal
2025-06-11,MED007,33,Normal
2025-06-12,MED007,32,Normal
2025-06-13,MED007,45,Normal
2025-06-14,MED007,39,Normal
2025-06-15,MED007,38,Normal
2025-06-16,MED007,40,Normal
2025-06-17,MED007,48,Normal
2025-06-18,MED007,45,Normal
2025-06-19,MED007,46,Normal
2025-06-20,MED007,37,Normal
2025-06-21,MED007,28,Normal
2025-06-22,MED007,36,Normal
2025-06-23,MED007,65,Normal
2025-06-24,MED007,41,Normal
2025-06-25,MED007,35,Normal
2025-06-26,MED007,33,Normal
2025-06-27,MED007,44,Normal
2025-06-28,MED007,35,Normal
2025-06-29,MED007,30,Normal
2025-06-30,MED007,33,Normal
2025-07-01,MED007,49,Normal
2025-07-02,MED007,35,Normal
2025-07-03,MED007,37,Normal
2025-07-04,MED007,49,Normal
2025-07-05,MED007,29,Normal
2025-07-06,MED007,30,Normal
2025-07-07,MED007,41,Normal
2025-07-08,MED007,42,Normal
2025-07-09,MED007,35,Normal
2025-07-10,MED007,48,Normal
2025-07-11,MED007,33,Normal
2025-07-12,MED007,31,Normal
2025-07-13,MED007,35,Normal
2025-07-14,MED007,34,Normal
2025-07-15,MED007,30,Normal
2025-07-16,MED007,45,Normal
2025-07-17,MED007,50,Normal
2025-07-18,MED007,40,Normal
2025-07-19,MED007,33,Normal
2025-07-20,MED007,56,Normal
2025-07-21,MED007,33,Normal
2025-07-22,MED007,31,Normal
2025-07-23,MED007,38,Normal
2025-07-24,MED007,50,Normal
2025-07-25,MED007,40,Normal
2025-07-26,MED007,34,Normal
2025-07-27,MED007,32,Normal
2025-07-28,MED007,43,Normal
2025-07-29,MED007,49,Normal
2025-07-30,MED007,48,Normal
2025-07-31,MED007,47,Normal
2025-08-01,MED007,39,Normal
2025-08-02,MED007,39,Normal
2025-08-03,MED007,37,Normal
2025-08-04,MED007,42,Normal
2025-08-05,MED007,44,Normal
2025-08-06,MED007,34,Normal
2025-08-07,MED007,50,Normal
2025-08-08,MED007,40,Normal
2025-08-09,MED007,41,Normal
2025-08-10,MED007,27,Normal
2025-08-11,MED007,40,Normal
2025-08-12,MED007,40,Normal
2025-08-13,MED007,38,Normal
2025-08-14,MED007,42,Normal
2025-08-15,MED007,44,Normal
2025-08-16,MED007,34,Normal
2025-08-17,MED007,39,Normal
2025-08-18,MED007,43,Normal
2025-08-19,MED007,30,Normal
2025-08-20,MED007,37,Normal
2025-08-21,MED007,32,Normal
2025-08-22,MED007,42,Normal
2025-08-23,MED007,27,Normal
2025-08-24,MED007,38,Normal
2025-08-25,MED007,30,Normal
2025-08-26,MED007,46,Normal
2025-08-27,MED007,32,Normal
2025-08-28,MED007,49,Normal
2025-08-29,MED007,50,Normal
2025-08-30,MED007,35,Normal
2025-08-31,MED007,31,Normal
2025-09-01,MED007,44,Normal
2025-09-02,MED007,34,Normal
2025-09-03,MED007,49,Normal
2025-09-04,MED007,41,Normal
2025-09-05,MED007,40,Normal
2025-09-06,MED007,37,Normal
2025-09-07,MED007,39,Normal
2025-09-08,MED007,47,Normal
2025-09-09,MED007,47,Normal
2025-09-10,MED007,49,Normal
2025-09-11,MED007,50,Normal
2025-09-12,MED007,43,Normal
2025-09-13,MED007,42,Normal
2025-09-14,MED007,34,Normal
2025-09-15,MED007,37,Normal
2025-09-16,MED007,44,Normal
2025-09-17,MED007,43,Normal
2025-09-18,MED007,54,Normal
2025-09-19,MED007,46,Normal
2025-09-20,MED007,28,Normal
2025-09-21,MED007,38,Normal
2025-09-22,MED007,45,Normal
2025-09-23,MED007,45,Normal
2025-09-24,MED007,43,Normal
2025-09-25,MED007,49,Normal
2025-09-26,MED007,30,Normal
2025-09-27,MED007,30,Normal
2025-09-28,MED007,39,Normal
2025-09-29,MED007,37,Normal
2025-09-30,MED007,50,Normal
2025-10-01,MED007,42,Normal
2025-10-02,MED007,32,Normal
2025-10-03,MED007,37,Normal
2025-10-04,MED007,41,Normal
2025-10-05,MED007,32,Normal
2025-10-06,MED007,47,Normal
2025-10-07,MED007,43,Normal
2025-10-08,MED007,32,Normal
2025-10-09,MED007,39,Normal
2025-10-10,MED007,44,Normal
2025-10-11,MED007,32,Normal
2025-10-12,MED007,38,Normal
2025-10-13,MED007,30,Normal
2025-10-14,MED007,65,Normal
2025-10-15,MED007,33,Normal
2025-10-16,MED007,34,Normal
2025-10-17,MED007,30,Normal
2025-10-18,MED007,39,Normal
2025-10-19,MED007,30,Normal
2025-10-20,MED007,39,Normal
2025-10-21,MED007,45,Normal
2025-10-22,MED007,44,Normal
2025-10-23,MED007,31,Normal
2025-10-24,MED007,34,Normal
2025-10-25,MED007,35,Normal
2025-10-26,MED007,38,Normal
2025-10-27,MED007,38,Normal
2025-10-28,MED007,30,Normal
2025-10-29,MED007,37,Normal
2025-10-30,MED007,44,Normal
2025-10-31,MED007,31,Normal
2025-11-01,MED007,28,Normal
2025-11-02,MED007,30,Normal
2025-11-03,MED007,39,Normal
2025-11-04,MED007,35,Normal
2025-11-05,MED007,31,Normal
2025-11-06,MED007,47,Normal
2025-11-07,MED007,38,Normal
2025-11-08,MED007,33,Normal
2025-11-09,MED007,26,Normal
2025-11-10,MED007,36,Normal
2025-11-11,MED007,37,Normal
2025-11-12,MED007,56,Normal
2025-11-13,MED007,38,Normal
2025-11-14,MED007,42,Normal
2025-11-15,MED007,25,Normal
2025-11-16,MED007,40,Normal
2025-11-17,MED007,45,Normal
2025-11-18,MED007,34,Normal
2025-11-19,MED007,32,Normal
2025-11-20,MED007,45,Normal
2025-11-21,MED007,49,Normal
2025-11-22,MED007,42,Normal
2025-11-23,MED007,34,Normal
2025-11-24,MED007,47,Normal
2025-11-25,MED007,34,Normal
2025-11-26,MED007,40,Normal
2025-11-27,MED007,50,Normal
2025-11-28,MED007,44,Normal
2025-11-29,MED007,25,Normal
2025-11-30,MED007,34,Normal
2025-12-01,MED007,38,Normal
2025-12-02,MED007,45,Normal
2025-12-03,MED007,47,Normal
2025-12-04,MED007,45,Normal
2025-12-05,MED007,35,Normal
2025-12-06,MED007,34,Normal
2025-12-07,MED007,32,Normal
2025-12-08,MED007,49,Normal
2025-12-09,MED007,47,Normal
2025-12-10,MED007,46,Normal
2025-12-11,MED007,39,Normal
2025-12-12,MED007,47,Normal
2025-12-13,MED007,25,Normal
2025-12-14,MED007,39,Normal
2025-12-15,MED007,35,Normal
2025-12-16,MED007,49,Normal
2025-12-17,MED007,49,Normal
2025-12-18,MED007,32,Normal
2025-12-19,MED007,47,Normal
2025-12-20,MED007,30,Normal
2025-12-21,MED007,38,Normal
2025-12-22,MED007,34,Normal
2025-12-23,MED007,40,Normal
2025-12-24,MED007,40,Normal
2025-12-25,MED007,46,Normal
2025-12-26,MED007,31,Normal
2025-12-27,MED007,28,Normal
2025-12-28,MED007,26,Normal
2025-12-29,MED007,45,Normal
2025-12-30,MED007,31,Normal
2025-12-31,MED007,42,Normal
2025-01-01,MED008,96,Normal
2025-01-02,MED008,118,Normal
2025-01-03,MED008,84,Normal
2025-01-04,MED008,93,Normal
2025-01-05,MED008,70,Normal
2025-01-06,MED008,79,Normal
2025-01-07,MED008,97,Normal
2025-01-08,MED008,94,Normal
2025-01-09,MED008,90,Normal
2025-01-10,MED008,78,Normal
2025-01-11,MED008,72,Normal
2025-01-12,MED008,67,Normal
2025-01-13,MED008,79,Normal
2025-01-14,MED008,93,Normal
2025-01-15,MED008,84,Normal
2025-01-16,MED008,83,Normal
2025-01-17,MED008,84,Normal
2025-01-18,MED008,69,Normal
2025-01-19,MED008,79,Normal
2025-01-20,MED008,80,Normal
2025-01-21,MED008,95,Normal
2025-01-22,MED008,91,Normal
2025-01-23,MED008,90,Normal
2025-01-24,MED008,82,Normal
2025-01-25,MED008,79,Normal
2025-01-26,MED008,73,Normal
2025-01-27,MED008,94,Normal
2025-01-28,MED008,91,Normal
2025-01-29,MED008,87,Normal
2025-01-30,MED008,87,Normal
2025-01-31,MED008,90,Normal
2025-02-01,MED008,76,Normal
2025-02-02,MED008,73,Normal
2025-02-03,MED008,95,Normal
2025-02-04,MED008,89,Normal
2025-02-05,MED008,85,Normal
2025-02-06,MED008,91,Normal
2025-02-07,MED008,124,Normal
2025-02-08,MED008,66,Normal
2025-02-09,MED008,113,Normal
2025-02-10,MED008,81,Normal
2025-02-11,MED008,120,Normal
2025-02-12,MED008,84,Normal
2025-02-13,MED008,121,Normal
2025-02-14,MED008,85,Normal
2025-02-15,MED008,79,Normal
2025-02-16,MED008,80,Normal
2025-02-17,MED008,78,Normal
2025-02-18,MED008,81,Normal
2025-02-19,MED008,88,Normal
2025-02-20,MED008,84,Normal
2025-02-21,MED008,86,Normal
2025-02-22,MED008,75,Normal
2025-02-23,MED008,70,Normal
2025-02-24,MED008,87,Normal
2025-02-25,MED008,82,Normal
2025-02-26,MED008,95,Normal
2025-02-27,MED008,80,Normal
2025-02-28,MED008,120,Normal
2025-03-01,MED008,80,Normal
2025-03-02,MED008,66,Normal
2025-03-03,MED008,87,Normal
2025-03-04,MED008,90,Normal
2025-03-05,MED008,80,Normal
2025-03-06,MED008,84,Normal
2025-03-07,MED008,96,Normal
2025-03-08,MED008,82,Normal
2025-03-09,MED008,75,Normal
2025-03-10,MED008,130,Normal
2025-03-11,MED008,94,Normal
2025-03-12,MED008,87,Normal
2025-03-13,MED008,84,Normal
2025-03-14,MED008,89,Normal
2025-03-15,MED008,81,Normal
2025-03-16,MED008,67,Normal
2025-03-17,MED008,86,Normal
2025-03-18,MED008,81,Normal
2025-03-19,MED008,79,Normal
2025-03-20,MED008,78,Normal
2025-03-21,MED008,85,Normal
2025-03-22,MED008,79,Normal
2025-03-23,MED008,68,Normal
2025-03-24,MED008,92,Normal
2025-03-25,MED008,92,Normal
2025-03-26,MED008,95,Normal
2025-03-27,MED008,96,Normal
2025-03-28,MED008,93,Normal
2025-03-29,MED008,67,Normal
2025-03-30,MED008,76,Normal
2025-03-31,MED008,95,Normal
2025-04-01,MED008,90,Normal
2025-04-02,MED008,88,Normal
2025-04-03,MED008,88,Normal
2025-04-04,MED008,77,Normal
2025-04-05,MED008,69,Normal
2025-04-06,MED008,81,Normal
2025-04-07,MED008,91,Normal
2025-04-08,MED008,127,Normal
2025-04-09,MED008,84,Normal
2025-04-10,MED008,88,Normal
2025-04-11,MED008,79,Normal
2025-04-12,MED008,66,Normal
2025-04-13,MED008,81,Normal
2025-04-14,MED008,120,Normal
2025-04-15,MED008,80,Normal
2025-04-16,MED008,128,Normal
2025-04-17,MED008,83,Normal
2025-04-18,MED008,83,Normal
2025-04-19,MED008,79,Normal
2025-04-20,MED008,79,Normal
2025-04-21,MED008,81,Normal
2025-04-22,MED008,77,Normal
2025-04-23,MED008,130,Normal
2025-04-24,MED008,82,Normal
2025-04-25,MED008,83,Normal
2025-04-26,MED008,81,Normal
2025-04-27,MED008,77,Normal
2025-04-28,MED008,77,Normal
2025-04-29,MED008,85,Normal
2025-04-30,MED008,88,Normal
2025-05-01,MED008,77,Normal
2025-05-02,MED008,97,Normal
2025-05-03,MED008,75,Normal
2025-05-04,MED008,68,Normal
2025-05-05,MED008,92,Normal
2025-05-06,MED008,94,Normal
2025-05-07,MED008,83,Normal
2025-05-08,MED008,91,Normal
2025-05-09,MED008,107,Normal
2025-05-10,MED008,79,Normal
2025-05-11,MED008,78,Normal
2025-05-12,MED008,114,Normal
2025-05-13,MED008,88,Normal
2025-05-14,MED008,86,Normal
2025-05-15,MED008,93,Normal
2025-05-16,MED008,78,Normal
2025-05-17,MED008,75,Normal
2025-05-18,MED008,65,Normal
2025-05-19,MED008,85,Normal
2025-05-20,MED008,87,Normal
2025-05-21,MED008,81,Normal
2025-05-22,MED008,89,Normal
2025-05-23,MED008,96,Normal
2025-05-24,MED008,71,Normal
2025-05-25,MED008,80,Normal
2025-05-26,MED008,86,Normal
2025-05-27,MED008,87,Normal
2025-05-28,MED008,81,Normal
2025-05-29,MED008,81,Normal
2025-05-30,MED008,83,Normal
2025-05-31,MED008,73,Normal
2025-06-01,MED008,79,Normal
2025-06-02,MED008,90,Normal
2025-06-03,MED008,81,Normal
2025-06-04,MED008,95,Normal
2025-06-05,MED008,87,Normal
2025-06-06,MED008,94,Normal
2025-06-07,MED008,68,Normal
2025-06-08,MED008,68,Normal
2025-06-09,MED008,87,Normal
2025-06-10,MED008,90,Normal
2025-06-11,MED008,86,Normal
2025-06-12,MED008,97,Normal
2025-06-13,MED008,85,Normal
2025-06-14,MED008,70,Normal
2025-06-15,MED008,96,Normal
2025-06-16,MED008,96,Normal
2025-06-17,MED008,96,Normal
2025-06-18,MED008,84,Normal
2025-06-19,MED008,84,Normal
2025-06-20,MED008,88,Normal
2025-06-21,MED008,78,Normal
2025-06-22,MED008,81,Normal
2025-06-23,MED008,97,Normal
2025-06-24,MED008,89,Normal
2025-06-25,MED008,81,Normal
2025-06-26,MED008,117,Normal
2025-06-27,MED008,77,Normal
2025-06-28,MED008,76,Normal
2025-06-29,MED008,70,Normal
2025-06-30,MED008,79,Normal
2025-07-01,MED008,91,Normal
2025-07-02,MED008,92,Normal
2025-07-03,MED008,91,Normal
2025-07-04,MED008,90,Normal
2025-07-05,MED008,66,Normal
2025-07-06,MED008,75,Normal
2025-07-07,MED008,89,Normal
2025-07-08,MED008,95,Normal
2025-07-09,MED008,93,Normal
2025-07-10,MED008,78,Normal
2025-07-11,MED008,91,Normal
2025-07-12,MED008,66,Normal
2025-07-13,MED008,71,Normal
2025-07-14,MED008,89,Normal
2025-07-15,MED008,78,Normal
2025-07-16,MED008,93,Normal
2025-07-17,MED008,78,Normal
2025-07-18,MED008,91,Normal
2025-07-19,MED008,73,Normal
2025-07-20,MED008,73,Normal
2025-07-21,MED008,90,Normal
2025-07-22,MED008,78,Normal
2025-07-23,MED008,81,Normal
2025-07-24,MED008,97,Normal
2025-07-25,MED008,93,Normal
2025-07-26,MED008,80,Normal
2025-07-27,MED008,79,Normal
2025-07-28,MED008,90,Normal
2025-07-29,MED008,77,Normal
2025-07-30,MED008,95,Normal
2025-07-31,MED008,83,Normal
2025-08-01,MED008,79,Normal
2025-08-02,MED008,82,Normal
2025-08-03,MED008,69,Normal
2025-08-04,MED008,80,Normal
2025-08-05,MED008,91,Normal
2025-08-06,MED008,79,Normal
2025-08-07,MED008,89,Normal
2025-08-08,MED008,93,Normal
2025-08-09,MED008,69,Normal
2025-08-10,MED008,105,Normal
2025-08-11,MED008,82,Normal
2025-08-12,MED008,95,Normal
2025-08-13,MED008,81,Normal
2025-08-14,MED008,81,Normal
2025-08-15,MED008,78,Normal
2025-08-16,MED008,73,Normal
2025-08-17,MED008,77,Normal
2025-08-18,MED008,82,Normal
2025-08-19,MED008,81,Normal
2025-08-20,MED008,77,Normal
2025-08-21,MED008,118,Normal
2025-08-22,MED008,92,Normal
2025-08-23,MED008,79,Normal
2025-08-24,MED008,81,Normal
2025-08-25,MED008,84,Normal
2025-08-26,MED008,92,Normal
2025-08-27,MED008,91,Normal
2025-08-28,MED008,134,Normal
2025-08-29,MED008,94,Normal
2025-08-30,MED008,82,Normal
2025-08-31,MED008,98,Normal
2025-09-01,MED008,81,Normal
2025-09-02,MED008,123,Normal
2025-09-03,MED008,78,Normal
2025-09-04,MED008,96,Normal
2025-09-05,MED008,110,Normal
2025-09-06,MED008,76,Normal
2025-09-07,MED008,69,Normal
2025-09-08,MED008,96,Normal
2025-09-09,MED008,96,Normal
2025-09-10,MED008,94,Normal
2025-09-11,MED008,91,Normal
2025-09-12,MED008,88,Normal
2025-09-13,MED008,67,Normal
2025-09-14,MED008,73,Normal
2025-09-15,MED008,89,Normal
2025-09-16,MED008,90,Normal
2025-09-17,MED008,79,Normal
2025-09-18,MED008,81,Normal
2025-09-19,MED008,85,Normal
2025-09-20,MED008,76,Normal
2025-09-21,MED008,70,Normal
2025-09-22,MED008,80,Normal
2025-09-23,MED008,97,Normal
2025-09-24,MED008,79,Normal
2025-09-25,MED008,96,Normal
2025-09-26,MED008,86,Normal
2025-09-27,MED008,73,Normal
2025-09-28,MED008,80,Normal
2025-09-29,MED008,88,Normal
2025-09-30,MED008,96,Normal
2025-10-01,MED008,93,Normal
2025-10-02,MED008,92,Normal
2025-10-03,MED008,82,Normal
2025-10-04,MED008,71,Normal
2025-10-05,MED008,98,Normal
2025-10-06,MED008,77,Normal
2025-10-07,MED008,80,Normal
2025-10-08,MED008,83,Normal
2025-10-09,MED008,90,Normal
2025-10-10,MED008,87,Normal
2025-10-11,MED008,82,Normal
2025-10-12,MED008,82,Normal
2025-10-13,MED008,86,Normal
2025-10-14,MED008,79,Normal
2025-10-15,MED008,93,Normal
2025-10-16,MED008,77,Normal
2025-10-17,MED008,87,Normal
2025-10-18,MED008,80,Normal
2025-10-19,MED008,65,Normal
2025-10-20,MED008,83,Normal
2025-10-21,MED008,87,Normal
2025-10-22,MED008,92,Normal
2025-10-23,MED008,78,Normal
2025-10-24,MED008,92,Normal
2025-10-25,MED008,77,Normal
2025-10-26,MED008,79,Normal
2025-10-27,MED008,91,Normal
2025-10-28,MED008,90,Normal
2025-10-29,MED008,78,Normal
2025-10-30,MED008,86,Normal
2025-10-31,MED008,87,Normal
2025-11-01,MED008,65,Normal
2025-11-02,MED008,73,Normal
2025-11-03,MED008,88,Normal
2025-11-04,MED008,81,Normal
2025-11-05,MED008,77,Normal
2025-11-06,MED008,89,Normal
2025-11-07,MED008,82,Normal
2025-11-08,MED008,75,Normal
2025-11-09,MED008,68,Normal
2025-11-10,MED008,86,Normal
2025-11-11,MED008,87,Normal
2025-11-12,MED008,85,Normal
2025-11-13,MED008,92,Normal
2025-11-14,MED008,88,Normal
2025-11-15,MED008,73,Normal
2025-11-16,MED008,73,Normal
2025-11-17,MED008,88,Normal
2025-11-18,MED008,83,Normal
2025-11-19,MED008,91,Normal
2025-11-20,MED008,92,Normal
2025-11-21,MED008,81,Normal
2025-11-22,MED008,78,Normal
2025-11-23,MED008,79,Normal
2025-11-24,MED008,87,Normal
2025-11-25,MED008,80,Normal
2025-11-26,MED008,93,Normal
2025-11-27,MED008,81,Normal
2025-11-28,MED008,78,Normal
2025-11-29,MED008,79,Normal
2025-11-30,MED008,73,Normal
2025-12-01,MED008,96,Normal
2025-12-02,MED008,87,Normal
2025-12-03,MED008,78,Normal
2025-12-04,MED008,120,Normal
2025-12-05,MED008,86,Normal
2025-12-06,MED008,70,Normal
2025-12-07,MED008,70,Normal
2025-12-08,MED008,94,Normal
2025-12-09,MED008,91,Normal
2025-12-10,MED008,85,Normal
2025-12-11,MED008,85,Normal
2025-12-12,MED008,96,Normal
2025-12-13,MED008,68,Normal
2025-12-14,MED008,74,Normal
2025-12-15,MED008,85,Normal
2025-12-16,MED008,86,Normal
2025-12-17,MED008,82,Normal
2025-12-18,MED008,96,Normal
2025-12-19,MED008,94,Normal
2025-12-20,MED008,95,Normal
2025-12-21,MED008,66,Normal
2025-12-22,MED008,78,Normal
2025-12-23,MED008,89,Normal
2025-12-24,MED008,96,Normal
2025-12-25,MED008,97,Normal
2025-12-26,MED008,91,Normal
2025-12-27,MED008,73,Normal
2025-12-28,MED008,70,Normal
2025-12-29,MED008,94,Normal
2025-12-30,MED008,91,Normal
2025-12-31,MED008,79,Normal
2025-01-01,MED009,72,Normal
2025-01-02,MED009,89,Normal
2025-01-03,MED009,83,Normal
2025-01-04,MED009,64,Normal
2025-01-05,MED009,74,Normal
2025-01-06,MED009,80,Normal
2025-01-07,MED009,79,Normal
2025-01-08,MED009,79,Normal
2025-01-09,MED009,69,Normal
2025-01-10,MED009,72,Normal
2025-01-11,MED009,70,Normal
2025-01-12,MED009,66,Normal
2025-01-13,MED009,88,Normal
2025-01-14,MED009,85,Normal
2025-01-15,MED009,72,Normal
2025-01-16,MED009,89,Normal
2025-01-17,MED009,78,Normal
2025-01-18,MED009,68,Normal
2025-01-19,MED009,64,Normal
2025-01-20,MED009,86,Normal
2025-01-21,MED009,84,Normal
2025-01-22,MED009,79,Normal
2025-01-23,MED009,87,Normal
2025-01-24,MED009,82,Normal
2025-01-25,MED009,67,Normal
2025-01-26,MED009,64,Normal
2025-01-27,MED009,71,Normal
2025-01-28,MED009,87,Normal
2025-01-29,MED009,72,Normal
2025-01-30,MED009,83,Normal
2025-01-31,MED009,72,Normal
2025-02-01,MED009,62,Normal
2025-02-02,MED009,68,Normal
2025-02-03,MED009,72,Normal
2025-02-04,MED009,88,Normal
2025-02-05,MED009,81,Normal
2025-02-06,MED009,89,Normal
2025-02-07,MED009,71,Normal
2025-02-08,MED009,62,Normal
2025-02-09,MED009,75,Normal
2025-02-10,MED009,73,Normal
2025-02-11,MED009,83,Normal
2025-02-12,MED009,81,Normal
2025-02-13,MED009,83,Normal
2025-02-14,MED009,79,Normal
2025-02-15,MED009,66,Normal
2025-02-16,MED009,69,Normal
2025-02-17,MED009,80,Normal
2025-02-18,MED009,121,Normal
2025-02-19,MED009,85,Normal
2025-02-20,MED009,73,Normal
2025-02-21,MED009,70,Normal
2025-02-22,MED009,73,Normal
2025-02-23,MED009,58,Normal
2025-02-24,MED009,80,Normal
2025-02-25,MED009,78,Normal
2025-02-26,MED009,76,Normal
2025-02-27,MED009,87,Normal
2025-02-28,MED009,79,Normal
2025-03-01,MED009,68,Normal
2025-03-02,MED009,73,Normal
2025-03-03,MED009,74,Normal
2025-03-04,MED009,75,Normal
2025-03-05,MED009,80,Normal
2025-03-06,MED009,73,Normal
2025-03-07,MED009,73,Normal
2025-03-08,MED009,60,Normal
2025-03-09,MED009,62,Normal
2025-03-10,MED009,84,Normal
2025-03-11,MED009,73,Normal
2025-03-12,MED009,89,Normal
2025-03-13,MED009,83,Normal
2025-03-14,MED009,88,Normal
2025-03-15,MED009,74,Normal
2025-03-16,MED009,72,Normal
2025-03-17,MED009,83,Normal
2025-03-18,MED009,76,Normal
2025-03-19,MED009,123,Normal
2025-03-20,MED009,84,Normal
2025-03-21,MED009,76,Normal
2025-03-22,MED009,65,Normal
2025-03-23,MED009,73,Normal
2025-03-24,MED009,70,Normal
2025-03-25,MED009,87,Normal
2025-03-26,MED009,80,Normal
2025-03-27,MED009,84,Normal
2025-03-28,MED009,71,Normal
2025-03-29,MED009,72,Normal
2025-03-30,MED009,65,Normal
2025-03-31,MED009,71,Normal
2025-04-01,MED009,88,Normal
2025-04-02,MED009,84,Normal
2025-04-03,MED009,71,Normal
2025-04-04,MED009,86,Normal
2025-04-05,MED009,66,Normal
2025-04-06,MED009,67,Normal
2025-04-07,MED009,69,Normal
2025-04-08,MED009,85,Normal
2025-04-09,MED009,87,Normal
2025-04-10,MED009,82,Normal
2025-04-11,MED009,78,Normal
2025-04-12,MED009,59,Normal
2025-04-13,MED009,74,Normal
2025-04-14,MED009,87,Normal
2025-04-15,MED009,89,Normal
2025-04-16,MED009,74,Normal
2025-04-17,MED009,78,Normal
2025-04-18,MED009,123,Normal
2025-04-19,MED009,71,Normal
2025-04-20,MED009,72,Normal
2025-04-21,MED009,77,Normal
2025-04-22,MED009,88,Normal
2025-04-23,MED009,107,Normal
2025-04-24,MED009,72,Normal
2025-04-25,MED009,87,Normal
2025-04-26,MED009,70,Normal
2025-04-27,MED009,62,Normal
2025-04-28,MED009,76,Normal
2025-04-29,MED009,85,Normal
2025-04-30,MED009,79,Normal
2025-05-01,MED009,73,Normal
2025-05-02,MED009,73,Normal
2025-05-03,MED009,69,Normal
2025-05-04,MED009,64,Normal
2025-05-05,MED009,89,Normal
2025-05-06,MED009,87,Normal
2025-05-07,MED009,80,Normal
2025-05-08,MED009,77,Normal
2025-05-09,MED009,72,Normal
2025-05-10,MED009,70,Normal
2025-05-11,MED009,66,Normal
2025-05-12,MED009,86,Normal
2025-05-13,MED009,81,Normal
2025-05-14,MED009,73,Normal
2025-05-15,MED009,114,Normal
2025-05-16,MED009,83,Normal
2025-05-17,MED009,67,Normal
2025-05-18,MED009,59,Normal
2025-05-19,MED009,86,Normal
2025-05-20,MED009,82,Normal
2025-05-21,MED009,89,Normal
2025-05-22,MED009,79,Normal
2025-05-23,MED009,72,Normal
2025-05-24,MED009,73,Normal
2025-05-25,MED009,64,Normal
2025-05-26,MED009,87,Normal
2025-05-27,MED009,85,Normal
2025-05-28,MED009,74,Normal
2025-05-29,MED009,69,Normal
2025-05-30,MED009,99,Normal
2025-05-31,MED009,61,Normal
2025-06-01,MED009,70,Normal
2025-06-02,MED009,78,Normal
2025-06-03,MED009,98,Normal
2025-06-04,MED009,71,Normal
2025-06-05,MED009,88,Normal
2025-06-06,MED009,75,Normal
2025-06-07,MED009,75,Normal
2025-06-08,MED009,61,Normal
2025-06-09,MED009,88,Normal
2025-06-10,MED009,89,Normal
2025-06-11,MED009,74,Normal
2025-06-12,MED009,74,Normal
2025-06-13,MED009,83,Normal
2025-06-14,MED009,60,Normal
2025-06-15,MED009,65,Normal
2025-06-16,MED009,79,Normal
2025-06-17,MED009,71,Normal
2025-06-18,MED009,70,Normal
2025-06-19,MED009,79,Normal
2025-06-20,MED009,77,Normal
2025-06-21,MED009,65,Normal
2025-06-22,MED009,60,Normal
2025-06-23,MED009,75,Normal
2025-06-24,MED009,74,Normal
2025-06-25,MED009,72,Normal
2025-06-26,MED009,82,Normal
2025-06-27,MED009,89,Normal
2025-06-28,MED009,70,Normal
2025-06-29,MED009,85,Normal
2025-06-30,MED009,71,Normal
2025-07-01,MED009,77,Normal
2025-07-02,MED009,69,Normal
2025-07-03,MED009,73,Normal
2025-07-04,MED009,69,Normal
2025-07-05,MED009,68,Normal
2025-07-06,MED009,67,Normal
2025-07-07,MED009,121,Normal
2025-07-08,MED009,84,Normal
2025-07-09,MED009,81,Normal
2025-07-10,MED009,71,Normal
2025-07-11,MED009,69,Normal
2025-07-12,MED009,71,Normal
2025-07-13,MED009,73,Normal
2025-07-14,MED009,80,Normal
2025-07-15,MED009,78,Normal
2025-07-16,MED009,89,Normal
2025-07-17,MED009,89,Normal
2025-07-18,MED009,86,Normal
2025-07-19,MED009,67,Normal
2025-07-20,MED009,70,Normal
2025-07-21,MED009,78,Normal
2025-07-22,MED009,74,Normal
2025-07-23,MED009,81,Normal
2025-07-24,MED009,78,Normal
2025-07-25,MED009,72,Normal
2025-07-26,MED009,68,Normal
2025-07-27,MED009,75,Normal
2025-07-28,MED009,75,Normal
2025-07-29,MED009,105,Normal
2025-07-30,MED009,87,Normal
2025-07-31,MED009,81,Normal
2025-08-01,MED009,86,Normal
2025-08-02,MED009,71,Normal
2025-08-03,MED009,70,Normal
2025-08-04,MED009,96,Normal
2025-08-05,MED009,70,Normal
2025-08-06,MED009,70,Normal
2025-08-07,MED009,75,Normal
2025-08-08,MED009,85,Normal
2025-08-09,MED009,73,Normal
2025-08-10,MED009,73,Normal
2025-08-11,MED009,99,Normal
2025-08-12,MED009,73,Normal
2025-08-13,MED009,69,Normal
2025-08-14,MED009,123,Normal
2025-08-15,MED009,89,Normal
2025-08-16,MED009,62,Normal
2025-08-17,MED009,66,Normal
2025-08-18,MED009,72,Normal
2025-08-19,MED009,74,Normal
2025-08-20,MED009,71,Normal
2025-08-21,MED009,72,Normal
2025-08-22,MED009,88,Normal
2025-08-23,MED009,64,Normal
2025-08-24,MED009,63,Normal
2025-08-25,MED009,81,Normal
2025-08-26,MED009,87,Normal
2025-08-27,MED009,79,Normal
2025-08-28,MED009,75,Normal
2025-08-29,MED009,87,Normal
2025-08-30,MED009,60,Normal
2025-08-31,MED009,62,Normal
2025-09-01,MED009,74,Normal
2025-09-02,MED009,86,Normal
2025-09-03,MED009,76,Normal
2025-09-04,MED009,70,Normal
2025-09-05,MED009,89,Normal
2025-09-06,MED009,86,Normal
2025-09-07,MED009,71,Normal
2025-09-08,MED009,69,Normal
2025-09-09,MED009,71,Normal
2025-09-10,MED009,87,Normal
2025-09-11,MED009,82,Normal
2025-09-12,MED009,84,Normal
2025-09-13,MED009,63,Normal
2025-09-14,MED009,65,Normal
2025-09-15,MED009,82,Normal
2025-09-16,MED009,74,Normal
2025-09-17,MED009,70,Normal
2025-09-18,MED009,84,Normal
2025-09-19,MED009,71,Normal
2025-09-20,MED009,66,Normal
2025-09-21,MED009,58,Normal
2025-09-22,MED009,75,Normal
2025-09-23,MED009,85,Normal
2025-09-24,MED009,88,Normal
2025-09-25,MED009,86,Normal
2025-09-26,MED009,83,Normal
2025-09-27,MED009,63,Normal
2025-09-28,MED009,63,Normal
2025-09-29,MED009,73,Normal
2025-09-30,MED009,84,Normal
2025-10-01,MED009,74,Normal
2025-10-02,MED009,70,Normal
2025-10-03,MED009,80,Normal
2025-10-04,MED009,69,Normal
2025-10-05,MED009,74,Normal
2025-10-06,MED009,116,Normal
2025-10-07,MED009,70,Normal
2025-10-08,MED009,74,Normal
2025-10-09,MED009,69,Normal
2025-10-10,MED009,72,Normal
2025-10-11,MED009,64,Normal
2025-10-12,MED009,73,Normal
2025-10-13,MED009,82,Normal
2025-10-14,MED009,79,Normal
2025-10-15,MED009,72,Normal
2025-10-16,MED009,72,Normal
2025-10-17,MED009,82,Normal
2025-10-18,MED009,68,Normal
2025-10-19,MED009,60,Normal
2025-10-20,MED009,84,Normal
2025-10-21,MED009,82,Normal
2025-10-22,MED009,88,Normal
2025-10-23,MED009,81,Normal
2025-10-24,MED009,83,Normal
2025-10-25,MED009,75,Normal
2025-10-26,MED009,65,Normal
2025-10-27,MED009,102,Normal
2025-10-28,MED009,87,Normal
2025-10-29,MED009,73,Normal
2025-10-30,MED009,83,Normal
2025-10-31,MED009,74,Normal
2025-11-01,MED009,64,Normal
2025-11-02,MED009,74,Normal
2025-11-03,MED009,89,Normal
2025-11-04,MED009,74,Normal
2025-11-05,MED009,86,Normal
2025-11-06,MED009,71,Normal
2025-11-07,MED009,85,Normal
2025-11-08,MED009,63,Normal
2025-11-09,MED009,70,Normal
2025-11-10,MED009,82,Normal
2025-11-11,MED009,76,Normal
2025-11-12,MED009,82,Normal
2025-11-13,MED009,87,Normal
2025-11-14,MED009,87,Normal
2025-11-15,MED009,69,Normal
2025-11-16,MED009,59,Normal
2025-11-17,MED009,118,Normal
2025-11-18,MED009,85,Normal
2025-11-19,MED009,72,Normal
2025-11-20,MED009,76,Normal
2025-11-21,MED009,69,Normal
2025-11-22,MED009,69,Normal
2025-11-23,MED009,62,Normal
2025-11-24,MED009,76,Normal
2025-11-25,MED009,99,Normal
2025-11-26,MED009,78,Normal
2025-11-27,MED009,83,Normal
2025-11-28,MED009,121,Normal
2025-11-29,MED009,70,Normal
2025-11-30,MED009,62,Normal
2025-12-01,MED009,81,Normal
2025-12-02,MED009,80,Normal
2025-12-03,MED009,124,Normal
2025-12-04,MED009,89,Normal
2025-12-05,MED009,79,Normal
2025-12-06,MED009,66,Normal
2025-12-07,MED009,65,Normal
2025-12-08,MED009,88,Normal
2025-12-09,MED009,75,Normal
2025-12-10,MED009,71,Normal
2025-12-11,MED009,79,Normal
2025-12-12,MED009,70,Normal
2025-12-13,MED009,68,Normal
2025-12-14,MED009,61,Normal
2025-12-15,MED009,83,Normal
2025-12-16,MED009,80,Normal
2025-12-17,MED009,89,Normal
2025-12-18,MED009,71,Normal
2025-12-19,MED009,75,Normal
2025-12-20,MED009,67,Normal
2025-12-21,MED009,61,Normal
2025-12-22,MED009,87,Normal
2025-12-23,MED009,75,Normal
2025-12-24,MED009,76,Normal
2025-12-25,MED009,77,Normal
2025-12-26,MED009,82,Normal
2025-12-27,MED009,60,Normal
2025-12-28,MED009,70,Normal
2025-12-29,MED009,85,Normal
2025-12-30,MED009,84,Normal
2025-12-31,MED009,86,Normal
2025-01-01,MED010,86,Normal
2025-01-02,MED010,69,Normal
2025-01-03,MED010,81,Normal
2025-01-04,MED010,67,Normal
2025-01-05,MED010,64,Normal
2025-01-06,MED010,69,Normal
2025-01-07,MED010,75,Normal
2025-01-08,MED010,71,Normal
2025-01-09,MED010,73,Normal
2025-01-10,MED010,121,Normal
2025-01-11,MED010,68,Normal
2025-01-12,MED010,71,Normal
2025-01-13,MED010,82,Normal
2025-01-14,MED010,81,Normal
2025-01-15,MED010,67,Normal
2025-01-16,MED010,96,Normal
2025-01-17,MED010,74,Normal
2025-01-18,MED010,70,Normal
2025-01-19,MED010,68,Normal
2025-01-20,MED010,87,Normal
2025-01-21,MED010,77,Normal
2025-01-22,MED010,83,Normal
2025-01-23,MED010,81,Normal
2025-01-24,MED010,85,Normal
2025-01-25,MED010,64,Normal
2025-01-26,MED010,63,Normal
2025-01-27,MED010,78,Normal
2025-01-28,MED010,68,Normal
2025-01-29,MED010,76,Normal
2025-01-30,MED010,72,Normal
2025-01-31,MED010,72,Normal
2025-02-01,MED010,64,Normal
2025-02-02,MED010,61,Normal
2025-02-03,MED010,71,Normal
2025-02-04,MED010,98,Normal
2025-02-05,MED010,77,Normal
2025-02-06,MED010,81,Normal
2025-02-07,MED010,72,Normal
2025-02-08,MED010,57,Normal
2025-02-09,MED010,66,Normal
2025-02-10,MED010,81,Normal
2025-02-11,MED010,72,Normal
2025-02-12,MED010,70,Normal
2025-02-13,MED010,79,Normal
2025-02-14,MED010,71,Normal
2025-02-15,MED010,65,Normal
2025-02-16,MED010,71,Normal
2025-02-17,MED010,77,Normal
2025-02-18,MED010,76,Normal
2025-02-19,MED010,76,Normal
2025-02-20,MED010,85,Normal
2025-02-21,MED010,85,Normal
2025-02-22,MED010,68,Normal
2025-02-23,MED010,59,Normal
2025-02-24,MED010,68,Normal
2025-02-25,MED010,84,Normal
2025-02-26,MED010,67,Normal
2025-02-27,MED010,74,Normal
2025-02-28,MED010,69,Normal
2025-03-01,MED010,73,Normal
2025-03-02,MED010,72,Normal
2025-03-03,MED010,75,Normal
2025-03-04,MED010,69,Normal
2025-03-05,MED010,81,Normal
2025-03-06,MED010,69,Normal
2025-03-07,MED010,79,Normal
2025-03-08,MED010,65,Normal
2025-03-09,MED010,70,Normal
2025-03-10,MED010,78,Normal
2025-03-11,MED010,80,Normal
2025-03-12,MED010,109,Normal
2025-03-13,MED010,78,Normal
2025-03-14,MED010,81,Normal
2025-03-15,MED010,58,Normal
2025-03-16,MED010,68,Normal
2025-03-17,MED010,80,Normal
2025-03-18,MED010,76,Normal
2025-03-19,MED010,80,Normal
2025-03-20,MED010,80,Normal
2025-03-21,MED010,85,Normal
2025-03-22,MED010,60,Normal
2025-03-23,MED010,69,Normal
2025-03-24,MED010,83,Normal
2025-03-25,MED010,69,Normal
2025-03-26,MED010,85,Normal
2025-03-27,MED010,96,Normal
2025-03-28,MED010,87,Normal
2025-03-29,MED010,68,Normal
2025-03-30,MED010,68,Normal
2025-03-31,MED010,71,Normal
2025-04-01,MED010,79,Normal
2025-04-02,MED010,114,Normal
2025-04-03,MED010,76,Normal
2025-04-04,MED010,76,Normal
2025-04-05,MED010,68,Normal
2025-04-06,MED010,56,Normal
2025-04-07,MED010,76,Normal
2025-04-08,MED010,87,Normal
2025-04-09,MED010,87,Normal
2025-04-10,MED010,76,Normal
2025-04-11,MED010,82,Normal
2025-04-12,MED010,73,Normal
2025-04-13,MED010,59,Normal
2025-04-14,MED010,82,Normal
2025-04-15,MED010,69,Normal
2025-04-16,MED010,78,Normal
2025-04-17,MED010,85,Normal
2025-04-18,MED010,75,Normal
2025-04-19,MED010,69,Normal
2025-04-20,MED010,59,Normal
2025-04-21,MED010,118,Normal
2025-04-22,MED010,75,Normal
2025-04-23,MED010,68,Normal
2025-04-24,MED010,81,Normal
2025-04-25,MED010,71,Normal
2025-04-26,MED010,57,Normal
2025-04-27,MED010,68,Normal
2025-04-28,MED010,109,Normal
2025-04-29,MED010,76,Normal
2025-04-30,MED010,69,Normal
2025-05-01,MED010,87,Normal
2025-05-02,MED010,70,Normal
2025-05-03,MED010,61,Normal
2025-05-04,MED010,65,Normal
2025-05-05,MED010,76,Normal
2025-05-06,MED010,78,Normal
2025-05-07,MED010,85,Normal
2025-05-08,MED010,99,Normal
2025-05-09,MED010,83,Normal
2025-05-10,MED010,69,Normal
2025-05-11,MED010,61,Normal
2025-05-12,MED010,71,Normal
2025-05-13,MED010,73,Normal
2025-05-14,MED010,84,Normal
2025-05-15,MED010,83,Normal
2025-05-16,MED010,84,Normal
2025-05-17,MED010,59,Normal
2025-05-18,MED010,58,Normal
2025-05-19,MED010,71,Normal
2025-05-20,MED010,82,Normal
2025-05-21,MED010,78,Normal
2025-05-22,MED010,81,Normal
2025-05-23,MED010,86,Normal
2025-05-24,MED010,65,Normal
2025-05-25,MED010,89,Normal
2025-05-26,MED010,70,Normal
2025-05-27,MED010,71,Normal
2025-05-28,MED010,76,Normal
2025-05-29,MED010,71,Normal
2025-05-30,MED010,80,Normal
2025-05-31,MED010,59,Normal
2025-06-01,MED010,69,Normal
2025-06-02,MED010,68,Normal
2025-06-03,MED010,68,Normal
2025-06-04,MED010,83,Normal
2025-06-05,MED010,82,Normal
2025-06-06,MED010,105,Normal
2025-06-07,MED010,64,Normal
2025-06-08,MED010,59,Normal
2025-06-09,MED010,86,Normal
2025-06-10,MED010,73,Normal
2025-06-11,MED010,109,Normal
2025-06-12,MED010,71,Normal
2025-06-13,MED010,75,Normal
2025-06-14,MED010,66,Normal
2025-06-15,MED010,70,Normal
2025-06-16,MED010,86,Normal
2025-06-17,MED010,85,Normal
2025-06-18,MED010,85,Normal
2025-06-19,MED010,83,Normal
2025-06-20,MED010,73,Normal
2025-06-21,MED010,61,Normal
2025-06-22,MED010,99,Normal
2025-06-23,MED010,70,Normal
2025-06-24,MED010,83,Normal
2025-06-25,MED010,82,Normal
2025-06-26,MED010,85,Normal
2025-06-27,MED010,70,Normal
2025-06-28,MED010,66,Normal
2025-06-29,MED010,68,Normal
2025-06-30,MED010,74,Normal
2025-07-01,MED010,77,Normal
2025-07-02,MED010,70,Normal
2025-07-03,MED010,82,Normal
2025-07-04,MED010,76,Normal
2025-07-05,MED010,57,Normal
2025-07-06,MED010,69,Normal
2025-07-07,MED010,76,Normal
2025-07-08,MED010,76,Normal
2025-07-09,MED010,81,Normal
2025-07-10,MED010,80,Normal
2025-07-11,MED010,80,Normal
2025-07-12,MED010,58,Normal
2025-07-13,MED010,69,Normal
2025-07-14,MED010,78,Normal
2025-07-15,MED010,82,Normal
2025-07-16,MED010,79,Normal
2025-07-17,MED010,69,Normal
2025-07-18,MED010,79,Normal
2025-07-19,MED010,72,Normal
2025-07-20,MED010,61,Normal
2025-07-21,MED010,73,Normal
2025-07-22,MED010,86,Normal
2025-07-23,MED010,79,Normal
2025-07-24,MED010,80,Normal
2025-07-25,MED010,75,Normal
2025-07-26,MED010,72,Normal
2025-07-27,MED010,73,Normal
2025-07-28,MED010,78,Normal
2025-07-29,MED010,86,Normal
2025-07-30,MED010,82,Normal
2025-07-31,MED010,71,Normal
2025-08-01,MED010,70,Normal
2025-08-02,MED010,69,Normal
2025-08-03,MED010,73,Normal
2025-08-04,MED010,67,Normal
2025-08-05,MED010,68,Normal
2025-08-06,MED010,82,Normal
2025-08-07,MED010,72,Normal
2025-08-08,MED010,77,Normal
2025-08-09,MED010,73,Normal
2025-08-10,MED010,58,Normal
2025-08-11,MED010,83,Normal
2025-08-12,MED010,81,Normal
2025-08-13,MED010,82,Normal
2025-08-14,MED010,75,Normal
2025-08-15,MED010,84,Normal
2025-08-16,MED010,57,Normal
2025-08-17,MED010,59,Normal
2025-08-18,MED010,77,Normal
2025-08-19,MED010,81,Normal
2025-08-20,MED010,68,Normal
2025-08-21,MED010,76,Normal
2025-08-22,MED010,72,Normal
2025-08-23,MED010,60,Normal
2025-08-24,MED010,67,Normal
2025-08-25,MED010,70,Normal
2025-08-26,MED010,82,Normal
2025-08-27,MED010,84,Normal
2025-08-28,MED010,82,Normal
2025-08-29,MED010,72,Normal
2025-08-30,MED010,67,Normal
2025-08-31,MED010,72,Normal
2025-09-01,MED010,86,Normal
2025-09-02,MED010,76,Normal
2025-09-03,MED010,67,Normal
2025-09-04,MED010,71,Normal
2025-09-05,MED010,78,Normal
2025-09-06,MED010,100,Normal
2025-09-07,MED010,73,Normal
2025-09-08,MED010,70,Normal
2025-09-09,MED010,78,Normal
2025-09-10,MED010,68,Normal
2025-09-11,MED010,74,Normal
2025-09-12,MED010,76,Normal
2025-09-13,MED010,58,Normal
2025-09-14,MED010,59,Normal
2025-09-15,MED010,67,Normal
2025-09-16,MED010,68,Normal
2025-09-17,MED010,80,Normal
2025-09-18,MED010,80,Normal
2025-09-19,MED010,82,Normal
2025-09-20,MED010,65,Normal
2025-09-21,MED010,67,Normal
2025-09-22,MED010,70,Normal
2025-09-23,MED010,70,Normal
2025-09-24,MED010,73,Normal
2025-09-25,MED010,83,Normal
2025-09-26,MED010,77,Normal
2025-09-27,MED010,64,Normal
2025-09-28,MED010,68,Normal
2025-09-29,MED010,87,Normal
2025-09-30,MED010,69,Normal
2025-10-01,MED010,84,Normal
2025-10-02,MED010,105,Normal
2025-10-03,MED010,85,Normal
2025-10-04,MED010,62,Normal
2025-10-05,MED010,58,Normal
2025-10-06,MED010,85,Normal
2025-10-07,MED010,77,Normal
2025-10-08,MED010,85,Normal
2025-10-09,MED010,82,Normal
2025-10-10,MED010,78,Normal
2025-10-11,MED010,73,Normal
2025-10-12,MED010,70,Normal
2025-10-13,MED010,80,Normal
2025-10-14,MED010,77,Normal
2025-10-15,MED010,79,Normal
2025-10-16,MED010,83,Normal
2025-10-17,MED010,84,Normal
2025-10-18,MED010,56,Normal
2025-10-19,MED010,70,Normal
2025-10-20,MED010,85,Normal
2025-10-21,MED010,81,Normal
2025-10-22,MED010,87,Normal
2025-10-23,MED010,86,Normal
2025-10-24,MED010,80,Normal
2025-10-25,MED010,73,Normal
2025-10-26,MED010,62,Normal
2025-10-27,MED010,71,Normal
2025-10-28,MED010,76,Normal
2025-10-29,MED010,80,Normal
2025-10-30,MED010,69,Normal
2025-10-31,MED010,80,Normal
2025-11-01,MED010,64,Normal
2025-11-02,MED010,63,Normal
2025-11-03,MED010,74,Normal
2025-11-04,MED010,70,Normal
2025-11-05,MED010,67,Normal
2025-11-06,MED010,76,Normal
2025-11-07,MED010,84,Normal
2025-11-08,MED010,68,Normal
2025-11-09,MED010,57,Normal
2025-11-10,MED010,75,Normal
2025-11-11,MED010,75,Normal
2025-11-12,MED010,75,Normal
2025-11-13,MED010,72,Normal
2025-11-14,MED010,68,Normal
2025-11-15,MED010,69,Normal
2025-11-16,MED010,57,Normal
2025-11-17,MED010,69,Normal
2025-11-18,MED010,76,Normal
2025-11-19,MED010,80,Normal
2025-11-20,MED010,69,Normal
2025-11-21,MED010,71,Normal
2025-11-22,MED010,72,Normal
2025-11-23,MED010,59,Normal
2025-11-24,MED010,85,Normal
2025-11-25,MED010,83,Normal
2025-11-26,MED010,69,Normal
2025-11-27,MED010,70,Normal
2025-11-28,MED010,77,Normal
2025-11-29,MED010,72,Normal
2025-11-30,MED010,62,Normal
2025-12-01,MED010,73,Normal
2025-12-02,MED010,72,Normal
2025-12-03,MED010,75,Normal
2025-12-04,MED010,75,Normal
2025-12-05,MED010,68,Normal
2025-12-06,MED010,66,Normal
2025-12-07,MED010,59,Normal
2025-12-08,MED010,80,Normal
2025-12-09,MED010,74,Normal
2025-12-10,MED010,71,Normal
2025-12-11,MED010,78,Normal
2025-12-12,MED010,67,Normal
2025-12-13,MED010,102,Normal
2025-12-14,MED010,57,Normal
2025-12-15,MED010,74,Normal
2025-12-16,MED010,79,Normal
2025-12-17,MED010,78,Normal
2025-12-18,MED010,70,Normal
2025-12-19,MED010,74,Normal
2025-12-20,MED010,93,Normal
2025-12-21,MED010,67,Normal
2025-12-22,MED010,75,Normal
2025-12-23,MED010,74,Normal
2025-12-24,MED010,72,Normal
2025-12-25,MED010,87,Normal
2025-12-26,MED010,87,Normal
2025-12-27,MED010,57,Normal
2025-12-28,MED010,58,Normal
2025-12-29,MED010,82,Normal
2025-12-30,MED010,80,Normal
2025-12-31,MED010,77,Normal
2025-01-01,MED011,27,Normal
2025-01-02,MED011,38,Normal
2025-01-03,MED011,35,Normal
2025-01-04,MED011,33,Normal
2025-01-05,MED011,30,Normal
2025-01-06,MED011,23,Normal
2025-01-07,MED011,27,Normal
2025-01-08,MED011,42,Normal
2025-01-09,MED011,34,Normal
2025-01-10,MED011,31,Normal
2025-01-11,MED011,20,Normal
2025-01-12,MED011,24,Normal
2025-01-13,MED011,42,Normal
2025-01-14,MED011,41,Normal
2025-01-15,MED011,32,Normal
2025-01-16,MED011,26,Normal
2025-01-17,MED011,40,Normal
2025-01-18,MED011,26,Normal
2025-01-19,MED011,29,Normal
2025-01-20,MED011,34,Normal
2025-01-21,MED011,40,Normal
2025-01-22,MED011,22,Normal
2025-01-23,MED011,42,Normal
2025-01-24,MED011,29,Normal
2025-01-25,MED011,30,Normal
2025-01-26,MED011,30,Normal
2025-01-27,MED011,41,Normal
2025-01-28,MED011,30,Normal
2025-01-29,MED011,33,Normal
2025-01-30,MED011,40,Normal
2025-01-31,MED011,38,Normal
2025-02-01,MED011,30,Normal
2025-02-02,MED011,31,Normal
2025-02-03,MED011,28,Normal
2025-02-04,MED011,30,Normal
2025-02-05,MED011,37,Normal
2025-02-06,MED011,35,Normal
2025-02-07,MED011,41,Normal
2025-02-08,MED011,26,Normal
2025-02-09,MED011,23,Normal
2025-02-10,MED011,35,Normal
2025-02-11,MED011,22,Normal
2025-02-12,MED011,30,Normal
2025-02-13,MED011,36,Normal
2025-02-14,MED011,33,Normal
2025-02-15,MED011,35,Normal
2025-02-16,MED011,18,Normal
2025-02-17,MED011,32,Normal
2025-02-18,MED011,34,Normal
2025-02-19,MED011,34,Normal
2025-02-20,MED011,41,Normal
2025-02-21,MED011,25,Normal
2025-02-22,MED011,19,Normal
2025-02-23,MED011,24,Normal
2025-02-24,MED011,33,Normal
2025-02-25,MED011,41,Normal
2025-02-26,MED011,32,Normal
2025-02-27,MED011,38,Normal
2025-02-28,MED011,31,Normal
2025-03-01,MED011,28,Normal
2025-03-02,MED011,46,Normal
2025-03-03,MED011,27,Normal
2025-03-04,MED011,38,Normal
2025-03-05,MED011,32,Normal
2025-03-06,MED011,26,Normal
2025-03-07,MED011,38,Normal
2025-03-08,MED011,25,Normal
2025-03-09,MED011,19,Normal
2025-03-10,MED011,37,Normal
2025-03-11,MED011,30,Normal
2025-03-12,MED011,35,Normal
2025-03-13,MED011,30,Normal
2025-03-14,MED011,30,Normal
2025-03-15,MED011,29,Normal
2025-03-16,MED011,27,Normal
2025-03-17,MED011,37,Normal
2025-03-18,MED011,26,Normal
2025-03-19,MED011,42,Normal
2025-03-20,MED011,23,Normal
2025-03-21,MED011,23,Normal
2025-03-22,MED011,19,Normal
2025-03-23,MED011,22,Normal
2025-03-24,MED011,35,Normal
2025-03-25,MED011,51,Normal
2025-03-26,MED011,33,Normal
2025-03-27,MED011,39,Normal
2025-03-28,MED011,37,Normal
2025-03-29,MED011,22,Normal
2025-03-30,MED011,20,Normal
2025-03-31,MED011,31,Normal
2025-04-01,MED011,27,Normal
2025-04-02,MED011,30,Normal
2025-04-03,MED011,40,Normal
2025-04-04,MED011,22,Normal
2025-04-05,MED011,34,Normal
2025-04-06,MED011,20,Normal
2025-04-07,MED011,37,Normal
2025-04-08,MED011,44,Normal
2025-04-09,MED011,25,Normal
2025-04-10,MED011,40,Normal
2025-04-11,MED011,25,Normal
2025-04-12,MED011,30,Normal
2025-04-13,MED011,30,Normal
2025-04-14,MED011,37,Normal
2025-04-15,MED011,30,Normal
2025-04-16,MED011,22,Normal
2025-04-17,MED011,23,Normal
2025-04-18,MED011,36,Normal
2025-04-19,MED011,34,Normal
2025-04-20,MED011,19,Normal
2025-04-21,MED011,31,Normal
2025-04-22,MED011,23,Normal
2025-04-23,MED011,39,Normal
2025-04-24,MED011,34,Normal
2025-04-25,MED011,30,Normal
2025-04-26,MED011,28,Normal
2025-04-27,MED011,23,Normal
2025-04-28,MED011,34,Normal
2025-04-29,MED011,42,Normal
2025-04-30,MED011,31,Normal
2025-05-01,MED011,35,Normal
2025-05-02,MED011,31,Normal
2025-05-03,MED011,34,Normal
2025-05-04,MED011,21,Normal
2025-05-05,MED011,38,Normal
2025-05-06,MED011,36,Normal
2025-05-07,MED011,37,Normal
2025-05-08,MED011,41,Normal
2025-05-09,MED011,35,Normal
2025-05-10,MED011,34,Normal
2025-05-11,MED011,35,Normal
2025-05-12,MED011,23,Normal
2025-05-13,MED011,36,Normal
2025-05-14,MED011,42,Normal
2025-05-15,MED011,26,Normal
2025-05-16,MED011,38,Normal
2025-05-17,MED011,32,Normal
2025-05-18,MED011,30,Normal
2025-05-19,MED011,37,Normal
2025-05-20,MED011,26,Normal
2025-05-21,MED011,31,Normal
2025-05-22,MED011,38,Normal
2025-05-23,MED011,56,Normal
2025-05-24,MED011,20,Normal
2025-05-25,MED011,32,Normal
2025-05-26,MED011,35,Normal
2025-05-27,MED011,36,Normal
2025-05-28,MED011,40,Normal
2025-05-29,MED011,33,Normal
2025-05-30,MED011,24,Normal
2025-05-31,MED011,18,Normal
2025-06-01,MED011,30,Normal
2025-06-02,MED011,27,Normal
2025-06-03,MED011,23,Normal
2025-06-04,MED011,31,Normal
2025-06-05,MED011,36,Normal
2025-06-06,MED011,36,Normal
2025-06-07,MED011,25,Normal
2025-06-08,MED011,22,Normal
2025-06-09,MED011,24,Normal
2025-06-10,MED011,41,Normal
2025-06-11,MED011,25,Normal
2025-06-12,MED011,30,Normal
2025-06-13,MED011,35,Normal
2025-06-14,MED011,35,Normal
2025-06-15,MED011,28,Normal
2025-06-16,MED011,41,Normal
2025-06-17,MED011,31,Normal
2025-06-18,MED011,41,Normal
2025-06-19,MED011,34,Normal
2025-06-20,MED011,24,Normal
2025-06-21,MED011,18,Normal
2025-06-22,MED011,18,Normal
2025-06-23,MED011,28,Normal
2025-06-24,MED011,28,Normal
2025-06-25,MED011,26,Normal
2025-06-26,MED011,35,Normal
2025-06-27,MED011,39,Normal
2025-06-28,MED011,26,Normal
2025-06-29,MED011,22,Normal
2025-06-30,MED011,22,Normal
2025-07-01,MED011,26,Normal
2025-07-02,MED011,36,Normal
2025-07-03,MED011,51,Normal
2025-07-04,MED011,36,Normal
2025-07-05,MED011,23,Normal
2025-07-06,MED011,28,Normal
2025-07-07,MED011,22,Normal
2025-07-08,MED011,35,Normal
2025-07-09,MED011,37,Normal
2025-07-10,MED011,41,Normal
2025-07-11,MED011,43,Normal
2025-07-12,MED011,28,Normal
2025-07-13,MED011,34,Normal
2025-07-14,MED011,37,Normal
2025-07-15,MED011,23,Normal
2025-07-16,MED011,35,Normal
2025-07-17,MED011,39,Normal
2025-07-18,MED011,42,Normal
2025-07-19,MED011,31,Normal
2025-07-20,MED011,34,Normal
2025-07-21,MED011,33,Normal
2025-07-22,MED011,49,Normal
2025-07-23,MED011,31,Normal
2025-07-24,MED011,37,Normal
2025-07-25,MED011,29,Normal
2025-07-26,MED011,34,Normal
2025-07-27,MED011,27,Normal
2025-07-28,MED011,36,Normal
2025-07-29,MED011,31,Normal
2025-07-30,MED011,34,Normal
2025-07-31,MED011,42,Normal
2025-08-01,MED011,37,Normal
2025-08-02,MED011,22,Normal
2025-08-03,MED011,26,Normal
2025-08-04,MED011,24,Normal
2025-08-05,MED011,26,Normal
2025-08-06,MED011,27,Normal
2025-08-07,MED011,25,Normal
2025-08-08,MED011,37,Normal
2025-08-09,MED011,23,Normal
2025-08-10,MED011,18,Normal
2025-08-11,MED011,30,Normal
2025-08-12,MED011,27,Normal
2025-08-13,MED011,53,Normal
2025-08-14,MED011,24,Normal
2025-08-15,MED011,25,Normal
2025-08-16,MED011,21,Normal
2025-08-17,MED011,31,Normal
2025-08-18,MED011,32,Normal
2025-08-19,MED011,23,Normal
2025-08-20,MED011,39,Normal
2025-08-21,MED011,26,Normal
2025-08-22,MED011,38,Normal
2025-08-23,MED011,21,Normal
2025-08-24,MED011,30,Normal
2025-08-25,MED011,25,Normal
2025-08-26,MED011,41,Normal
2025-08-27,MED011,25,Normal
2025-08-28,MED011,23,Normal
2025-08-29,MED011,27,Normal
2025-08-30,MED011,23,Normal
2025-08-31,MED011,22,Normal
2025-09-01,MED011,36,Normal
2025-09-02,MED011,37,Normal
2025-09-03,MED011,25,Normal
2025-09-04,MED011,33,Normal
2025-09-05,MED011,26,Normal
2025-09-06,MED011,23,Normal
2025-09-07,MED011,29,Normal
2025-09-08,MED011,22,Normal
2025-09-09,MED011,37,Normal
2025-09-10,MED011,38,Normal
2025-09-11,MED011,30,Normal
2025-09-12,MED011,35,Normal
2025-09-13,MED011,24,Normal
2025-09-14,MED011,32,Normal
2025-09-15,MED011,29,Normal
2025-09-16,MED011,35,Normal
2025-09-17,MED011,35,Normal
2025-09-18,MED011,38,Normal
2025-09-19,MED011,33,Normal
2025-09-20,MED011,30,Normal
2025-09-21,MED011,18,Normal
2025-09-22,MED011,38,Normal
2025-09-23,MED011,24,Normal
2025-09-24,MED011,34,Normal
2025-09-25,MED011,27,Normal
2025-09-26,MED011,34,Normal
2025-09-27,MED011,35,Normal
2025-09-28,MED011,34,Normal
2025-09-29,MED011,42,Normal
2025-09-30,MED011,38,Normal
2025-10-01,MED011,35,Normal
2025-10-02,MED011,39,Normal
2025-10-03,MED011,32,Normal
2025-10-04,MED011,18,Normal
2025-10-05,MED011,32,Normal
2025-10-06,MED011,26,Normal
2025-10-07,MED011,36,Normal
2025-10-08,MED011,39,Normal
2025-10-09,MED011,41,Normal
2025-10-10,MED011,33,Normal
2025-10-11,MED011,35,Normal
2025-10-12,MED011,23,Normal
2025-10-13,MED011,33,Normal
2025-10-14,MED011,32,Normal
2025-10-15,MED011,26,Normal
2025-10-16,MED011,39,Normal
2025-10-17,MED011,24,Normal
2025-10-18,MED011,26,Normal
2025-10-19,MED011,35,Normal
2025-10-20,MED011,22,Normal
2025-10-21,MED011,39,Normal
2025-10-22,MED011,29,Normal
2025-10-23,MED011,31,Normal
2025-10-24,MED011,38,Normal
2025-10-25,MED011,19,Normal
2025-10-26,MED011,25,Normal
2025-10-27,MED011,33,Normal
2025-10-28,MED011,42,Normal
2025-10-29,MED011,36,Normal
2025-10-30,MED011,22,Normal
2025-10-31,MED011,29,Normal
2025-11-01,MED011,34,Normal
2025-11-02,MED011,35,Normal
2025-11-03,MED011,41,Normal
2025-11-04,MED011,31,Normal
2025-11-05,MED011,40,Normal
2025-11-06,MED011,34,Normal
2025-11-07,MED011,29,Normal
2025-11-08,MED011,32,Normal
2025-11-09,MED011,28,Normal
2025-11-10,MED011,26,Normal
2025-11-11,MED011,35,Normal
2025-11-12,MED011,23,Normal
2025-11-13,MED011,26,Normal
2025-11-14,MED011,36,Normal
2025-11-15,MED011,32,Normal
2025-11-16,MED011,33,Normal
2025-11-17,MED011,34,Normal
2025-11-18,MED011,40,Normal
2025-11-19,MED011,35,Normal
2025-11-20,MED011,37,Normal
2025-11-21,MED011,35,Normal
2025-11-22,MED011,22,Normal
2025-11-23,MED011,31,Normal
2025-11-24,MED011,26,Normal
2025-11-25,MED011,38,Normal
2025-11-26,MED011,25,Normal
2025-11-27,MED011,36,Normal
2025-11-28,MED011,27,Normal
2025-11-29,MED011,28,Normal
2025-11-30,MED011,21,Normal
2025-12-01,MED011,35,Normal
2025-12-02,MED011,33,Normal
2025-12-03,MED011,23,Normal
2025-12-04,MED011,25,Normal
2025-12-05,MED011,33,Normal
2025-12-06,MED011,43,Normal
2025-12-07,MED011,22,Normal
2025-12-08,MED011,40,Normal
2025-12-09,MED011,31,Normal
2025-12-10,MED011,28,Normal
2025-12-11,MED011,51,Normal
2025-12-12,MED011,39,Normal
2025-12-13,MED011,19,Normal
2025-12-14,MED011,34,Normal
2025-12-15,MED011,36,Normal
2025-12-16,MED011,34,Normal
2025-12-17,MED011,41,Normal
2025-12-18,MED011,26,Normal
2025-12-19,MED011,36,Normal
2025-12-20,MED011,30,Normal
2025-12-21,MED011,27,Normal
2025-12-22,MED011,41,Normal
2025-12-23,MED011,35,Normal
2025-12-24,MED011,34,Normal
2025-12-25,MED011,23,Normal
2025-12-26,MED011,36,Normal
2025-12-27,MED011,35,Normal
2025-12-28,MED011,22,Normal
2025-12-29,MED011,40,Normal
2025-12-30,MED011,31,Normal
2025-12-31,MED011,25,Normal
2025-01-01,MED012,26,Normal
2025-01-02,MED012,37,Normal
2025-01-03,MED012,21,Normal
2025-01-04,MED012,30,Normal
2025-01-05,MED012,29,Normal
2025-01-06,MED012,20,Normal
2025-01-07,MED012,37,Normal
2025-01-08,MED012,20,Normal
2025-01-09,MED012,26,Normal
2025-01-10,MED012,38,Normal
2025-01-11,MED012,31,Normal
2025-01-12,MED012,27,Normal
2025-01-13,MED012,35,Normal
2025-01-14,MED012,20,Normal
2025-01-15,MED012,25,Normal
2025-01-16,MED012,36,Normal
2025-01-17,MED012,28,Normal
2025-01-18,MED012,19,Normal
2025-01-19,MED012,24,Normal
2025-01-20,MED012,28,Normal
2025-01-21,MED012,24,Normal
2025-01-22,MED012,33,Normal
2025-01-23,MED012,21,Normal
2025-01-24,MED012,30,Normal
2025-01-25,MED012,17,Normal
2025-01-26,MED012,19,Normal
2025-01-27,MED012,33,Normal
2025-01-28,MED012,28,Normal
2025-01-29,MED012,23,Normal
2025-01-30,MED012,27,Normal
2025-01-31,MED012,38,Normal
2025-02-01,MED012,30,Normal
2025-02-02,MED012,27,Normal
2025-02-03,MED012,28,Normal
2025-02-04,MED012,34,Normal
2025-02-05,MED012,22,Normal
2025-02-06,MED012,33,Normal
2025-02-07,MED012,20,Normal
2025-02-08,MED012,32,Normal
2025-02-09,MED012,22,Normal
2025-02-10,MED012,40,Normal
2025-02-11,MED012,29,Normal
2025-02-12,MED012,34,Normal
2025-02-13,MED012,40,Normal
2025-02-14,MED012,24,Normal
2025-02-15,MED012,21,Normal
2025-02-16,MED012,31,Normal
2025-02-17,MED012,37,Normal
2025-02-18,MED012,20,Normal
2025-02-19,MED012,39,Normal
2025-02-20,MED012,35,Normal
2025-02-21,MED012,35,Normal
2025-02-22,MED012,23,Normal
2025-02-23,MED012,27,Normal
2025-02-24,MED012,40,Normal
2025-02-25,MED012,36,Normal
2025-02-26,MED012,25,Normal
2025-02-27,MED012,38,Normal
2025-02-28,MED012,22,Normal
2025-03-01,MED012,19,Normal
2025-03-02,MED012,31,Normal
2025-03-03,MED012,33,Normal
2025-03-04,MED012,36,Normal
2025-03-05,MED012,30,Normal
2025-03-06,MED012,30,Normal
2025-03-07,MED012,34,Normal
2025-03-08,MED012,25,Normal
2025-03-09,MED012,28,Normal
2025-03-10,MED012,42,Normal
2025-03-11,MED012,24,Normal
2025-03-12,MED012,20,Normal
2025-03-13,MED012,20,Normal
2025-03-14,MED012,25,Normal
2025-03-15,MED012,29,Normal
2025-03-16,MED012,31,Normal
2025-03-17,MED012,40,Normal
2025-03-18,MED012,51,Normal
2025-03-19,MED012,34,Normal
2025-03-20,MED012,31,Normal
2025-03-21,MED012,32,Normal
2025-03-22,MED012,26,Normal
2025-03-23,MED012,17,Normal
2025-03-24,MED012,31,Normal
2025-03-25,MED012,47,Normal
2025-03-26,MED012,20,Normal
2025-03-27,MED012,31,Normal
2025-03-28,MED012,39,Normal
2025-03-29,MED012,22,Normal
2025-03-30,MED012,29,Normal
2025-03-31,MED012,21,Normal
2025-04-01,MED012,39,Normal
2025-04-02,MED012,26,Normal
2025-04-03,MED012,40,Normal
2025-04-04,MED012,28,Normal
2025-04-05,MED012,29,Normal
2025-04-06,MED012,22,Normal
2025-04-07,MED012,38,Normal
2025-04-08,MED012,39,Normal
2025-04-09,MED012,22,Normal
2025-04-10,MED012,22,Normal
2025-04-11,MED012,38,Normal
2025-04-12,MED012,30,Normal
2025-04-13,MED012,23,Normal
2025-04-14,MED012,20,Normal
2025-04-15,MED012,37,Normal
2025-04-16,MED012,37,Normal
2025-04-17,MED012,20,Normal
2025-04-18,MED012,40,Normal
2025-04-19,MED012,34,Normal
2025-04-20,MED012,25,Normal
2025-04-21,MED012,33,Normal
2025-04-22,MED012,36,Normal
2025-04-23,MED012,31,Normal
2025-04-24,MED012,21,Normal
2025-04-25,MED012,37,Normal
2025-04-26,MED012,28,Normal
2025-04-27,MED012,35,Normal
2025-04-28,MED012,26,Normal
2025-04-29,MED012,38,Normal
2025-04-30,MED012,27,Normal
2025-05-01,MED012,33,Normal
2025-05-02,MED012,27,Normal
2025-05-03,MED012,25,Normal
2025-05-04,MED012,34,Normal
2025-05-05,MED012,20,Normal
2025-05-06,MED012,20,Normal
2025-05-07,MED012,40,Normal
2025-05-08,MED012,28,Normal
2025-05-09,MED012,35,Normal
2025-05-10,MED012,25,Normal
2025-05-11,MED012,25,Normal
2025-05-12,MED012,27,Normal
2025-05-13,MED012,39,Normal
2025-05-14,MED012,23,Normal
2025-05-15,MED012,38,Normal
2025-05-16,MED012,21,Normal
2025-05-17,MED012,27,Normal
2025-05-18,MED012,18,Normal
2025-05-19,MED012,21,Normal
2025-05-20,MED012,34,Normal
2025-05-21,MED012,39,Normal
2025-05-22,MED012,22,Normal
2025-05-23,MED012,21,Normal
2025-05-24,MED012,24,Normal
2025-05-25,MED012,27,Normal
2025-05-26,MED012,33,Normal
2025-05-27,MED012,39,Normal
2025-05-28,MED012,54,Normal
2025-05-29,MED012,32,Normal
2025-05-30,MED012,33,Normal
2025-05-31,MED012,33,Normal
2025-06-01,MED012,34,Normal
2025-06-02,MED012,20,Normal
2025-06-03,MED012,30,Normal
2025-06-04,MED012,23,Normal
2025-06-05,MED012,39,Normal
2025-06-06,MED012,38,Normal
2025-06-07,MED012,22,Normal
2025-06-08,MED012,20,Normal
2025-06-09,MED012,28,Normal
2025-06-10,MED012,35,Normal
2025-06-11,MED012,34,Normal
2025-06-12,MED012,24,Normal
2025-06-13,MED012,21,Normal
2025-06-14,MED012,32,Normal
2025-06-15,MED012,34,Normal
2025-06-16,MED012,29,Normal
2025-06-17,MED012,37,Normal
2025-06-18,MED012,24,Normal
2025-06-19,MED012,39,Normal
2025-06-20,MED012,31,Normal
2025-06-21,MED012,30,Normal
2025-06-22,MED012,20,Normal
2025-06-23,MED012,36,Normal
2025-06-24,MED012,37,Normal
2025-06-25,MED012,33,Normal
2025-06-26,MED012,26,Normal
2025-06-27,MED012,26,Normal
2025-06-28,MED012,25,Normal
2025-06-29,MED012,29,Normal
2025-06-30,MED012,34,Normal
2025-07-01,MED012,30,Normal
2025-07-02,MED012,38,Normal
2025-07-03,MED012,39,Normal
2025-07-04,MED012,30,Normal
2025-07-05,MED012,28,Normal
2025-07-06,MED012,17,Normal
2025-07-07,MED012,20,Normal
2025-07-08,MED012,27,Normal
2025-07-09,MED012,26,Normal
2025-07-10,MED012,30,Normal
2025-07-11,MED012,32,Normal
2025-07-12,MED012,21,Normal
2025-07-13,MED012,17,Normal
2025-07-14,MED012,22,Normal
2025-07-15,MED012,37,Normal
2025-07-16,MED012,29,Normal
2025-07-17,MED012,40,Normal
2025-07-18,MED012,43,Normal
2025-07-19,MED012,17,Normal
2025-07-20,MED012,24,Normal
2025-07-21,MED012,28,Normal
2025-07-22,MED012,30,Normal
2025-07-23,MED012,27,Normal
2025-07-24,MED012,20,Normal
2025-07-25,MED012,28,Normal
2025-07-26,MED012,17,Normal
2025-07-27,MED012,20,Normal
2025-07-28,MED012,23,Normal
2025-07-29,MED012,26,Normal
2025-07-30,MED012,27,Normal
2025-07-31,MED012,31,Normal
2025-08-01,MED012,36,Normal
2025-08-02,MED012,33,Normal
2025-08-03,MED012,18,Normal
2025-08-04,MED012,24,Normal
2025-08-05,MED012,26,Normal
2025-08-06,MED012,31,Normal
2025-08-07,MED012,33,Normal
2025-08-08,MED012,27,Normal
2025-08-09,MED012,33,Normal
2025-08-10,MED012,31,Normal
2025-08-11,MED012,24,Normal
2025-08-12,MED012,21,Normal
2025-08-13,MED012,28,Normal
2025-08-14,MED012,36,Normal
2025-08-15,MED012,35,Normal
2025-08-16,MED012,18,Normal
2025-08-17,MED012,33,Normal
2025-08-18,MED012,36,Normal
2025-08-19,MED012,40,Normal
2025-08-20,MED012,31,Normal
2025-08-21,MED012,34,Normal
2025-08-22,MED012,31,Normal
2025-08-23,MED012,29,Normal
2025-08-24,MED012,29,Normal
2025-08-25,MED012,38,Normal
2025-08-26,MED012,38,Normal
2025-08-27,MED012,26,Normal
2025-08-28,MED012,26,Normal
2025-08-29,MED012,27,Normal
2025-08-30,MED012,24,Normal
2025-08-31,MED012,27,Normal
2025-09-01,MED012,31,Normal
2025-09-02,MED012,22,Normal
2025-09-03,MED012,22,Normal
2025-09-04,MED012,36,Normal
2025-09-05,MED012,53,Normal
2025-09-06,MED012,30,Normal
2025-09-07,MED012,28,Normal
2025-09-08,MED012,33,Normal
2025-09-09,MED012,35,Normal
2025-09-10,MED012,44,Normal
2025-09-11,MED012,34,Normal
2025-09-12,MED012,40,Normal
2025-09-13,MED012,18,Normal
2025-09-14,MED012,30,Normal
2025-09-15,MED012,40,Normal
2025-09-16,MED012,28,Normal
2025-09-17,MED012,23,Normal
2025-09-18,MED012,43,Normal
2025-09-19,MED012,26,Normal
2025-09-20,MED012,25,Normal
2025-09-21,MED012,23,Normal
2025-09-22,MED012,39,Normal
2025-09-23,MED012,37,Normal
2025-09-24,MED012,20,Normal
2025-09-25,MED012,29,Normal
2025-09-26,MED012,32,Normal
2025-09-27,MED012,32,Normal
2025-09-28,MED012,17,Normal
2025-09-29,MED012,36,Normal
2025-09-30,MED012,24,Normal
2025-10-01,MED012,27,Normal
2025-10-02,MED012,26,Normal
2025-10-03,MED012,36,Normal
2025-10-04,MED012,31,Normal
2025-10-05,MED012,28,Normal
2025-10-06,MED012,22,Normal
2025-10-07,MED012,26,Normal
2025-10-08,MED012,33,Normal
2025-10-09,MED012,34,Normal
2025-10-10,MED012,20,Normal
2025-10-11,MED012,32,Normal
2025-10-12,MED012,24,Normal
2025-10-13,MED012,20,Normal
2025-10-14,MED012,31,Normal
2025-10-15,MED012,33,Normal
2025-10-16,MED012,32,Normal
2025-10-17,MED012,37,Normal
2025-10-18,MED012,44,Normal
2025-10-19,MED012,17,Normal
2025-10-20,MED012,24,Normal
2025-10-21,MED012,30,Normal
2025-10-22,MED012,39,Normal
2025-10-23,MED012,38,Normal
2025-10-24,MED012,32,Normal
2025-10-25,MED012,27,Normal
2025-10-26,MED012,27,Normal
2025-10-27,MED012,23,Normal
2025-10-28,MED012,34,Normal
2025-10-29,MED012,29,Normal
2025-10-30,MED012,23,Normal
2025-10-31,MED012,35,Normal
2025-11-01,MED012,33,Normal
2025-11-02,MED012,21,Normal
2025-11-03,MED012,32,Normal
2025-11-04,MED012,27,Normal
2025-11-05,MED012,36,Normal
2025-11-06,MED012,21,Normal
2025-11-07,MED012,20,Normal
2025-11-08,MED012,28,Normal
2025-11-09,MED012,19,Normal
2025-11-10,MED012,33,Normal
2025-11-11,MED012,22,Normal
2025-11-12,MED012,26,Normal
2025-11-13,MED012,26,Normal
2025-11-14,MED012,35,Normal
2025-11-15,MED012,32,Normal
2025-11-16,MED012,32,Normal
2025-11-17,MED012,34,Normal
2025-11-18,MED012,20,Normal
2025-11-19,MED012,34,Normal
2025-11-20,MED012,32,Normal
2025-11-21,MED012,27,Normal
2025-11-22,MED012,32,Normal
2025-11-23,MED012,28,Normal
2025-11-24,MED012,21,Normal
2025-11-25,MED012,29,Normal
2025-11-26,MED012,34,Normal
2025-11-27,MED012,29,Normal
2025-11-28,MED012,25,Normal
2025-11-29,MED012,21,Normal
2025-11-30,MED012,28,Normal
2025-12-01,MED012,25,Normal
2025-12-02,MED012,23,Normal
2025-12-03,MED012,21,Normal
2025-12-04,MED012,25,Normal
2025-12-05,MED012,40,Normal
2025-12-06,MED012,18,Normal
2025-12-07,MED012,22,Normal
2025-12-08,MED012,33,Normal
2025-12-09,MED012,37,Normal
2025-12-10,MED012,31,Normal
2025-12-11,MED012,23,Normal
2025-12-12,MED012,30,Normal
2025-12-13,MED012,21,Normal
2025-12-14,MED012,42,Normal
2025-12-15,MED012,20,Normal
2025-12-16,MED012,34,Normal
2025-12-17,MED012,32,Normal
2025-12-18,MED012,44,Normal
2025-12-19,MED012,28,Normal
2025-12-20,MED012,20,Normal
2025-12-21,MED012,28,Normal
2025-12-22,MED012,22,Normal
2025-12-23,MED012,27,Normal
2025-12-24,MED012,34,Normal
2025-12-25,MED012,28,Normal
2025-12-26,MED012,25,Normal
2025-12-27,MED012,33,Normal
2025-12-28,MED012,24,Normal
2025-12-29,MED012,32,Normal
2025-12-30,MED012,20,Normal
2025-12-31,MED012,24,Normal
2025-01-01,MED013,38,Normal
2025-01-02,MED013,49,Normal
2025-01-03,MED013,33,Normal
2025-01-04,MED013,40,Normal
2025-01-05,MED013,29,Normal
2025-01-06,MED013,41,Normal
2025-01-07,MED013,71,Normal
2025-01-08,MED013,44,Normal
2025-01-09,MED013,39,Normal
2025-01-10,MED013,39,Normal
2025-01-11,MED013,27,Normal
2025-01-12,MED013,27,Normal
2025-01-13,MED013,38,Normal
2025-01-14,MED013,34,Normal
2025-01-15,MED013,35,Normal
2025-01-16,MED013,37,Normal
2025-01-17,MED013,33,Normal
2025-01-18,MED013,29,Normal
2025-01-19,MED013,35,Normal
2025-01-20,MED013,38,Normal
2025-01-21,MED013,49,Normal
2025-01-22,MED013,45,Normal
2025-01-23,MED013,38,Normal
2025-01-24,MED013,42,Normal
2025-01-25,MED013,37,Normal
2025-01-26,MED013,27,Normal
2025-01-27,MED013,46,Normal
2025-01-28,MED013,40,Normal
2025-01-29,MED013,60,Normal
2025-01-30,MED013,38,Normal
2025-01-31,MED013,51,Normal
2025-02-01,MED013,29,Normal
2025-02-02,MED013,42,Normal
2025-02-03,MED013,35,Normal
2025-02-04,MED013,52,Normal
2025-02-05,MED013,36,Normal
2025-02-06,MED013,52,Normal
2025-02-07,MED013,42,Normal
2025-02-08,MED013,39,Normal
2025-02-09,MED013,27,Normal
2025-02-10,MED013,50,Normal
2025-02-11,MED013,48,Normal
2025-02-12,MED013,39,Normal
2025-02-13,MED013,32,Normal
2025-02-14,MED013,51,Normal
2025-02-15,MED013,29,Normal
2025-02-16,MED013,38,Normal
2025-02-17,MED013,51,Normal
2025-02-18,MED013,36,Normal
2025-02-19,MED013,41,Normal
2025-02-20,MED013,44,Normal
2025-02-21,MED013,33,Normal
2025-02-22,MED013,43,Normal
2025-02-23,MED013,39,Normal
2025-02-24,MED013,42,Normal
2025-02-25,MED013,42,Normal
2025-02-26,MED013,33,Normal
2025-02-27,MED013,45,Normal
2025-02-28,MED013,41,Normal
2025-03-01,MED013,33,Normal
2025-03-02,MED013,35,Normal
2025-03-03,MED013,38,Normal
2025-03-04,MED013,39,Normal
2025-03-05,MED013,39,Normal
2025-03-06,MED013,44,Normal
2025-03-07,MED013,37,Normal
2025-03-08,MED013,27,Normal
2025-03-09,MED013,39,Normal
2025-03-10,MED013,38,Normal
2025-03-11,MED013,36,Normal
2025-03-12,MED013,36,Normal
2025-03-13,MED013,50,Normal
2025-03-14,MED013,38,Normal
2025-03-15,MED013,28,Normal
2025-03-16,MED013,39,Normal
2025-03-17,MED013,38,Normal
2025-03-18,MED013,37,Normal
2025-03-19,MED013,41,Normal
2025-03-20,MED013,46,Normal
2025-03-21,MED013,38,Normal
2025-03-22,MED013,39,Normal
2025-03-23,MED013,36,Normal
2025-03-24,MED013,37,Normal
2025-03-25,MED013,45,Normal
2025-03-26,MED013,45,Normal
2025-03-27,MED013,65,Normal
2025-03-28,MED013,44,Normal
2025-03-29,MED013,28,Normal
2025-03-30,MED013,34,Normal
2025-03-31,MED013,36,Normal
2025-04-01,MED013,37,Normal
2025-04-02,MED013,46,Normal
2025-04-03,MED013,41,Normal
2025-04-04,MED013,51,Normal
2025-04-05,MED013,35,Normal
2025-04-06,MED013,39,Normal
2025-04-07,MED013,53,Normal
2025-04-08,MED013,48,Normal
2025-04-09,MED013,43,Normal
2025-04-10,MED013,45,Normal
2025-04-11,MED013,43,Normal
2025-04-12,MED013,34,Normal
2025-04-13,MED013,42,Normal
2025-04-14,MED013,33,Normal
2025-04-15,MED013,35,Normal
2025-04-16,MED013,50,Normal
2025-04-17,MED013,45,Normal
2025-04-18,MED013,43,Normal
2025-04-19,MED013,39,Normal
2025-04-20,MED013,36,Normal
2025-04-21,MED013,52,Normal
2025-04-22,MED013,45,Normal
2025-04-23,MED013,39,Normal
2025-04-24,MED013,43,Normal
2025-04-25,MED013,32,Normal
2025-04-26,MED013,44,Normal
2025-04-27,MED013,43,Normal
2025-04-28,MED013,36,Normal
2025-04-29,MED013,51,Normal
2025-04-30,MED013,51,Normal
2025-05-01,MED013,34,Normal
2025-05-02,MED013,44,Normal
2025-05-03,MED013,42,Normal
2025-05-04,MED013,28,Normal
2025-05-05,MED013,38,Normal
2025-05-06,MED013,37,Normal
2025-05-07,MED013,40,Normal
2025-05-08,MED013,48,Normal
2025-05-09,MED013,44,Normal
2025-05-10,MED013,38,Normal
2025-05-11,MED013,28,Normal
2025-05-12,MED013,50,Normal
2025-05-13,MED013,43,Normal
2025-05-14,MED013,40,Normal
2025-05-15,MED013,44,Normal
2025-05-16,MED013,32,Normal
2025-05-17,MED013,54,Normal
2025-05-18,MED013,28,Normal
2025-05-19,MED013,45,Normal
2025-05-20,MED013,52,Normal
2025-05-21,MED013,45,Normal
2025-05-22,MED013,43,Normal
2025-05-23,MED013,36,Normal
2025-05-24,MED013,31,Normal
2025-05-25,MED013,29,Normal
2025-05-26,MED013,38,Normal
2025-05-27,MED013,33,Normal
2025-05-28,MED013,38,Normal
2025-05-29,MED013,45,Normal
2025-05-30,MED013,51,Normal
2025-05-31,MED013,44,Normal
2025-06-01,MED013,34,Normal
2025-06-02,MED013,35,Normal
2025-06-03,MED013,58,Normal
2025-06-04,MED013,39,Normal
2025-06-05,MED013,49,Normal
2025-06-06,MED013,40,Normal
2025-06-07,MED013,27,Normal
2025-06-08,MED013,28,Normal
2025-06-09,MED013,48,Normal
2025-06-10,MED013,44,Normal
2025-06-11,MED013,40,Normal
2025-06-12,MED013,47,Normal
2025-06-13,MED013,51,Normal
2025-06-14,MED013,36,Normal
2025-06-15,MED013,35,Normal
2025-06-16,MED013,39,Normal
2025-06-17,MED013,44,Normal
2025-06-18,MED013,33,Normal
2025-06-19,MED013,42,Normal
2025-06-20,MED013,32,Normal
2025-06-21,MED013,37,Normal
2025-06-22,MED013,42,Normal
2025-06-23,MED013,35,Normal
2025-06-24,MED013,40,Normal
2025-06-25,MED013,39,Normal
2025-06-26,MED013,51,Normal
2025-06-27,MED013,47,Normal
2025-06-28,MED013,44,Normal
2025-06-29,MED013,44,Normal
2025-06-30,MED013,58,Normal
2025-07-01,MED013,43,Normal
2025-07-02,MED013,42,Normal
2025-07-03,MED013,39,Normal
2025-07-04,MED013,44,Normal
2025-07-05,MED013,28,Normal
2025-07-06,MED013,39,Normal
2025-07-07,MED013,35,Normal
2025-07-08,MED013,41,Normal
2025-07-09,MED013,36,Normal
2025-07-10,MED013,50,Normal
2025-07-11,MED013,67,Normal
2025-07-12,MED013,39,Normal
2025-07-13,MED013,34,Normal
2025-07-14,MED013,49,Normal
2025-07-15,MED013,46,Normal
2025-07-16,MED013,46,Normal
2025-07-17,MED013,47,Normal
2025-07-18,MED013,39,Normal
2025-07-19,MED013,31,Normal
2025-07-20,MED013,28,Normal
2025-07-21,MED013,32,Normal
2025-07-22,MED013,42,Normal
2025-07-23,MED013,40,Normal
2025-07-24,MED013,40,Normal
2025-07-25,MED013,35,Normal
2025-07-26,MED013,41,Normal
2025-07-27,MED013,39,Normal
2025-07-28,MED013,42,Normal
2025-07-29,MED013,50,Normal
2025-07-30,MED013,51,Normal
2025-07-31,MED013,42,Normal
2025-08-01,MED013,44,Normal
2025-08-02,MED013,41,Normal
2025-08-03,MED013,38,Normal
2025-08-04,MED013,39,Normal
2025-08-05,MED013,41,Normal
2025-08-06,MED013,34,Normal
2025-08-07,MED013,50,Normal
2025-08-08,MED013,35,Normal
2025-08-09,MED013,30,Normal
2025-08-10,MED013,37,Normal
2025-08-11,MED013,32,Normal
2025-08-12,MED013,50,Normal
2025-08-13,MED013,44,Normal
2025-08-14,MED013,42,Normal
2025-08-15,MED013,36,Normal
2025-08-16,MED013,43,Normal
2025-08-17,MED013,29,Normal
2025-08-18,MED013,49,Normal
2025-08-19,MED013,42,Normal
2025-08-20,MED013,41,Normal
2025-08-21,MED013,47,Normal
2025-08-22,MED013,36,Normal
2025-08-23,MED013,30,Normal
2025-08-24,MED013,28,Normal
2025-08-25,MED013,41,Normal
2025-08-26,MED013,35,Normal
2025-08-27,MED013,50,Normal
2025-08-28,MED013,38,Normal
2025-08-29,MED013,44,Normal
2025-08-30,MED013,35,Normal
2025-08-31,MED013,32,Normal
2025-09-01,MED013,39,Normal
2025-09-02,MED013,33,Normal
2025-09-03,MED013,37,Normal
2025-09-04,MED013,44,Normal
2025-09-05,MED013,37,Normal
2025-09-06,MED013,41,Normal
2025-09-07,MED013,38,Normal
2025-09-08,MED013,43,Normal
2025-09-09,MED013,44,Normal
2025-09-10,MED013,41,Normal
2025-09-11,MED013,38,Normal
2025-09-12,MED013,49,Normal
2025-09-13,MED013,30,Normal
2025-09-14,MED013,42,Normal
2025-09-15,MED013,33,Normal
2025-09-16,MED013,41,Normal
2025-09-17,MED013,37,Normal
2025-09-18,MED013,46,Normal
2025-09-19,MED013,41,Normal
2025-09-20,MED013,32,Normal
2025-09-21,MED013,32,Normal
2025-09-22,MED013,32,Normal
2025-09-23,MED013,50,Normal
2025-09-24,MED013,36,Normal
2025-09-25,MED013,45,Normal
2025-09-26,MED013,37,Normal
2025-09-27,MED013,29,Normal
2025-09-28,MED013,39,Normal
2025-09-29,MED013,33,Normal
2025-09-30,MED013,48,Normal
2025-10-01,MED013,50,Normal
2025-10-02,MED013,36,Normal
2025-10-03,MED013,44,Normal
2025-10-04,MED013,29,Normal
2025-10-05,MED013,39,Normal
2025-10-06,MED013,51,Normal
2025-10-07,MED013,52,Normal
2025-10-08,MED013,34,Normal
2025-10-09,MED013,52,Normal
2025-10-10,MED013,52,Normal
2025-10-11,MED013,50,Normal
2025-10-12,MED013,29,Normal
2025-10-13,MED013,47,Normal
2025-10-14,MED013,48,Normal
2025-10-15,MED013,50,Normal
2025-10-16,MED013,50,Normal
2025-10-17,MED013,35,Normal
2025-10-18,MED013,31,Normal
2025-10-19,MED013,44,Normal
2025-10-20,MED013,41,Normal
2025-10-21,MED013,35,Normal
2025-10-22,MED013,49,Normal
2025-10-23,MED013,32,Normal
2025-10-24,MED013,49,Normal
2025-10-25,MED013,40,Normal
2025-10-26,MED013,40,Normal
2025-10-27,MED013,49,Normal
2025-10-28,MED013,52,Normal
2025-10-29,MED013,38,Normal
2025-10-30,MED013,35,Normal
2025-10-31,MED013,51,Normal
2025-11-01,MED013,27,Normal
2025-11-02,MED013,35,Normal
2025-11-03,MED013,36,Normal
2025-11-04,MED013,52,Normal
2025-11-05,MED013,49,Normal
2025-11-06,MED013,33,Normal
2025-11-07,MED013,35,Normal
2025-11-08,MED013,36,Normal
2025-11-09,MED013,31,Normal
2025-11-10,MED013,32,Normal
2025-11-11,MED013,33,Normal
2025-11-12,MED013,48,Normal
2025-11-13,MED013,41,Normal
2025-11-14,MED013,46,Normal
2025-11-15,MED013,39,Normal
2025-11-16,MED013,40,Normal
2025-11-17,MED013,43,Normal
2025-11-18,MED013,48,Normal
2025-11-19,MED013,35,Normal
2025-11-20,MED013,33,Normal
2025-11-21,MED013,38,Normal
2025-11-22,MED013,32,Normal
2025-11-23,MED013,43,Normal
2025-11-24,MED013,50,Normal
2025-11-25,MED013,36,Normal
2025-11-26,MED013,45,Normal
2025-11-27,MED013,40,Normal
2025-11-28,MED013,52,Normal
2025-11-29,MED013,37,Normal
2025-11-30,MED013,34,Normal
2025-12-01,MED013,36,Normal
2025-12-02,MED013,34,Normal
2025-12-03,MED013,40,Normal
2025-12-04,MED013,52,Normal
2025-12-05,MED013,43,Normal
2025-12-06,MED013,44,Normal
2025-12-07,MED013,43,Normal
2025-12-08,MED013,36,Normal
2025-12-09,MED013,45,Normal
2025-12-10,MED013,51,Normal
2025-12-11,MED013,40,Normal
2025-12-12,MED013,35,Normal
2025-12-13,MED013,38,Normal
2025-12-14,MED013,44,Normal
2025-12-15,MED013,42,Normal
2025-12-16,MED013,36,Normal
2025-12-17,MED013,39,Normal
2025-12-18,MED013,35,Normal
2025-12-19,MED013,39,Normal
2025-12-20,MED013,29,Normal
2025-12-21,MED013,29,Normal
2025-12-22,MED013,41,Normal
2025-12-23,MED013,47,Normal
2025-12-24,MED013,43,Normal
2025-12-25,MED013,41,Normal
2025-12-26,MED013,51,Normal
2025-12-27,MED013,28,Normal
2025-12-28,MED013,37,Normal
2025-12-29,MED013,49,Normal
2025-12-30,MED013,44,Normal
2025-12-31,MED013,36,Normal
2025-01-01,MED014,79,Normal
2025-01-02,MED014,79,Normal
2025-01-03,MED014,83,Normal
2025-01-04,MED014,80,Normal
2025-01-05,MED014,69,Normal
2025-01-06,MED014,88,Normal
2025-01-07,MED014,80,Normal
2025-01-08,MED014,86,Normal
2025-01-09,MED014,91,Normal
2025-01-10,MED014,88,Normal
2025-01-11,MED014,69,Normal
2025-01-12,MED014,65,Normal
2025-01-13,MED014,88,Normal
2025-01-14,MED014,77,Normal
2025-01-15,MED014,77,Normal
2025-01-16,MED014,77,Normal
2025-01-17,MED014,76,Normal
2025-01-18,MED014,71,Normal
2025-01-19,MED014,76,Normal
2025-01-20,MED014,75,Normal
2025-01-21,MED014,88,Normal
2025-01-22,MED014,79,Normal
2025-01-23,MED014,91,Normal
2025-01-24,MED014,92,Normal
2025-01-25,MED014,102,Normal
2025-01-26,MED014,68,Normal
2025-01-27,MED014,75,Normal
2025-01-28,MED014,92,Normal
2025-01-29,MED014,82,Normal
2025-01-30,MED014,91,Normal
2025-01-31,MED014,76,Normal
2025-02-01,MED014,68,Normal
2025-02-02,MED014,77,Normal
2025-02-03,MED014,80,Normal
2025-02-04,MED014,79,Normal
2025-02-05,MED014,76,Normal
2025-02-06,MED014,87,Normal
2025-02-07,MED014,78,Normal
2025-02-08,MED014,69,Normal
2025-02-09,MED014,66,Normal
2025-02-10,MED014,90,Normal
2025-02-11,MED014,113,Normal
2025-02-12,MED014,95,Normal
2025-02-13,MED014,81,Normal
2025-02-14,MED014,95,Normal
2025-02-15,MED014,64,Normal
2025-02-16,MED014,79,Normal
2025-02-17,MED014,76,Normal
2025-02-18,MED014,94,Normal
2025-02-19,MED014,84,Normal
2025-02-20,MED014,75,Normal
2025-02-21,MED014,80,Normal
2025-02-22,MED014,63,Normal
2025-02-23,MED014,76,Normal
2025-02-24,MED014,91,Normal
2025-02-25,MED014,79,Normal
2025-02-26,MED014,125,Normal
2025-02-27,MED014,83,Normal
2025-02-28,MED014,87,Normal
2025-03-01,MED014,73,Normal
2025-03-02,MED014,68,Normal
2025-03-03,MED014,83,Normal
2025-03-04,MED014,89,Normal
2025-03-05,MED014,89,Normal
2025-03-06,MED014,86,Normal
2025-03-07,MED014,75,Normal
2025-03-08,MED014,68,Normal
2025-03-09,MED014,99,Normal
2025-03-10,MED014,87,Normal
2025-03-11,MED014,85,Normal
2025-03-12,MED014,80,Normal
2025-03-13,MED014,90,Normal
2025-03-14,MED014,83,Normal
2025-03-15,MED014,76,Normal
2025-03-16,MED014,67,Normal
2025-03-17,MED014,87,Normal
2025-03-18,MED014,87,Normal
2025-03-19,MED014,78,Normal
2025-03-20,MED014,79,Normal
2025-03-21,MED014,127,Normal
2025-03-22,MED014,69,Normal
2025-03-23,MED014,72,Normal
2025-03-24,MED014,94,Normal
2025-03-25,MED014,88,Normal
2025-03-26,MED014,84,Normal
2025-03-27,MED014,88,Normal
2025-03-28,MED014,79,Normal
2025-03-29,MED014,68,Normal
2025-03-30,MED014,66,Normal
2025-03-31,MED014,82,Normal
2025-04-01,MED014,88,Normal
2025-04-02,MED014,78,Normal
2025-04-03,MED014,91,Normal
2025-04-04,MED014,81,Normal
2025-04-05,MED014,79,Normal
2025-04-06,MED014,67,Normal
2025-04-07,MED014,79,Normal
2025-04-08,MED014,83,Normal
2025-04-09,MED014,79,Normal
2025-04-10,MED014,94,Normal
2025-04-11,MED014,76,Normal
2025-04-12,MED014,77,Normal
2025-04-13,MED014,80,Normal
2025-04-14,MED014,82,Normal
2025-04-15,MED014,90,Normal
2025-04-16,MED014,88,Normal
2025-04-17,MED014,84,Normal
2025-04-18,MED014,86,Normal
2025-04-19,MED014,73,Normal
2025-04-20,MED014,69,Normal
2025-04-21,MED014,76,Normal
2025-04-22,MED014,75,Normal
2025-04-23,MED014,85,Normal
2025-04-24,MED014,90,Normal
2025-04-25,MED014,94,Normal
2025-04-26,MED014,68,Normal
2025-04-27,MED014,76,Normal
2025-04-28,MED014,84,Normal
2025-04-29,MED014,75,Normal
2025-04-30,MED014,79,Normal
2025-05-01,MED014,86,Normal
2025-05-02,MED014,93,Normal
2025-05-03,MED014,73,Normal
2025-05-04,MED014,70,Normal
2025-05-05,MED014,87,Normal
2025-05-06,MED014,78,Normal
2025-05-07,MED014,94,Normal
2025-05-08,MED014,93,Normal
2025-05-09,MED014,95,Normal
2025-05-10,MED014,68,Normal
2025-05-11,MED014,66,Normal
2025-05-12,MED014,92,Normal
2025-05-13,MED014,84,Normal
2025-05-14,MED014,81,Normal
2025-05-15,MED014,110,Normal
2025-05-16,MED014,81,Normal
2025-05-17,MED014,70,Normal
2025-05-18,MED014,78,Normal
2025-05-19,MED014,86,Normal
2025-05-20,MED014,78,Normal
2025-05-21,MED014,77,Normal
2025-05-22,MED014,91,Normal
2025-05-23,MED014,91,Normal
2025-05-24,MED014,68,Normal
2025-05-25,MED014,67,Normal
2025-05-26,MED014,93,Normal
2025-05-27,MED014,81,Normal
2025-05-28,MED014,87,Normal
2025-05-29,MED014,92,Normal
2025-05-30,MED014,77,Normal
2025-05-31,MED014,77,Normal
2025-06-01,MED014,73,Normal
2025-06-02,MED014,83,Normal
2025-06-03,MED014,75,Normal
2025-06-04,MED014,81,Normal
2025-06-05,MED014,75,Normal
2025-06-06,MED014,91,Normal
2025-06-07,MED014,77,Normal
2025-06-08,MED014,69,Normal
2025-06-09,MED014,83,Normal
2025-06-10,MED014,80,Normal
2025-06-11,MED014,92,Normal
2025-06-12,MED014,76,Normal
2025-06-13,MED014,83,Normal
2025-06-14,MED014,70,Normal
2025-06-15,MED014,64,Normal
2025-06-16,MED014,82,Normal
2025-06-17,MED014,81,Normal
2025-06-18,MED014,75,Normal
2025-06-19,MED014,95,Normal
2025-06-20,MED014,86,Normal
2025-06-21,MED014,78,Normal
2025-06-22,MED014,67,Normal
2025-06-23,MED014,94,Normal
2025-06-24,MED014,76,Normal
2025-06-25,MED014,75,Normal
2025-06-26,MED014,82,Normal
2025-06-27,MED014,83,Normal
2025-06-28,MED014,63,Normal
2025-06-29,MED014,79,Normal
2025-06-30,MED014,87,Normal
2025-07-01,MED014,83,Normal
2025-07-02,MED014,95,Normal
2025-07-03,MED014,81,Normal
2025-07-04,MED014,82,Normal
2025-07-05,MED014,68,Normal
2025-07-06,MED014,73,Normal
2025-07-07,MED014,82,Normal
2025-07-08,MED014,88,Normal
2025-07-09,MED014,90,Normal
2025-07-10,MED014,80,Normal
2025-07-11,MED014,80,Normal
2025-07-12,MED014,76,Normal
2025-07-13,MED014,68,Normal
2025-07-14,MED014,75,Normal
2025-07-15,MED014,80,Normal
2025-07-16,MED014,94,Normal
2025-07-17,MED014,79,Normal
2025-07-18,MED014,82,Normal
2025-07-19,MED014,80,Normal
2025-07-20,MED014,66,Normal
2025-07-21,MED014,79,Normal
2025-07-22,MED014,75,Normal
2025-07-23,MED014,87,Normal
2025-07-24,MED014,78,Normal
2025-07-25,MED014,95,Normal
2025-07-26,MED014,67,Normal
2025-07-27,MED014,65,Normal
2025-07-28,MED014,95,Normal
2025-07-29,MED014,75,Normal
2025-07-30,MED014,78,Normal
2025-07-31,MED014,85,Normal
2025-08-01,MED014,77,Normal
2025-08-02,MED014,76,Normal
2025-08-03,MED014,75,Normal
2025-08-04,MED014,84,Normal
2025-08-05,MED014,79,Normal
2025-08-06,MED014,92,Normal
2025-08-07,MED014,95,Normal
2025-08-08,MED014,75,Normal
2025-08-09,MED014,66,Normal
2025-08-10,MED014,66,Normal
2025-08-11,MED014,88,Normal
2025-08-12,MED014,114,Normal
2025-08-13,MED014,88,Normal
2025-08-14,MED014,86,Normal
2025-08-15,MED014,82,Normal
2025-08-16,MED014,73,Normal
2025-08-17,MED014,66,Normal
2025-08-18,MED014,78,Normal
2025-08-19,MED014,84,Normal
2025-08-20,MED014,94,Normal
2025-08-21,MED014,86,Normal
2025-08-22,MED014,77,Normal
2025-08-23,MED014,79,Normal
2025-08-24,MED014,74,Normal
2025-08-25,MED014,94,Normal
2025-08-26,MED014,88,Normal
2025-08-27,MED014,84,Normal
2025-08-28,MED014,84,Normal
2025-08-29,MED014,78,Normal
2025-08-30,MED014,76,Normal
2025-08-31,MED014,70,Normal
2025-09-01,MED014,77,Normal
2025-09-02,MED014,79,Normal
2025-09-03,MED014,79,Normal
2025-09-04,MED014,87,Normal
2025-09-05,MED014,90,Normal
2025-09-06,MED014,66,Normal
2025-09-07,MED014,70,Normal
2025-09-08,MED014,85,Normal
2025-09-09,MED014,80,Normal
2025-09-10,MED014,86,Normal
2025-09-11,MED014,88,Normal
2025-09-12,MED014,88,Normal
2025-09-13,MED014,80,Normal
2025-09-14,MED014,80,Normal
2025-09-15,MED014,87,Normal
2025-09-16,MED014,90,Normal
2025-09-17,MED014,90,Normal
2025-09-18,MED014,82,Normal
2025-09-19,MED014,93,Normal
2025-09-20,MED014,77,Normal
2025-09-21,MED014,69,Normal
2025-09-22,MED014,82,Normal
2025-09-23,MED014,81,Normal
2025-09-24,MED014,75,Normal
2025-09-25,MED014,90,Normal
2025-09-26,MED014,78,Normal
2025-09-27,MED014,73,Normal
2025-09-28,MED014,67,Normal
2025-09-29,MED014,79,Normal
2025-09-30,MED014,92,Normal
2025-10-01,MED014,88,Normal
2025-10-02,MED014,82,Normal
2025-10-03,MED014,79,Normal
2025-10-04,MED014,67,Normal
2025-10-05,MED014,63,Normal
2025-10-06,MED014,88,Normal
2025-10-07,MED014,78,Normal
2025-10-08,MED014,77,Normal
2025-10-09,MED014,94,Normal
2025-10-10,MED014,75,Normal
2025-10-11,MED014,67,Normal
2025-10-12,MED014,91,Normal
2025-10-13,MED014,88,Normal
2025-10-14,MED014,80,Normal
2025-10-15,MED014,79,Normal
2025-10-16,MED014,84,Normal
2025-10-17,MED014,85,Normal
2025-10-18,MED014,80,Normal
2025-10-19,MED014,71,Normal
2025-10-20,MED014,76,Normal
2025-10-21,MED014,76,Normal
2025-10-22,MED014,80,Normal
2025-10-23,MED014,75,Normal
2025-10-24,MED014,88,Normal
2025-10-25,MED014,75,Normal
2025-10-26,MED014,70,Normal
2025-10-27,MED014,91,Normal
2025-10-28,MED014,82,Normal
2025-10-29,MED014,80,Normal
2025-10-30,MED014,77,Normal
2025-10-31,MED014,79,Normal
2025-11-01,MED014,73,Normal
2025-11-02,MED014,69,Normal
2025-11-03,MED014,92,Normal
2025-11-04,MED014,77,Normal
2025-11-05,MED014,89,Normal
2025-11-06,MED014,95,Normal
2025-11-07,MED014,87,Normal
2025-11-08,MED014,73,Normal
2025-11-09,MED014,68,Normal
2025-11-10,MED014,78,Normal
2025-11-11,MED014,94,Normal
2025-11-12,MED014,118,Normal
2025-11-13,MED014,84,Normal
2025-11-14,MED014,78,Normal
2025-11-15,MED014,110,Normal
2025-11-16,MED014,71,Normal
2025-11-17,MED014,81,Normal
2025-11-18,MED014,76,Normal
2025-11-19,MED014,77,Normal
2025-11-20,MED014,130,Normal
2025-11-21,MED014,125,Normal
2025-11-22,MED014,72,Normal
2025-11-23,MED014,99,Normal
2025-11-24,MED014,86,Normal
2025-11-25,MED014,87,Normal
2025-11-26,MED014,85,Normal
2025-11-27,MED014,86,Normal
2025-11-28,MED014,78,Normal
2025-11-29,MED014,77,Normal
2025-11-30,MED014,93,Normal
2025-12-01,MED014,87,Normal
2025-12-02,MED014,76,Normal
2025-12-03,MED014,79,Normal
2025-12-04,MED014,77,Normal
2025-12-05,MED014,77,Normal
2025-12-06,MED014,69,Normal
2025-12-07,MED014,80,Normal
2025-12-08,MED014,80,Normal
2025-12-09,MED014,91,Normal
2025-12-10,MED014,94,Normal
2025-12-11,MED014,85,Normal
2025-12-12,MED014,79,Normal
2025-12-13,MED014,73,Normal
2025-12-14,MED014,103,Normal
2025-12-15,MED014,87,Normal
2025-12-16,MED014,94,Normal
2025-12-17,MED014,79,Normal
2025-12-18,MED014,90,Normal
2025-12-19,MED014,75,Normal
2025-12-20,MED014,71,Normal
2025-12-21,MED014,65,Normal
2025-12-22,MED014,89,Normal
2025-12-23,MED014,84,Normal
2025-12-24,MED014,83,Normal
2025-12-25,MED014,86,Normal
2025-12-26,MED014,80,Normal
2025-12-27,MED014,75,Normal
2025-12-28,MED014,76,Normal
2025-12-29,MED014,89,Normal
2025-12-30,MED014,79,Normal
2025-12-31,MED014,93,Normal
2025-01-01,MED015,65,Normal
2025-01-02,MED015,75,Normal
2025-01-03,MED015,60,Normal
2025-01-04,MED015,61,Normal
2025-01-05,MED015,56,Normal
2025-01-06,MED015,69,Normal
2025-01-07,MED015,64,Normal
2025-01-08,MED015,57,Normal
2025-01-09,MED015,76,Normal
2025-01-10,MED015,63,Normal
2025-01-11,MED015,86,Normal
2025-01-12,MED015,50,Normal
2025-01-13,MED015,61,Normal
2025-01-14,MED015,58,Normal
2025-01-15,MED015,70,Normal
2025-01-16,MED015,67,Normal
2025-01-17,MED015,76,Normal
2025-01-18,MED015,59,Normal
2025-01-19,MED015,51,Normal
2025-01-20,MED015,68,Normal
2025-01-21,MED015,62,Normal
2025-01-22,MED015,58,Normal
2025-01-23,MED015,75,Normal
2025-01-24,MED015,71,Normal
2025-01-25,MED015,82,Normal
2025-01-26,MED015,51,Normal
2025-01-27,MED015,60,Normal
2025-01-28,MED015,66,Normal
2025-01-29,MED015,75,Normal
2025-01-30,MED015,57,Normal
2025-01-31,MED015,67,Normal
2025-02-01,MED015,60,Normal
2025-02-02,MED015,52,Normal
2025-02-03,MED015,69,Normal
2025-02-04,MED015,76,Normal
2025-02-05,MED015,60,Normal
2025-02-06,MED015,68,Normal
2025-02-07,MED015,70,Normal
2025-02-08,MED015,61,Normal
2025-02-09,MED015,54,Normal
2025-02-10,MED015,57,Normal
2025-02-11,MED015,69,Normal
2025-02-12,MED015,65,Normal
2025-02-13,MED015,67,Normal
2025-02-14,MED015,71,Normal
2025-02-15,MED015,51,Normal
2025-02-16,MED015,58,Normal
2025-02-17,MED015,74,Normal
2025-02-18,MED015,56,Normal
2025-02-19,MED015,75,Normal
2025-02-20,MED015,74,Normal
2025-02-21,MED015,66,Normal
2025-02-22,MED015,78,Normal
2025-02-23,MED015,59,Normal
2025-02-24,MED015,71,Normal
2025-02-25,MED015,59,Normal
2025-02-26,MED015,69,Normal
2025-02-27,MED015,56,Normal
2025-02-28,MED015,60,Normal
2025-03-01,MED015,64,Normal
2025-03-02,MED015,70,Normal
2025-03-03,MED015,62,Normal
2025-03-04,MED015,73,Normal
2025-03-05,MED015,75,Normal
2025-03-06,MED015,67,Normal
2025-03-07,MED015,62,Normal
2025-03-08,MED015,62,Normal
2025-03-09,MED015,56,Normal
2025-03-10,MED015,56,Normal
2025-03-11,MED015,65,Normal
2025-03-12,MED015,59,Normal
2025-03-13,MED015,76,Normal
2025-03-14,MED015,69,Normal
2025-03-15,MED015,56,Normal
2025-03-16,MED015,58,Normal
2025-03-17,MED015,66,Normal
2025-03-18,MED015,61,Normal
2025-03-19,MED015,67,Normal
2025-03-20,MED015,75,Normal
2025-03-21,MED015,69,Normal
2025-03-22,MED015,58,Normal
2025-03-23,MED015,63,Normal
2025-03-24,MED015,59,Normal
2025-03-25,MED015,59,Normal
2025-03-26,MED015,56,Normal
2025-03-27,MED015,69,Normal
2025-03-28,MED015,75,Normal
2025-03-29,MED015,50,Normal
2025-03-30,MED015,61,Normal
2025-03-31,MED015,57,Normal
2025-04-01,MED015,69,Normal
2025-04-02,MED015,70,Normal
2025-04-03,MED015,59,Normal
2025-04-04,MED015,71,Normal
2025-04-05,MED015,56,Normal
2025-04-06,MED015,59,Normal
2025-04-07,MED015,76,Normal
2025-04-08,MED015,95,Normal
2025-04-09,MED015,67,Normal
2025-04-10,MED015,72,Normal
2025-04-11,MED015,64,Normal
2025-04-12,MED015,58,Normal
2025-04-13,MED015,47,Normal
2025-04-14,MED015,96,Normal
2025-04-15,MED015,56,Normal
2025-04-16,MED015,67,Normal
2025-04-17,MED015,72,Normal
2025-04-18,MED015,75,Normal
2025-04-19,MED015,51,Normal
2025-04-20,MED015,58,Normal
2025-04-21,MED015,68,Normal
2025-04-22,MED015,76,Normal
2025-04-23,MED015,57,Normal
2025-04-24,MED015,74,Normal
2025-04-25,MED015,76,Normal
2025-04-26,MED015,51,Normal
2025-04-27,MED015,56,Normal
2025-04-28,MED015,69,Normal
2025-04-29,MED015,60,Normal
2025-04-30,MED015,76,Normal
2025-05-01,MED015,68,Normal
2025-05-02,MED015,76,Normal
2025-05-03,MED015,62,Normal
2025-05-04,MED015,56,Normal
2025-05-05,MED015,81,Normal
2025-05-06,MED015,56,Normal
2025-05-07,MED015,74,Normal
2025-05-08,MED015,75,Normal
2025-05-09,MED015,58,Normal
2025-05-10,MED015,47,Normal
2025-05-11,MED015,51,Normal
2025-05-12,MED015,76,Normal
2025-05-13,MED015,67,Normal
2025-05-14,MED015,76,Normal
2025-05-15,MED015,65,Normal
2025-05-16,MED015,63,Normal
2025-05-17,MED015,57,Normal
2025-05-18,MED015,48,Normal
2025-05-19,MED015,60,Normal
2025-05-20,MED015,76,Normal
2025-05-21,MED015,59,Normal
2025-05-22,MED015,75,Normal
2025-05-23,MED015,60,Normal
2025-05-24,MED015,51,Normal
2025-05-25,MED015,60,Normal
2025-05-26,MED015,62,Normal
2025-05-27,MED015,71,Normal
2025-05-28,MED015,69,Normal
2025-05-29,MED015,76,Normal
2025-05-30,MED015,69,Normal
2025-05-31,MED015,56,Normal
2025-06-01,MED015,59,Normal
2025-06-02,MED015,61,Normal
2025-06-03,MED015,61,Normal
2025-06-04,MED015,76,Normal
2025-06-05,MED015,57,Normal
2025-06-06,MED015,66,Normal
2025-06-07,MED015,60,Normal
2025-06-08,MED015,63,Normal
2025-06-09,MED015,61,Normal
2025-06-10,MED015,64,Normal
2025-06-11,MED015,62,Normal
2025-06-12,MED015,102,Normal
2025-06-13,MED015,72,Normal
2025-06-14,MED015,52,Normal
2025-06-15,MED015,50,Normal
2025-06-16,MED015,56,Normal
2025-06-17,MED015,63,Normal
2025-06-18,MED015,60,Normal
2025-06-19,MED015,71,Normal
2025-06-20,MED015,58,Normal
2025-06-21,MED015,62,Normal
2025-06-22,MED015,59,Normal
2025-06-23,MED015,71,Normal
2025-06-24,MED015,68,Normal
2025-06-25,MED015,64,Normal
2025-06-26,MED015,64,Normal
2025-06-27,MED015,59,Normal
2025-06-28,MED015,62,Normal
2025-06-29,MED015,52,Normal
2025-06-30,MED015,71,Normal
2025-07-01,MED015,70,Normal
2025-07-02,MED015,64,Normal
2025-07-03,MED015,75,Normal
2025-07-04,MED015,68,Normal
2025-07-05,MED015,62,Normal
2025-07-06,MED015,64,Normal
2025-07-07,MED015,70,Normal
2025-07-08,MED015,57,Normal
2025-07-09,MED015,64,Normal
2025-07-10,MED015,65,Normal
2025-07-11,MED015,76,Normal
2025-07-12,MED015,61,Normal
2025-07-13,MED015,47,Normal
2025-07-14,MED015,66,Normal
2025-07-15,MED015,61,Normal
2025-07-16,MED015,58,Normal
2025-07-17,MED015,67,Normal
2025-07-18,MED015,66,Normal
2025-07-19,MED015,56,Normal
2025-07-20,MED015,56,Normal
2025-07-21,MED015,74,Normal
2025-07-22,MED015,63,Normal
2025-07-23,MED015,68,Normal
2025-07-24,MED015,62,Normal
2025-07-25,MED015,59,Normal
2025-07-26,MED015,63,Normal
2025-07-27,MED015,49,Normal
2025-07-28,MED015,76,Normal
2025-07-29,MED015,69,Normal
2025-07-30,MED015,66,Normal
2025-07-31,MED015,57,Normal
2025-08-01,MED015,99,Normal
2025-08-02,MED015,54,Normal
2025-08-03,MED015,50,Normal
2025-08-04,MED015,75,Normal
2025-08-05,MED015,68,Normal
2025-08-06,MED015,56,Normal
2025-08-07,MED015,76,Normal
2025-08-08,MED015,74,Normal
2025-08-09,MED015,59,Normal
2025-08-10,MED015,79,Normal
2025-08-11,MED015,73,Normal
2025-08-12,MED015,57,Normal
2025-08-13,MED015,56,Normal
2025-08-14,MED015,59,Normal
2025-08-15,MED015,69,Normal
2025-08-16,MED015,54,Normal
2025-08-17,MED015,56,Normal
2025-08-18,MED015,73,Normal
2025-08-19,MED015,71,Normal
2025-08-20,MED015,68,Normal
2025-08-21,MED015,70,Normal
2025-08-22,MED015,76,Normal
2025-08-23,MED015,50,Normal
2025-08-24,MED015,63,Normal
2025-08-25,MED015,88,Normal
2025-08-26,MED015,56,Normal
2025-08-27,MED015,66,Normal
2025-08-28,MED015,69,Normal
2025-08-29,MED015,58,Normal
2025-08-30,MED015,56,Normal
2025-08-31,MED015,62,Normal
2025-09-01,MED015,57,Normal
2025-09-02,MED015,57,Normal
2025-09-03,MED015,65,Normal
2025-09-04,MED015,66,Normal
2025-09-05,MED015,68,Normal
2025-09-06,MED015,51,Normal
2025-09-07,MED015,62,Normal
2025-09-08,MED015,60,Normal
2025-09-09,MED015,60,Normal
2025-09-10,MED015,69,Normal
2025-09-11,MED015,59,Normal
2025-09-12,MED015,63,Normal
2025-09-13,MED015,60,Normal
2025-09-14,MED015,56,Normal
2025-09-15,MED015,71,Normal
2025-09-16,MED015,64,Normal
2025-09-17,MED015,58,Normal
2025-09-18,MED015,63,Normal
2025-09-19,MED015,62,Normal
2025-09-20,MED015,49,Normal
2025-09-21,MED015,48,Normal
2025-09-22,MED015,62,Normal
2025-09-23,MED015,68,Normal
2025-09-24,MED015,59,Normal
2025-09-25,MED015,74,Normal
2025-09-26,MED015,72,Normal
2025-09-27,MED015,55,Normal
2025-09-28,MED015,64,Normal
2025-09-29,MED015,72,Normal
2025-09-30,MED015,60,Normal
2025-10-01,MED015,67,Normal
2025-10-02,MED015,70,Normal
2025-10-03,MED015,72,Normal
2025-10-04,MED015,57,Normal
2025-10-05,MED015,54,Normal
2025-10-06,MED015,65,Normal
2025-10-07,MED015,74,Normal
2025-10-08,MED015,60,Normal
2025-10-09,MED015,59,Normal
2025-10-10,MED015,88,Normal
2025-10-11,MED015,59,Normal
2025-10-12,MED015,47,Normal
2025-10-13,MED015,72,Normal
2025-10-14,MED015,64,Normal
2025-10-15,MED015,73,Normal
2025-10-16,MED015,69,Normal
2025-10-17,MED015,68,Normal
2025-10-18,MED015,61,Normal
2025-10-19,MED015,59,Normal
2025-10-20,MED015,82,Normal
2025-10-21,MED015,68,Normal
2025-10-22,MED015,69,Normal
2025-10-23,MED015,62,Normal
2025-10-24,MED015,75,Normal
2025-10-25,MED015,63,Normal
2025-10-26,MED015,58,Normal
2025-10-27,MED015,57,Normal
2025-10-28,MED015,59,Normal
2025-10-29,MED015,57,Normal
2025-10-30,MED015,74,Normal
2025-10-31,MED015,58,Normal
2025-11-01,MED015,54,Normal
2025-11-02,MED015,63,Normal
2025-11-03,MED015,68,Normal
2025-11-04,MED015,59,Normal
2025-11-05,MED015,64,Normal
2025-11-06,MED015,61,Normal
2025-11-07,MED015,67,Normal
2025-11-08,MED015,63,Normal
2025-11-09,MED015,47,Normal
2025-11-10,MED015,72,Normal
2025-11-11,MED015,75,Normal
2025-11-12,MED015,65,Normal
2025-11-13,MED015,63,Normal
2025-11-14,MED015,58,Normal
2025-11-15,MED015,56,Normal
2025-11-16,MED015,51,Normal
2025-11-17,MED015,71,Normal
2025-11-18,MED015,56,Normal
2025-11-19,MED015,64,Normal
2025-11-20,MED015,61,Normal
2025-11-21,MED015,56,Normal
2025-11-22,MED015,60,Normal
2025-11-23,MED015,60,Normal
2025-11-24,MED015,71,Normal
2025-11-25,MED015,56,Normal
2025-11-26,MED015,65,Normal
2025-11-27,MED015,72,Normal
2025-11-28,MED015,60,Normal
2025-11-29,MED015,50,Normal
2025-11-30,MED015,56,Normal
2025-12-01,MED015,67,Normal
2025-12-02,MED015,64,Normal
2025-12-03,MED015,64,Normal
2025-12-04,MED015,56,Normal
2025-12-05,MED015,65,Normal
2025-12-06,MED015,61,Normal
2025-12-07,MED015,63,Normal
2025-12-08,MED015,64,Normal
2025-12-09,MED015,106,Normal
2025-12-10,MED015,69,Normal
2025-12-11,MED015,60,Normal
2025-12-12,MED015,56,Normal
2025-12-13,MED015,58,Normal
2025-12-14,MED015,49,Normal
2025-12-15,MED015,68,Normal
2025-12-16,MED015,64,Normal
2025-12-17,MED015,73,Normal
2025-12-18,MED015,70,Normal
2025-12-19,MED015,72,Normal
2025-12-20,MED015,56,Normal
2025-12-21,MED015,57,Normal
2025-12-22,MED015,64,Normal
2025-12-23,MED015,57,Normal
2025-12-24,MED015,66,Normal
2025-12-25,MED015,59,Normal
2025-12-26,MED015,70,Normal
2025-12-27,MED015,56,Normal
2025-12-28,MED015,47,Normal
2025-12-29,MED015,60,Normal
2025-12-30,MED015,60,Normal
2025-12-31,MED015,65,Normal
2025-01-01,MED016,39,Normal
2025-01-02,MED016,32,Normal
2025-01-03,MED016,30,Normal
2025-01-04,MED016,30,Normal
2025-01-05,MED016,40,Normal
2025-01-06,MED016,45,Normal
2025-01-07,MED016,43,Normal
2025-01-08,MED016,42,Normal
2025-01-09,MED016,34,Normal
2025-01-10,MED016,39,Normal
2025-01-11,MED016,39,Normal
2025-01-12,MED016,39,Normal
2025-01-13,MED016,32,Normal
2025-01-14,MED016,34,Normal
2025-01-15,MED016,36,Normal
2025-01-16,MED016,32,Normal
2025-01-17,MED016,31,Normal
2025-01-18,MED016,34,Normal
2025-01-19,MED016,42,Normal
2025-01-20,MED016,42,Normal
2025-01-21,MED016,33,Normal
2025-01-22,MED016,39,Normal
2025-01-23,MED016,35,Normal
2025-01-24,MED016,40,Normal
2025-01-25,MED016,28,Normal
2025-01-26,MED016,30,Normal
2025-01-27,MED016,43,Normal
2025-01-28,MED016,39,Normal
2025-01-29,MED016,39,Normal
2025-01-30,MED016,50,Normal
2025-01-31,MED016,35,Normal
2025-02-01,MED016,36,Normal
2025-02-02,MED016,39,Normal
2025-02-03,MED016,40,Normal
2025-02-04,MED016,41,Normal
2025-02-05,MED016,43,Normal
2025-02-06,MED016,43,Normal
2025-02-07,MED016,65,Normal
2025-02-08,MED016,36,Normal
2025-02-09,MED016,28,Normal
2025-02-10,MED016,39,Normal
2025-02-11,MED016,48,Normal
2025-02-12,MED016,34,Normal
2025-02-13,MED016,48,Normal
2025-02-14,MED016,31,Normal
2025-02-15,MED016,35,Normal
2025-02-16,MED016,25,Normal
2025-02-17,MED016,46,Normal
2025-02-18,MED016,31,Normal
2025-02-19,MED016,38,Normal
2025-02-20,MED016,50,Normal
2025-02-21,MED016,49,Normal
2025-02-22,MED016,33,Normal
2025-02-23,MED016,34,Normal
2025-02-24,MED016,33,Normal
2025-02-25,MED016,46,Normal
2025-02-26,MED016,31,Normal
2025-02-27,MED016,46,Normal
2025-02-28,MED016,45,Normal
2025-03-01,MED016,42,Normal
2025-03-02,MED016,33,Normal
2025-03-03,MED016,30,Normal
2025-03-04,MED016,49,Normal
2025-03-05,MED016,33,Normal
2025-03-06,MED016,34,Normal
2025-03-07,MED016,33,Normal
2025-03-08,MED016,31,Normal
2025-03-09,MED016,53,Normal
2025-03-10,MED016,46,Normal
2025-03-11,MED016,31,Normal
2025-03-12,MED016,39,Normal
2025-03-13,MED016,35,Normal
2025-03-14,MED016,47,Normal
2025-03-15,MED016,41,Normal
2025-03-16,MED016,41,Normal
2025-03-17,MED016,34,Normal
2025-03-18,MED016,35,Normal
2025-03-19,MED016,37,Normal
2025-03-20,MED016,47,Normal
2025-03-21,MED016,45,Normal
2025-03-22,MED016,28,Normal
2025-03-23,MED016,38,Normal
2025-03-24,MED016,38,Normal
2025-03-25,MED016,33,Normal
2025-03-26,MED016,43,Normal
2025-03-27,MED016,39,Normal
2025-03-28,MED016,48,Normal
2025-03-29,MED016,40,Normal
2025-03-30,MED016,42,Normal
2025-03-31,MED016,49,Normal
2025-04-01,MED016,41,Normal
2025-04-02,MED016,44,Normal
2025-04-03,MED016,44,Normal
2025-04-04,MED016,35,Normal
2025-04-05,MED016,39,Normal
2025-04-06,MED016,39,Normal
2025-04-07,MED016,32,Normal
2025-04-08,MED016,34,Normal
2025-04-09,MED016,48,Normal
2025-04-10,MED016,34,Normal
2025-04-11,MED016,39,Normal
2025-04-12,MED016,27,Normal
2025-04-13,MED016,42,Normal
2025-04-14,MED016,45,Normal
2025-04-15,MED016,35,Normal
2025-04-16,MED016,46,Normal
2025-04-17,MED016,46,Normal
2025-04-18,MED016,40,Normal
2025-04-19,MED016,40,Normal
2025-04-20,MED016,41,Normal
2025-04-21,MED016,44,Normal
2025-04-22,MED016,35,Normal
2025-04-23,MED016,33,Normal
2025-04-24,MED016,45,Normal
2025-04-25,MED016,37,Normal
2025-04-26,MED016,31,Normal
2025-04-27,MED016,29,Normal
2025-04-28,MED016,42,Normal
2025-04-29,MED016,43,Normal
2025-04-30,MED016,31,Normal
2025-05-01,MED016,46,Normal
2025-05-02,MED016,32,Normal
2025-05-03,MED016,34,Normal
2025-05-04,MED016,25,Normal
2025-05-05,MED016,40,Normal
2025-05-06,MED016,44,Normal
2025-05-07,MED016,50,Normal
2025-05-08,MED016,36,Normal
2025-05-09,MED016,45,Normal
2025-05-10,MED016,33,Normal
2025-05-11,MED016,29,Normal
2025-05-12,MED016,46,Normal
2025-05-13,MED016,36,Normal
2025-05-14,MED016,30,Normal
2025-05-15,MED016,33,Normal
2025-05-16,MED016,34,Normal
2025-05-17,MED016,34,Normal
2025-05-18,MED016,40,Normal
2025-05-19,MED016,32,Normal
2025-05-20,MED016,50,Normal
2025-05-21,MED016,36,Normal
2025-05-22,MED016,48,Normal
2025-05-23,MED016,46,Normal
2025-05-24,MED016,41,Normal
2025-05-25,MED016,28,Normal
2025-05-26,MED016,44,Normal
2025-05-27,MED016,42,Normal
2025-05-28,MED016,48,Normal
2025-05-29,MED016,46,Normal
2025-05-30,MED016,33,Normal
2025-05-31,MED016,26,Normal
2025-06-01,MED016,47,Normal
2025-06-02,MED016,39,Normal
2025-06-03,MED016,38,Normal
2025-06-04,MED016,41,Normal
2025-06-05,MED016,35,Normal
2025-06-06,MED016,32,Normal
2025-06-07,MED016,31,Normal
2025-06-08,MED016,41,Normal
2025-06-09,MED016,42,Normal
2025-06-10,MED016,47,Normal
2025-06-11,MED016,33,Normal
2025-06-12,MED016,38,Normal
2025-06-13,MED016,31,Normal
2025-06-14,MED016,32,Normal
2025-06-15,MED016,26,Normal
2025-06-16,MED016,47,Normal
2025-06-17,MED016,40,Normal
2025-06-18,MED016,31,Normal
2025-06-19,MED016,32,Normal
2025-06-20,MED016,48,Normal
2025-06-21,MED016,26,Normal
2025-06-22,MED016,27,Normal
2025-06-23,MED016,49,Normal
2025-06-24,MED016,32,Normal
2025-06-25,MED016,45,Normal
2025-06-26,MED016,38,Normal
2025-06-27,MED016,46,Normal
2025-06-28,MED016,39,Normal
2025-06-29,MED016,34,Normal
2025-06-30,MED016,39,Normal
2025-07-01,MED016,51,Normal
2025-07-02,MED016,43,Normal
2025-07-03,MED016,36,Normal
2025-07-04,MED016,42,Normal
2025-07-05,MED016,25,Normal
2025-07-06,MED016,26,Normal
2025-07-07,MED016,42,Normal
2025-07-08,MED016,43,Normal
2025-07-09,MED016,47,Normal
2025-07-10,MED016,44,Normal
2025-07-11,MED016,49,Normal
2025-07-12,MED016,34,Normal
2025-07-13,MED016,34,Normal
2025-07-14,MED016,31,Normal
2025-07-15,MED016,32,Normal
2025-07-16,MED016,37,Normal
2025-07-17,MED016,47,Normal
2025-07-18,MED016,30,Normal
2025-07-19,MED016,31,Normal
2025-07-20,MED016,27,Normal
2025-07-21,MED016,44,Normal
2025-07-22,MED016,31,Normal
2025-07-23,MED016,49,Normal
2025-07-24,MED016,37,Normal
2025-07-25,MED016,34,Normal
2025-07-26,MED016,38,Normal
2025-07-27,MED016,27,Normal
2025-07-28,MED016,47,Normal
2025-07-29,MED016,41,Normal
2025-07-30,MED016,37,Normal
2025-07-31,MED016,39,Normal
2025-08-01,MED016,47,Normal
2025-08-02,MED016,42,Normal
2025-08-03,MED016,32,Normal
2025-08-04,MED016,47,Normal
2025-08-05,MED016,31,Normal
2025-08-06,MED016,43,Normal
2025-08-07,MED016,49,Normal
2025-08-08,MED016,32,Normal
2025-08-09,MED016,28,Normal
2025-08-10,MED016,39,Normal
2025-08-11,MED016,47,Normal
2025-08-12,MED016,41,Normal
2025-08-13,MED016,47,Normal
2025-08-14,MED016,37,Normal
2025-08-15,MED016,50,Normal
2025-08-16,MED016,39,Normal
2025-08-17,MED016,26,Normal
2025-08-18,MED016,48,Normal
2025-08-19,MED016,32,Normal
2025-08-20,MED016,49,Normal
2025-08-21,MED016,30,Normal
2025-08-22,MED016,42,Normal
2025-08-23,MED016,31,Normal
2025-08-24,MED016,29,Normal
2025-08-25,MED016,47,Normal
2025-08-26,MED016,54,Normal
2025-08-27,MED016,41,Normal
2025-08-28,MED016,49,Normal
2025-08-29,MED016,40,Normal
2025-08-30,MED016,32,Normal
2025-08-31,MED016,40,Normal
2025-09-01,MED016,30,Normal
2025-09-02,MED016,49,Normal
2025-09-03,MED016,43,Normal
2025-09-04,MED016,31,Normal
2025-09-05,MED016,47,Normal
2025-09-06,MED016,33,Normal
2025-09-07,MED016,39,Normal
2025-09-08,MED016,48,Normal
2025-09-09,MED016,46,Normal
2025-09-10,MED016,42,Normal
2025-09-11,MED016,37,Normal
2025-09-12,MED016,30,Normal
2025-09-13,MED016,32,Normal
2025-09-14,MED016,31,Normal
2025-09-15,MED016,39,Normal
2025-09-16,MED016,58,Normal
2025-09-17,MED016,38,Normal
2025-09-18,MED016,38,Normal
2025-09-19,MED016,68,Normal
2025-09-20,MED016,33,Normal
2025-09-21,MED016,34,Normal
2025-09-22,MED016,35,Normal
2025-09-23,MED016,30,Normal
2025-09-24,MED016,61,Normal
2025-09-25,MED016,41,Normal
2025-09-26,MED016,47,Normal
2025-09-27,MED016,26,Normal
2025-09-28,MED016,27,Normal
2025-09-29,MED016,49,Normal
2025-09-30,MED016,32,Normal
2025-10-01,MED016,38,Normal
2025-10-02,MED016,38,Normal
2025-10-03,MED016,45,Normal
2025-10-04,MED016,42,Normal
2025-10-05,MED016,41,Normal
2025-10-06,MED016,37,Normal
2025-10-07,MED016,31,Normal
2025-10-08,MED016,46,Normal
2025-10-09,MED016,48,Normal
2025-10-10,MED016,47,Normal
2025-10-11,MED016,26,Normal
2025-10-12,MED016,32,Normal
2025-10-13,MED016,30,Normal
2025-10-14,MED016,41,Normal
2025-10-15,MED016,31,Normal
2025-10-16,MED016,41,Normal
2025-10-17,MED016,46,Normal
2025-10-18,MED016,39,Normal
2025-10-19,MED016,30,Normal
2025-10-20,MED016,41,Normal
2025-10-21,MED016,43,Normal
2025-10-22,MED016,43,Normal
2025-10-23,MED016,47,Normal
2025-10-24,MED016,49,Normal
2025-10-25,MED016,34,Normal
2025-10-26,MED016,42,Normal
2025-10-27,MED016,39,Normal
2025-10-28,MED016,35,Normal
2025-10-29,MED016,39,Normal
2025-10-30,MED016,67,Normal
2025-10-31,MED016,49,Normal
2025-11-01,MED016,34,Normal
2025-11-02,MED016,39,Normal
2025-11-03,MED016,41,Normal
2025-11-04,MED016,42,Normal
2025-11-05,MED016,31,Normal
2025-11-06,MED016,34,Normal
2025-11-07,MED016,50,Normal
2025-11-08,MED016,27,Normal
2025-11-09,MED016,31,Normal
2025-11-10,MED016,48,Normal
2025-11-11,MED016,43,Normal
2025-11-12,MED016,33,Normal
2025-11-13,MED016,46,Normal
2025-11-14,MED016,49,Normal
2025-11-15,MED016,39,Normal
2025-11-16,MED016,34,Normal
2025-11-17,MED016,48,Normal
2025-11-18,MED016,37,Normal
2025-11-19,MED016,41,Normal
2025-11-20,MED016,40,Normal
2025-11-21,MED016,33,Normal
2025-11-22,MED016,37,Normal
2025-11-23,MED016,36,Normal
2025-11-24,MED016,41,Normal
2025-11-25,MED016,32,Normal
2025-11-26,MED016,50,Normal
2025-11-27,MED016,37,Normal
2025-11-28,MED016,43,Normal
2025-11-29,MED016,28,Normal
2025-11-30,MED016,31,Normal
2025-12-01,MED016,43,Normal
2025-12-02,MED016,34,Normal
2025-12-03,MED016,39,Normal
2025-12-04,MED016,33,Normal
2025-12-05,MED016,43,Normal
2025-12-06,MED016,28,Normal
2025-12-07,MED016,42,Normal
2025-12-08,MED016,36,Normal
2025-12-09,MED016,61,Normal
2025-12-10,MED016,33,Normal
2025-12-11,MED016,47,Normal
2025-12-12,MED016,45,Normal
2025-12-13,MED016,28,Normal
2025-12-14,MED016,50,Normal
2025-12-15,MED016,35,Normal
2025-12-16,MED016,34,Normal
2025-12-17,MED016,46,Normal
2025-12-18,MED016,43,Normal
2025-12-19,MED016,42,Normal
2025-12-20,MED016,31,Normal
2025-12-21,MED016,28,Normal
2025-12-22,MED016,40,Normal
2025-12-23,MED016,49,Normal
2025-12-24,MED016,31,Normal
2025-12-25,MED016,41,Normal
2025-12-26,MED016,43,Normal
2025-12-27,MED016,36,Normal
2025-12-28,MED016,38,Normal
2025-12-29,MED016,35,Normal
2025-12-30,MED016,48,Normal
2025-12-31,MED016,46,Normal
2025-01-01,MED017,28,Normal
2025-01-02,MED017,30,Normal
2025-01-03,MED017,20,Normal
2025-01-04,MED017,22,Normal
2025-01-05,MED017,15,Normal
2025-01-06,MED017,13,Normal
2025-01-07,MED017,25,Normal
2025-01-08,MED017,28,Normal
2025-01-09,MED017,26,Normal
2025-01-10,MED017,23,Normal
2025-01-11,MED017,18,Normal
2025-01-12,MED017,12,Normal
2025-01-13,MED017,11,Normal
2025-01-14,MED017,16,Normal
2025-01-15,MED017,18,Normal
2025-01-16,MED017,29,Normal
2025-01-17,MED017,21,Normal
2025-01-18,MED017,11,Normal
2025-01-19,MED017,21,Normal
2025-01-20,MED017,15,Normal
2025-01-21,MED017,18,Normal
2025-01-22,MED017,13,Normal
2025-01-23,MED017,18,Normal
2025-01-24,MED017,16,Normal
2025-01-25,MED017,22,Normal
2025-01-26,MED017,8,Normal
2025-01-27,MED017,11,Normal
2025-01-28,MED017,27,Normal
2025-01-29,MED017,22,Normal
2025-01-30,MED017,10,Normal
2025-01-31,MED017,19,Normal
2025-02-01,MED017,23,Normal
2025-02-02,MED017,20,Normal
2025-02-03,MED017,24,Normal
2025-02-04,MED017,13,Normal
2025-02-05,MED017,13,Normal
2025-02-06,MED017,23,Normal
2025-02-07,MED017,12,Normal
2025-02-08,MED017,15,Normal
2025-02-09,MED017,11,Normal
2025-02-10,MED017,12,Normal
2025-02-11,MED017,17,Normal
2025-02-12,MED017,20,Normal
2025-02-13,MED017,20,Normal
2025-02-14,MED017,30,Normal
2025-02-15,MED017,10,Normal
2025-02-16,MED017,17,Normal
2025-02-17,MED017,11,Normal
2025-02-18,MED017,26,Normal
2025-02-19,MED017,27,Normal
2025-02-20,MED017,42,Normal
2025-02-21,MED017,30,Normal
2025-02-22,MED017,14,Normal
2025-02-23,MED017,18,Normal
2025-02-24,MED017,17,Normal
2025-02-25,MED017,18,Normal
2025-02-26,MED017,25,Normal
2025-02-27,MED017,25,Normal
2025-02-28,MED017,16,Normal
2025-03-01,MED017,10,Normal
2025-03-02,MED017,18,Normal
2025-03-03,MED017,12,Normal
2025-03-04,MED017,29,Normal
2025-03-05,MED017,21,Normal
2025-03-06,MED017,18,Normal
2025-03-07,MED017,30,Normal
2025-03-08,MED017,25,Normal
2025-03-09,MED017,22,Normal
2025-03-10,MED017,15,Normal
2025-03-11,MED017,17,Normal
2025-03-12,MED017,25,Normal
2025-03-13,MED017,30,Normal
2025-03-14,MED017,21,Normal
2025-03-15,MED017,16,Normal
2025-03-16,MED017,11,Normal
2025-03-17,MED017,19,Normal
2025-03-18,MED017,24,Normal
2025-03-19,MED017,23,Normal
2025-03-20,MED017,24,Normal
2025-03-21,MED017,13,Normal
2025-03-22,MED017,18,Normal
2025-03-23,MED017,21,Normal
2025-03-24,MED017,25,Normal
2025-03-25,MED017,23,Normal
2025-03-26,MED017,18,Normal
2025-03-27,MED017,23,Normal
2025-03-28,MED017,20,Normal
2025-03-29,MED017,17,Normal
2025-03-30,MED017,20,Normal
2025-03-31,MED017,18,Normal
2025-04-01,MED017,18,Normal
2025-04-02,MED017,17,Normal
2025-04-03,MED017,11,Normal
2025-04-04,MED017,23,Normal
2025-04-05,MED017,12,Normal
2025-04-06,MED017,25,Normal
2025-04-07,MED017,29,Normal
2025-04-08,MED017,14,Normal
2025-04-09,MED017,10,Normal
2025-04-10,MED017,10,Normal
2025-04-11,MED017,12,Normal
2025-04-12,MED017,17,Normal
2025-04-13,MED017,22,Normal
2025-04-14,MED017,11,Normal
2025-04-15,MED017,21,Normal
2025-04-16,MED017,15,Normal
2025-04-17,MED017,22,Normal
2025-04-18,MED017,17,Normal
2025-04-19,MED017,12,Normal
2025-04-20,MED017,17,Normal
2025-04-21,MED017,27,Normal
2025-04-22,MED017,14,Normal
2025-04-23,MED017,10,Normal
2025-04-24,MED017,26,Normal
2025-04-25,MED017,22,Normal
2025-04-26,MED017,9,Normal
2025-04-27,MED017,22,Normal
2025-04-28,MED017,30,Normal
2025-04-29,MED017,23,Normal
2025-04-30,MED017,13,Normal
2025-05-01,MED017,22,Normal
2025-05-02,MED017,14,Normal
2025-05-03,MED017,15,Normal
2025-05-04,MED017,10,Normal
2025-05-05,MED017,32,Normal
2025-05-06,MED017,27,Normal
2025-05-07,MED017,14,Normal
2025-05-08,MED017,28,Normal
2025-05-09,MED017,16,Normal
2025-05-10,MED017,16,Normal
2025-05-11,MED017,19,Normal
2025-05-12,MED017,10,Normal
2025-05-13,MED017,24,Normal
2025-05-14,MED017,18,Normal
2025-05-15,MED017,28,Normal
2025-05-16,MED017,19,Normal
2025-05-17,MED017,14,Normal
2025-05-18,MED017,22,Normal
2025-05-19,MED017,19,Normal
2025-05-20,MED017,27,Normal
2025-05-21,MED017,30,Normal
2025-05-22,MED017,25,Normal
2025-05-23,MED017,21,Normal
2025-05-24,MED017,11,Normal
2025-05-25,MED017,23,Normal
2025-05-26,MED017,22,Normal
2025-05-27,MED017,24,Normal
2025-05-28,MED017,28,Normal
2025-05-29,MED017,19,Normal
2025-05-30,MED017,30,Normal
2025-05-31,MED017,11,Normal
2025-06-01,MED017,13,Normal
2025-06-02,MED017,25,Normal
2025-06-03,MED017,12,Normal
2025-06-04,MED017,29,Normal
2025-06-05,MED017,26,Normal
2025-06-06,MED017,28,Normal
2025-06-07,MED017,9,Normal
2025-06-08,MED017,15,Normal
2025-06-09,MED017,20,Normal
2025-06-10,MED017,11,Normal
2025-06-11,MED017,28,Normal
2025-06-12,MED017,10,Normal
2025-06-13,MED017,16,Normal
2025-06-14,MED017,21,Normal
2025-06-15,MED017,17,Normal
2025-06-16,MED017,17,Normal
2025-06-17,MED017,25,Normal
2025-06-18,MED017,12,Normal
2025-06-19,MED017,23,Normal
2025-06-20,MED017,22,Normal
2025-06-21,MED017,8,Normal
2025-06-22,MED017,11,Normal
2025-06-23,MED017,24,Normal
2025-06-24,MED017,18,Normal
2025-06-25,MED017,23,Normal
2025-06-26,MED017,30,Normal
2025-06-27,MED017,25,Normal
2025-06-28,MED017,22,Normal
2025-06-29,MED017,8,Normal
2025-06-30,MED017,23,Normal
2025-07-01,MED017,18,Normal
2025-07-02,MED017,29,Normal
2025-07-03,MED017,28,Normal
2025-07-04,MED017,14,Normal
2025-07-05,MED017,13,Normal
2025-07-06,MED017,17,Normal
2025-07-07,MED017,18,Normal
2025-07-08,MED017,16,Normal
2025-07-09,MED017,14,Normal
2025-07-10,MED017,35,Normal
2025-07-11,MED017,23,Normal
2025-07-12,MED017,21,Normal
2025-07-13,MED017,8,Normal
2025-07-14,MED017,16,Normal
2025-07-15,MED017,13,Normal
2025-07-16,MED017,20,Normal
2025-07-17,MED017,29,Normal
2025-07-18,MED017,15,Normal
2025-07-19,MED017,25,Normal
2025-07-20,MED017,14,Normal
2025-07-21,MED017,10,Normal
2025-07-22,MED017,18,Normal
2025-07-23,MED017,23,Normal
2025-07-24,MED017,19,Normal
2025-07-25,MED017,22,Normal
2025-07-26,MED017,22,Normal
2025-07-27,MED017,13,Normal
2025-07-28,MED017,14,Normal
2025-07-29,MED017,16,Normal
2025-07-30,MED017,18,Normal
2025-07-31,MED017,14,Normal
2025-08-01,MED017,28,Normal
2025-08-02,MED017,18,Normal
2025-08-03,MED017,23,Normal
2025-08-04,MED017,29,Normal
2025-08-05,MED017,25,Normal
2025-08-06,MED017,10,Normal
2025-08-07,MED017,16,Normal
2025-08-08,MED017,29,Normal
2025-08-09,MED017,12,Normal
2025-08-10,MED017,8,Normal
2025-08-11,MED017,11,Normal
2025-08-12,MED017,24,Normal
2025-08-13,MED017,25,Normal
2025-08-14,MED017,26,Normal
2025-08-15,MED017,17,Normal
2025-08-16,MED017,18,Normal
2025-08-17,MED017,21,Normal
2025-08-18,MED017,26,Normal
2025-08-19,MED017,12,Normal
2025-08-20,MED017,16,Normal
2025-08-21,MED017,30,Normal
2025-08-22,MED017,14,Normal
2025-08-23,MED017,22,Normal
2025-08-24,MED017,15,Normal
2025-08-25,MED017,27,Normal
2025-08-26,MED017,30,Normal
2025-08-27,MED017,10,Normal
2025-08-28,MED017,24,Normal
2025-08-29,MED017,21,Normal
2025-08-30,MED017,13,Normal
2025-08-31,MED017,13,Normal
2025-09-01,MED017,15,Normal
2025-09-02,MED017,10,Normal
2025-09-03,MED017,21,Normal
2025-09-04,MED017,10,Normal
2025-09-05,MED017,20,Normal
2025-09-06,MED017,17,Normal
2025-09-07,MED017,22,Normal
2025-09-08,MED017,29,Normal
2025-09-09,MED017,30,Normal
2025-09-10,MED017,25,Normal
2025-09-11,MED017,18,Normal
2025-09-12,MED017,11,Normal
2025-09-13,MED017,8,Normal
2025-09-14,MED017,21,Normal
2025-09-15,MED017,30,Normal
2025-09-16,MED017,15,Normal
2025-09-17,MED017,30,Normal
2025-09-18,MED017,18,Normal
2025-09-19,MED017,10,Normal
2025-09-20,MED017,11,Normal
2025-09-21,MED017,12,Normal
2025-09-22,MED017,14,Normal
2025-09-23,MED017,13,Normal
2025-09-24,MED017,30,Normal
2025-09-25,MED017,20,Normal
2025-09-26,MED017,27,Normal
2025-09-27,MED017,13,Normal
2025-09-28,MED017,8,Normal
2025-09-29,MED017,20,Normal
2025-09-30,MED017,15,Normal
2025-10-01,MED017,28,Normal
2025-10-02,MED017,21,Normal
2025-10-03,MED017,22,Normal
2025-10-04,MED017,9,Normal
2025-10-05,MED017,22,Normal
2025-10-06,MED017,18,Normal
2025-10-07,MED017,33,Normal
2025-10-08,MED017,29,Normal
2025-10-09,MED017,26,Normal
2025-10-10,MED017,30,Normal
2025-10-11,MED017,8,Normal
2025-10-12,MED017,22,Normal
2025-10-13,MED017,20,Normal
2025-10-14,MED017,12,Normal
2025-10-15,MED017,24,Normal
2025-10-16,MED017,12,Normal
2025-10-17,MED017,12,Normal
2025-10-18,MED017,23,Normal
2025-10-19,MED017,8,Normal
2025-10-20,MED017,10,Normal
2025-10-21,MED017,21,Normal
2025-10-22,MED017,17,Normal
2025-10-23,MED017,30,Normal
2025-10-24,MED017,16,Normal
2025-10-25,MED017,11,Normal
2025-10-26,MED017,18,Normal
2025-10-27,MED017,15,Normal
2025-10-28,MED017,28,Normal
2025-10-29,MED017,17,Normal
2025-10-30,MED017,18,Normal
2025-10-31,MED017,15,Normal
2025-11-01,MED017,15,Normal
2025-11-02,MED017,15,Normal
2025-11-03,MED017,21,Normal
2025-11-04,MED017,21,Normal
2025-11-05,MED017,26,Normal
2025-11-06,MED017,30,Normal
2025-11-07,MED017,21,Normal
2025-11-08,MED017,23,Normal
2025-11-09,MED017,22,Normal
2025-11-10,MED017,23,Normal
2025-11-11,MED017,19,Normal
2025-11-12,MED017,26,Normal
2025-11-13,MED017,18,Normal
2025-11-14,MED017,16,Normal
2025-11-15,MED017,20,Normal
2025-11-16,MED017,11,Normal
2025-11-17,MED017,30,Normal
2025-11-18,MED017,14,Normal
2025-11-19,MED017,20,Normal
2025-11-20,MED017,22,Normal
2025-11-21,MED017,11,Normal
2025-11-22,MED017,11,Normal
2025-11-23,MED017,8,Normal
2025-11-24,MED017,25,Normal
2025-11-25,MED017,30,Normal
2025-11-26,MED017,15,Normal
2025-11-27,MED017,19,Normal
2025-11-28,MED017,27,Normal
2025-11-29,MED017,8,Normal
2025-11-30,MED017,24,Normal
2025-12-01,MED017,28,Normal
2025-12-02,MED017,22,Normal
2025-12-03,MED017,17,Normal
2025-12-04,MED017,21,Normal
2025-12-05,MED017,25,Normal
2025-12-06,MED017,22,Normal
2025-12-07,MED017,14,Normal
2025-12-08,MED017,26,Normal
2025-12-09,MED017,23,Normal
2025-12-10,MED017,28,Normal
2025-12-11,MED017,10,Normal
2025-12-12,MED017,15,Normal
2025-12-13,MED017,24,Normal
2025-12-14,MED017,22,Normal
2025-12-15,MED017,28,Normal
2025-12-16,MED017,14,Normal
2025-12-17,MED017,11,Normal
2025-12-18,MED017,19,Normal
2025-12-19,MED017,14,Normal
2025-12-20,MED017,20,Normal
2025-12-21,MED017,28,Normal
2025-12-22,MED017,14,Normal
2025-12-23,MED017,15,Normal
2025-12-24,MED017,12,Normal
2025-12-25,MED017,16,Normal
2025-12-26,MED017,17,Normal
2025-12-27,MED017,22,Normal
2025-12-28,MED017,23,Normal
2025-12-29,MED017,15,Normal
2025-12-30,MED017,25,Normal
2025-12-31,MED017,22,Normal
2025-01-01,MED018,82,Normal
2025-01-02,MED018,77,Normal
2025-01-03,MED018,73,Normal
2025-01-04,MED018,68,Normal
2025-01-05,MED018,62,Normal
2025-01-06,MED018,80,Normal
2025-01-07,MED018,83,Normal
2025-01-08,MED018,87,Normal
2025-01-09,MED018,85,Normal
2025-01-10,MED018,123,Normal
2025-01-11,MED018,75,Normal
2025-01-12,MED018,65,Normal
2025-01-13,MED018,80,Normal
2025-01-14,MED018,70,Normal
2025-01-15,MED018,82,Normal
2025-01-16,MED018,90,Normal
2025-01-17,MED018,85,Normal
2025-01-18,MED018,64,Normal
2025-01-19,MED018,61,Normal
2025-01-20,MED018,90,Normal
2025-01-21,MED018,74,Normal
2025-01-22,MED018,82,Normal
2025-01-23,MED018,118,Normal
2025-01-24,MED018,83,Normal
2025-01-25,MED018,69,Normal
2025-01-26,MED018,62,Normal
2025-01-27,MED018,72,Normal
2025-01-28,MED018,73,Normal
2025-01-29,MED018,82,Normal
2025-01-30,MED018,70,Normal
2025-01-31,MED018,74,Normal
2025-02-01,MED018,69,Normal
2025-02-02,MED018,59,Normal
2025-02-03,MED018,82,Normal
2025-02-04,MED018,71,Normal
2025-02-05,MED018,78,Normal
2025-02-06,MED018,73,Normal
2025-02-07,MED018,84,Normal
2025-02-08,MED018,72,Normal
2025-02-09,MED018,73,Normal
2025-02-10,MED018,73,Normal
2025-02-11,MED018,83,Normal
2025-02-12,MED018,82,Normal
2025-02-13,MED018,72,Normal
2025-02-14,MED018,80,Normal
2025-02-15,MED018,74,Normal
2025-02-16,MED018,73,Normal
2025-02-17,MED018,84,Normal
2025-02-18,MED018,84,Normal
2025-02-19,MED018,73,Normal
2025-02-20,MED018,84,Normal
2025-02-21,MED018,89,Normal
2025-02-22,MED018,66,Normal
2025-02-23,MED018,67,Normal
2025-02-24,MED018,70,Normal
2025-02-25,MED018,75,Normal
2025-02-26,MED018,116,Normal
2025-02-27,MED018,80,Normal
2025-02-28,MED018,71,Normal
2025-03-01,MED018,68,Normal
2025-03-02,MED018,73,Normal
2025-03-03,MED018,77,Normal
2025-03-04,MED018,87,Normal
2025-03-05,MED018,74,Normal
2025-03-06,MED018,83,Normal
2025-03-07,MED018,81,Normal
2025-03-08,MED018,75,Normal
2025-03-09,MED018,73,Normal
2025-03-10,MED018,71,Normal
2025-03-11,MED018,113,Normal
2025-03-12,MED018,89,Normal
2025-03-13,MED018,90,Normal
2025-03-14,MED018,73,Normal
2025-03-15,MED018,61,Normal
2025-03-16,MED018,76,Normal
2025-03-17,MED018,83,Normal
2025-03-18,MED018,75,Normal
2025-03-19,MED018,78,Normal
2025-03-20,MED018,72,Normal
2025-03-21,MED018,83,Normal
2025-03-22,MED018,64,Normal
2025-03-23,MED018,67,Normal
2025-03-24,MED018,87,Normal
2025-03-25,MED018,77,Normal
2025-03-26,MED018,71,Normal
2025-03-27,MED018,85,Normal
2025-03-28,MED018,83,Normal
2025-03-29,MED018,63,Normal
2025-03-30,MED018,60,Normal
2025-03-31,MED018,75,Normal
2025-04-01,MED018,109,Normal
2025-04-02,MED018,106,Normal
2025-04-03,MED018,83,Normal
2025-04-04,MED018,78,Normal
2025-04-05,MED018,75,Normal
2025-04-06,MED018,76,Normal
2025-04-07,MED018,77,Normal
2025-04-08,MED018,80,Normal
2025-04-09,MED018,89,Normal
2025-04-10,MED018,89,Normal
2025-04-11,MED018,88,Normal
2025-04-12,MED018,75,Normal
2025-04-13,MED018,69,Normal
2025-04-14,MED018,121,Normal
2025-04-15,MED018,80,Normal
2025-04-16,MED018,84,Normal
2025-04-17,MED018,85,Normal
2025-04-18,MED018,75,Normal
2025-04-19,MED018,66,Normal
2025-04-20,MED018,74,Normal
2025-04-21,MED018,90,Normal
2025-04-22,MED018,81,Normal
2025-04-23,MED018,86,Normal
2025-04-24,MED018,79,Normal
2025-04-25,MED018,84,Normal
2025-04-26,MED018,59,Normal
2025-04-27,MED018,74,Normal
2025-04-28,MED018,81,Normal
2025-04-29,MED018,83,Normal
2025-04-30,MED018,70,Normal
2025-05-01,MED018,79,Normal
2025-05-02,MED018,85,Normal
2025-05-03,MED018,69,Normal
2025-05-04,MED018,62,Normal
2025-05-05,MED018,73,Normal
2025-05-06,MED018,76,Normal
2025-05-07,MED018,73,Normal
2025-05-08,MED018,75,Normal
2025-05-09,MED018,82,Normal
2025-05-10,MED018,68,Normal
2025-05-11,MED018,70,Normal
2025-05-12,MED018,78,Normal
2025-05-13,MED018,81,Normal
2025-05-14,MED018,90,Normal
2025-05-15,MED018,80,Normal
2025-05-16,MED018,87,Normal
2025-05-17,MED018,69,Normal
2025-05-18,MED018,71,Normal
2025-05-19,MED018,84,Normal
2025-05-20,MED018,75,Normal
2025-05-21,MED018,70,Normal
2025-05-22,MED018,80,Normal
2025-05-23,MED018,90,Normal
2025-05-24,MED018,62,Normal
2025-05-25,MED018,76,Normal
2025-05-26,MED018,83,Normal
2025-05-27,MED018,125,Normal
2025-05-28,MED018,77,Normal
2025-05-29,MED018,89,Normal
2025-05-30,MED018,72,Normal
2025-05-31,MED018,70,Normal
2025-06-01,MED018,68,Normal
2025-06-02,MED018,75,Normal
2025-06-03,MED018,85,Normal
2025-06-04,MED018,113,Normal
2025-06-05,MED018,89,Normal
2025-06-06,MED018,90,Normal
2025-06-07,MED018,73,Normal
2025-06-08,MED018,63,Normal
2025-06-09,MED018,77,Normal
2025-06-10,MED018,76,Normal
2025-06-11,MED018,79,Normal
2025-06-12,MED018,70,Normal
2025-06-13,MED018,84,Normal
2025-06-14,MED018,75,Normal
2025-06-15,MED018,65,Normal
2025-06-16,MED018,84,Normal
2025-06-17,MED018,73,Normal
2025-06-18,MED018,80,Normal
2025-06-19,MED018,75,Normal
2025-06-20,MED018,100,Normal
2025-06-21,MED018,60,Normal
2025-06-22,MED018,70,Normal
2025-06-23,MED018,85,Normal
2025-06-24,MED018,72,Normal
2025-06-25,MED018,78,Normal
2025-06-26,MED018,87,Normal
2025-06-27,MED018,89,Normal
2025-06-28,MED018,73,Normal
2025-06-29,MED018,71,Normal
2025-06-30,MED018,71,Normal
2025-07-01,MED018,82,Normal
2025-07-02,MED018,71,Normal
2025-07-03,MED018,86,Normal
2025-07-04,MED018,84,Normal
2025-07-05,MED018,62,Normal
2025-07-06,MED018,66,Normal
2025-07-07,MED018,88,Normal
2025-07-08,MED018,73,Normal
2025-07-09,MED018,81,Normal
2025-07-10,MED018,80,Normal
2025-07-11,MED018,77,Normal
2025-07-12,MED018,64,Normal
2025-07-13,MED018,68,Normal
2025-07-14,MED018,72,Normal
2025-07-15,MED018,85,Normal
2025-07-16,MED018,78,Normal
2025-07-17,MED018,84,Normal
2025-07-18,MED018,84,Normal
2025-07-19,MED018,74,Normal
2025-07-20,MED018,60,Normal
2025-07-21,MED018,74,Normal
2025-07-22,MED018,70,Normal
2025-07-23,MED018,81,Normal
2025-07-24,MED018,79,Normal
2025-07-25,MED018,75,Normal
2025-07-26,MED018,67,Normal
2025-07-27,MED018,71,Normal
2025-07-28,MED018,74,Normal
2025-07-29,MED018,74,Normal
2025-07-30,MED018,79,Normal
2025-07-31,MED018,78,Normal
2025-08-01,MED018,70,Normal
2025-08-02,MED018,74,Normal
2025-08-03,MED018,103,Normal
2025-08-04,MED018,81,Normal
2025-08-05,MED018,86,Normal
2025-08-06,MED018,89,Normal
2025-08-07,MED018,81,Normal
2025-08-08,MED018,88,Normal
2025-08-09,MED018,68,Normal
2025-08-10,MED018,69,Normal
2025-08-11,MED018,85,Normal
2025-08-12,MED018,86,Normal
2025-08-13,MED018,85,Normal
2025-08-14,MED018,70,Normal
2025-08-15,MED018,72,Normal
2025-08-16,MED018,67,Normal
2025-08-17,MED018,62,Normal
2025-08-18,MED018,73,Normal
2025-08-19,MED018,81,Normal
2025-08-20,MED018,88,Normal
2025-08-21,MED018,70,Normal
2025-08-22,MED018,86,Normal
2025-08-23,MED018,64,Normal
2025-08-24,MED018,60,Normal
2025-08-25,MED018,73,Normal
2025-08-26,MED018,86,Normal
2025-08-27,MED018,87,Normal
2025-08-28,MED018,87,Normal
2025-08-29,MED018,71,Normal
2025-08-30,MED018,73,Normal
2025-08-31,MED018,66,Normal
2025-09-01,MED018,75,Normal
2025-09-02,MED018,90,Normal
2025-09-03,MED018,77,Normal
2025-09-04,MED018,84,Normal
2025-09-05,MED018,89,Normal
2025-09-06,MED018,66,Normal
2025-09-07,MED018,64,Normal
2025-09-08,MED018,72,Normal
2025-09-09,MED018,74,Normal
2025-09-10,MED018,71,Normal
2025-09-11,MED018,77,Normal
2025-09-12,MED018,88,Normal
2025-09-13,MED018,62,Normal
2025-09-14,MED018,60,Normal
2025-09-15,MED018,90,Normal
2025-09-16,MED018,85,Normal
2025-09-17,MED018,72,Normal
2025-09-18,MED018,73,Normal
2025-09-19,MED018,76,Normal
2025-09-20,MED018,67,Normal
2025-09-21,MED018,74,Normal
2025-09-22,MED018,73,Normal
2025-09-23,MED018,84,Normal
2025-09-24,MED018,76,Normal
2025-09-25,MED018,90,Normal
2025-09-26,MED018,84,Normal
2025-09-27,MED018,66,Normal
2025-09-28,MED018,75,Normal
2025-09-29,MED018,90,Normal
2025-09-30,MED018,86,Normal
2025-10-01,MED018,79,Normal
2025-10-02,MED018,79,Normal
2025-10-03,MED018,87,Normal
2025-10-04,MED018,66,Normal
2025-10-05,MED018,73,Normal
2025-10-06,MED018,84,Normal
2025-10-07,MED018,75,Normal
2025-10-08,MED018,80,Normal
2025-10-09,MED018,86,Normal
2025-10-10,MED018,75,Normal
2025-10-11,MED018,70,Normal
2025-10-12,MED018,62,Normal
2025-10-13,MED018,84,Normal
2025-10-14,MED018,87,Normal
2025-10-15,MED018,76,Normal
2025-10-16,MED018,77,Normal
2025-10-17,MED018,86,Normal
2025-10-18,MED018,73,Normal
2025-10-19,MED018,67,Normal
2025-10-20,MED018,76,Normal
2025-10-21,MED018,74,Normal
2025-10-22,MED018,76,Normal
2025-10-23,MED018,75,Normal
2025-10-24,MED018,89,Normal
2025-10-25,MED018,68,Normal
2025-10-26,MED018,72,Normal
2025-10-27,MED018,83,Normal
2025-10-28,MED018,78,Normal
2025-10-29,MED018,78,Normal
2025-10-30,MED018,79,Normal
2025-10-31,MED018,79,Normal
2025-11-01,MED018,68,Normal
2025-11-02,MED018,68,Normal
2025-11-03,MED018,83,Normal
2025-11-04,MED018,116,Normal
2025-11-05,MED018,82,Normal
2025-11-06,MED018,83,Normal
2025-11-07,MED018,74,Normal
2025-11-08,MED018,92,Normal
2025-11-09,MED018,64,Normal
2025-11-10,MED018,78,Normal
2025-11-11,MED018,113,Normal
2025-11-12,MED018,83,Normal
2025-11-13,MED018,80,Normal
2025-11-14,MED018,76,Normal
2025-11-15,MED018,75,Normal
2025-11-16,MED018,66,Normal
2025-11-17,MED018,77,Normal
2025-11-18,MED018,85,Normal
2025-11-19,MED018,88,Normal
2025-11-20,MED018,71,Normal
2025-11-21,MED018,82,Normal
2025-11-22,MED018,72,Normal
2025-11-23,MED018,75,Normal
2025-11-24,MED018,71,Normal
2025-11-25,MED018,90,Normal
2025-11-26,MED018,87,Normal
2025-11-27,MED018,79,Normal
2025-11-28,MED018,74,Normal
2025-11-29,MED018,61,Normal
2025-11-30,MED018,70,Normal
2025-12-01,MED018,74,Normal
2025-12-02,MED018,88,Normal
2025-12-03,MED018,72,Normal
2025-12-04,MED018,80,Normal
2025-12-05,MED018,78,Normal
2025-12-06,MED018,67,Normal
2025-12-07,MED018,62,Normal
2025-12-08,MED018,72,Normal
2025-12-09,MED018,80,Normal
2025-12-10,MED018,81,Normal
2025-12-11,MED018,84,Normal
2025-12-12,MED018,76,Normal
2025-12-13,MED018,71,Normal
2025-12-14,MED018,68,Normal
2025-12-15,MED018,78,Normal
2025-12-16,MED018,70,Normal
2025-12-17,MED018,90,Normal
2025-12-18,MED018,82,Normal
2025-12-19,MED018,71,Normal
2025-12-20,MED018,60,Normal
2025-12-21,MED018,73,Normal
2025-12-22,MED018,88,Normal
2025-12-23,MED018,71,Normal
2025-12-24,MED018,80,Normal
2025-12-25,MED018,85,Normal
2025-12-26,MED018,80,Normal
2025-12-27,MED018,61,Normal
2025-12-28,MED018,73,Normal
2025-12-29,MED018,87,Normal
2025-12-30,MED018,86,Normal
2025-12-31,MED018,72,Normal
2025-01-01,MED019,88,Normal
2025-01-02,MED019,75,Normal
2025-01-03,MED019,82,Normal
2025-01-04,MED019,70,Normal
2025-01-05,MED019,62,Normal
2025-01-06,MED019,71,Normal
2025-01-07,MED019,87,Normal
2025-01-08,MED019,85,Normal
2025-01-09,MED019,82,Normal
2025-01-10,MED019,81,Normal
2025-01-11,MED019,58,Normal
2025-01-12,MED019,95,Normal
2025-01-13,MED019,76,Normal
2025-01-14,MED019,73,Normal
2025-01-15,MED019,76,Normal
2025-01-16,MED019,79,Normal
2025-01-17,MED019,89,Normal
2025-01-18,MED019,73,Normal
2025-01-19,MED019,73,Normal
2025-01-20,MED019,73,Normal
2025-01-21,MED019,74,Normal
2025-01-22,MED019,86,Normal
2025-01-23,MED019,70,Normal
2025-01-24,MED019,86,Normal
2025-01-25,MED019,60,Normal
2025-01-26,MED019,67,Normal
2025-01-27,MED019,75,Normal
2025-01-28,MED019,74,Normal
2025-01-29,MED019,77,Normal
2025-01-30,MED019,75,Normal
2025-01-31,MED019,69,Normal
2025-02-01,MED019,70,Normal
2025-02-02,MED019,95,Normal
2025-02-03,MED019,75,Normal
2025-02-04,MED019,83,Normal
2025-02-05,MED019,75,Normal
2025-02-06,MED019,81,Normal
2025-02-07,MED019,72,Normal
2025-02-08,MED019,62,Normal
2025-02-09,MED019,73,Normal
2025-02-10,MED019,72,Normal
2025-02-11,MED019,75,Normal
2025-02-12,MED019,84,Normal
2025-02-13,MED019,80,Normal
2025-02-14,MED019,79,Normal
2025-02-15,MED019,63,Normal
2025-02-16,MED019,72,Normal
2025-02-17,MED019,77,Normal
2025-02-18,MED019,116,Normal
2025-02-19,MED019,81,Normal
2025-02-20,MED019,81,Normal
2025-02-21,MED019,72,Normal
2025-02-22,MED019,66,Normal
2025-02-23,MED019,69,Normal
2025-02-24,MED019,89,Normal
2025-02-25,MED019,71,Normal
2025-02-26,MED019,81,Normal
2025-02-27,MED019,69,Normal
2025-02-28,MED019,77,Normal
2025-03-01,MED019,93,Normal
2025-03-02,MED019,64,Normal
2025-03-03,MED019,69,Normal
2025-03-04,MED019,73,Normal
2025-03-05,MED019,84,Normal
2025-03-06,MED019,70,Normal
2025-03-07,MED019,75,Normal
2025-03-08,MED019,66,Normal
2025-03-09,MED019,69,Normal
2025-03-10,MED019,82,Normal
2025-03-11,MED019,85,Normal
2025-03-12,MED019,74,Normal
2025-03-13,MED019,72,Normal
2025-03-14,MED019,69,Normal
2025-03-15,MED019,66,Normal
2025-03-16,MED019,68,Normal
2025-03-17,MED019,77,Normal
2025-03-18,MED019,69,Normal
2025-03-19,MED019,110,Normal
2025-03-20,MED019,117,Normal
2025-03-21,MED019,73,Normal
2025-03-22,MED019,59,Normal
2025-03-23,MED019,74,Normal
2025-03-24,MED019,74,Normal
2025-03-25,MED019,69,Normal
2025-03-26,MED019,76,Normal
2025-03-27,MED019,71,Normal
2025-03-28,MED019,84,Normal
2025-03-29,MED019,69,Normal
2025-03-30,MED019,73,Normal
2025-03-31,MED019,88,Normal
2025-04-01,MED019,69,Normal
2025-04-02,MED019,84,Normal
2025-04-03,MED019,77,Normal
2025-04-04,MED019,86,Normal
2025-04-05,MED019,74,Normal
2025-04-06,MED019,61,Normal
2025-04-07,MED019,87,Normal
2025-04-08,MED019,76,Normal
2025-04-09,MED019,73,Normal
2025-04-10,MED019,71,Normal
2025-04-11,MED019,81,Normal
2025-04-12,MED019,74,Normal
2025-04-13,MED019,64,Normal
2025-04-14,MED019,78,Normal
2025-04-15,MED019,83,Normal
2025-04-16,MED019,85,Normal
2025-04-17,MED019,77,Normal
2025-04-18,MED019,73,Normal
2025-04-19,MED019,68,Normal
2025-04-20,MED019,73,Normal
2025-04-21,MED019,70,Normal
2025-04-22,MED019,81,Normal
2025-04-23,MED019,75,Normal
2025-04-24,MED019,69,Normal
2025-04-25,MED019,70,Normal
2025-04-26,MED019,64,Normal
2025-04-27,MED019,93,Normal
2025-04-28,MED019,84,Normal
2025-04-29,MED019,80,Normal
2025-04-30,MED019,87,Normal
2025-05-01,MED019,75,Normal
2025-05-02,MED019,77,Normal
2025-05-03,MED019,61,Normal
2025-05-04,MED019,75,Normal
2025-05-05,MED019,79,Normal
2025-05-06,MED019,74,Normal
2025-05-07,MED019,84,Normal
2025-05-08,MED019,83,Normal
2025-05-09,MED019,79,Normal
2025-05-10,MED019,65,Normal
2025-05-11,MED019,68,Normal
2025-05-12,MED019,69,Normal
2025-05-13,MED019,73,Normal
2025-05-14,MED019,83,Normal
2025-05-15,MED019,72,Normal
2025-05-16,MED019,78,Normal
2025-05-17,MED019,68,Normal
2025-05-18,MED019,69,Normal
2025-05-19,MED019,71,Normal
2025-05-20,MED019,85,Normal
2025-05-21,MED019,85,Normal
2025-05-22,MED019,76,Normal
2025-05-23,MED019,75,Normal
2025-05-24,MED019,68,Normal
2025-05-25,MED019,62,Normal
2025-05-26,MED019,85,Normal
2025-05-27,MED019,86,Normal
2025-05-28,MED019,76,Normal
2025-05-29,MED019,85,Normal
2025-05-30,MED019,74,Normal
2025-05-31,MED019,62,Normal
2025-06-01,MED019,74,Normal
2025-06-02,MED019,73,Normal
2025-06-03,MED019,88,Normal
2025-06-04,MED019,75,Normal
2025-06-05,MED019,81,Normal
2025-06-06,MED019,85,Normal
2025-06-07,MED019,71,Normal
2025-06-08,MED019,62,Normal
2025-06-09,MED019,109,Normal
2025-06-10,MED019,77,Normal
2025-06-11,MED019,78,Normal
2025-06-12,MED019,88,Normal
2025-06-13,MED019,71,Normal
2025-06-14,MED019,69,Normal
2025-06-15,MED019,71,Normal
2025-06-16,MED019,76,Normal
2025-06-17,MED019,74,Normal
2025-06-18,MED019,81,Normal
2025-06-19,MED019,76,Normal
2025-06-20,MED019,71,Normal
2025-06-21,MED019,65,Normal
2025-06-22,MED019,68,Normal
2025-06-23,MED019,87,Normal
2025-06-24,MED019,73,Normal
2025-06-25,MED019,73,Normal
2025-06-26,MED019,110,Normal
2025-06-27,MED019,72,Normal
2025-06-28,MED019,72,Normal
2025-06-29,MED019,75,Normal
2025-06-30,MED019,76,Normal
2025-07-01,MED019,78,Normal
2025-07-02,MED019,86,Normal
2025-07-03,MED019,83,Normal
2025-07-04,MED019,79,Normal
2025-07-05,MED019,59,Normal
2025-07-06,MED019,65,Normal
2025-07-07,MED019,83,Normal
2025-07-08,MED019,74,Normal
2025-07-09,MED019,84,Normal
2025-07-10,MED019,76,Normal
2025-07-11,MED019,71,Normal
2025-07-12,MED019,74,Normal
2025-07-13,MED019,68,Normal
2025-07-14,MED019,84,Normal
2025-07-15,MED019,82,Normal
2025-07-16,MED019,89,Normal
2025-07-17,MED019,77,Normal
2025-07-18,MED019,77,Normal
2025-07-19,MED019,75,Normal
2025-07-20,MED019,69,Normal
2025-07-21,MED019,77,Normal
2025-07-22,MED019,99,Normal
2025-07-23,MED019,84,Normal
2025-07-24,MED019,84,Normal
2025-07-25,MED019,82,Normal
2025-07-26,MED019,61,Normal
2025-07-27,MED019,71,Normal
2025-07-28,MED019,87,Normal
2025-07-29,MED019,85,Normal
2025-07-30,MED019,113,Normal
2025-07-31,MED019,72,Normal
2025-08-01,MED019,89,Normal
2025-08-02,MED019,73,Normal
2025-08-03,MED019,64,Normal
2025-08-04,MED019,88,Normal
2025-08-05,MED019,81,Normal
2025-08-06,MED019,70,Normal
2025-08-07,MED019,83,Normal
2025-08-08,MED019,87,Normal
2025-08-09,MED019,59,Normal
2025-08-10,MED019,75,Normal
2025-08-11,MED019,82,Normal
2025-08-12,MED019,69,Normal
2025-08-13,MED019,103,Normal
2025-08-14,MED019,79,Normal
2025-08-15,MED019,82,Normal
2025-08-16,MED019,70,Normal
2025-08-17,MED019,65,Normal
2025-08-18,MED019,80,Normal
2025-08-19,MED019,76,Normal
2025-08-20,MED019,70,Normal
2025-08-21,MED019,89,Normal
2025-08-22,MED019,74,Normal
2025-08-23,MED019,73,Normal
2025-08-24,MED019,68,Normal
2025-08-25,MED019,74,Normal
2025-08-26,MED019,71,Normal
2025-08-27,MED019,88,Normal
2025-08-28,MED019,76,Normal
2025-08-29,MED019,78,Normal
2025-08-30,MED019,60,Normal
2025-08-31,MED019,67,Normal
2025-09-01,MED019,89,Normal
2025-09-02,MED019,81,Normal
2025-09-03,MED019,84,Normal
2025-09-04,MED019,83,Normal
2025-09-05,MED019,74,Normal
2025-09-06,MED019,93,Normal
2025-09-07,MED019,63,Normal
2025-09-08,MED019,85,Normal
2025-09-09,MED019,86,Normal
2025-09-10,MED019,86,Normal
2025-09-11,MED019,81,Normal
2025-09-12,MED019,71,Normal
2025-09-13,MED019,60,Normal
2025-09-14,MED019,68,Normal
2025-09-15,MED019,73,Normal
2025-09-16,MED019,86,Normal
2025-09-17,MED019,73,Normal
2025-09-18,MED019,72,Normal
2025-09-19,MED019,78,Normal
2025-09-20,MED019,60,Normal
2025-09-21,MED019,64,Normal
2025-09-22,MED019,70,Normal
2025-09-23,MED019,73,Normal
2025-09-24,MED019,107,Normal
2025-09-25,MED019,76,Normal
2025-09-26,MED019,76,Normal
2025-09-27,MED019,64,Normal
2025-09-28,MED019,63,Normal
2025-09-29,MED019,78,Normal
2025-09-30,MED019,69,Normal
2025-10-01,MED019,84,Normal
2025-10-02,MED019,82,Normal
2025-10-03,MED019,87,Normal
2025-10-04,MED019,62,Normal
2025-10-05,MED019,73,Normal
2025-10-06,MED019,87,Normal
2025-10-07,MED019,81,Normal
2025-10-08,MED019,80,Normal
2025-10-09,MED019,77,Normal
2025-10-10,MED019,80,Normal
2025-10-11,MED019,64,Normal
2025-10-12,MED019,68,Normal
2025-10-13,MED019,73,Normal
2025-10-14,MED019,76,Normal
2025-10-15,MED019,87,Normal
2025-10-16,MED019,85,Normal
2025-10-17,MED019,86,Normal
2025-10-18,MED019,74,Normal
2025-10-19,MED019,68,Normal
2025-10-20,MED019,89,Normal
2025-10-21,MED019,76,Normal
2025-10-22,MED019,87,Normal
2025-10-23,MED019,83,Normal
2025-10-24,MED019,84,Normal
2025-10-25,MED019,60,Normal
2025-10-26,MED019,86,Normal
2025-10-27,MED019,83,Normal
2025-10-28,MED019,70,Normal
2025-10-29,MED019,84,Normal
2025-10-30,MED019,73,Normal
2025-10-31,MED019,80,Normal
2025-11-01,MED019,65,Normal
2025-11-02,MED019,58,Normal
2025-11-03,MED019,84,Normal
2025-11-04,MED019,73,Normal
2025-11-05,MED019,75,Normal
2025-11-06,MED019,78,Normal
2025-11-07,MED019,78,Normal
2025-11-08,MED019,73,Normal
2025-11-09,MED019,72,Normal
2025-11-10,MED019,73,Normal
2025-11-11,MED019,87,Normal
2025-11-12,MED019,69,Normal
2025-11-13,MED019,70,Normal
2025-11-14,MED019,80,Normal
2025-11-15,MED019,60,Normal
2025-11-16,MED019,72,Normal
2025-11-17,MED019,74,Normal
2025-11-18,MED019,76,Normal
2025-11-19,MED019,74,Normal
2025-11-20,MED019,69,Normal
2025-11-21,MED019,84,Normal
2025-11-22,MED019,67,Normal
2025-11-23,MED019,68,Normal
2025-11-24,MED019,81,Normal
2025-11-25,MED019,81,Normal
2025-11-26,MED019,73,Normal
2025-11-27,MED019,74,Normal
2025-11-28,MED019,80,Normal
2025-11-29,MED019,69,Normal
2025-11-30,MED019,71,Normal
2025-12-01,MED019,77,Normal
2025-12-02,MED019,76,Normal
2025-12-03,MED019,89,Normal
2025-12-04,MED019,79,Normal
2025-12-05,MED019,72,Normal
2025-12-06,MED019,58,Normal
2025-12-07,MED019,59,Normal
2025-12-08,MED019,70,Normal
2025-12-09,MED019,72,Normal
2025-12-10,MED019,118,Normal
2025-12-11,MED019,79,Normal
2025-12-12,MED019,69,Normal
2025-12-13,MED019,73,Normal
2025-12-14,MED019,60,Normal
2025-12-15,MED019,75,Normal
2025-12-16,MED019,84,Normal
2025-12-17,MED019,75,Normal
2025-12-18,MED019,72,Normal
2025-12-19,MED019,73,Normal
2025-12-20,MED019,73,Normal
2025-12-21,MED019,70,Normal
2025-12-22,MED019,74,Normal
2025-12-23,MED019,116,Normal
2025-12-24,MED019,70,Normal
2025-12-25,MED019,72,Normal
2025-12-26,MED019,78,Normal
2025-12-27,MED019,61,Normal
2025-12-28,MED019,62,Normal
2025-12-29,MED019,74,Normal
2025-12-30,MED019,84,Normal
2025-12-31,MED019,73,Normal
2025-01-01,MED020,67,Normal
2025-01-02,MED020,70,Normal
2025-01-03,MED020,67,Normal
2025-01-04,MED020,59,Normal
2025-01-05,MED020,51,Normal
2025-01-06,MED020,60,Normal
2025-01-07,MED020,68,Normal
2025-01-08,MED020,91,Normal
2025-01-09,MED020,54,Normal
2025-01-10,MED020,68,Normal
2025-01-11,MED020,60,Normal
2025-01-12,MED020,58,Normal
2025-01-13,MED020,73,Normal
2025-01-14,MED020,69,Normal
2025-01-15,MED020,70,Normal
2025-01-16,MED020,70,Normal
2025-01-17,MED020,62,Normal
2025-01-18,MED020,56,Normal
2025-01-19,MED020,52,Normal
2025-01-20,MED020,66,Normal
2025-01-21,MED020,65,Normal
2025-01-22,MED020,53,Normal
2025-01-23,MED020,63,Normal
2025-01-24,MED020,72,Normal
2025-01-25,MED020,57,Normal
2025-01-26,MED020,52,Normal
2025-01-27,MED020,54,Normal
2025-01-28,MED020,54,Normal
2025-01-29,MED020,55,Normal
2025-01-30,MED020,71,Normal
2025-01-31,MED020,71,Normal
2025-02-01,MED020,62,Normal
2025-02-02,MED020,45,Normal
2025-02-03,MED020,54,Normal
2025-02-04,MED020,65,Normal
2025-02-05,MED020,70,Normal
2025-02-06,MED020,66,Normal
2025-02-07,MED020,69,Normal
2025-02-08,MED020,58,Normal
2025-02-09,MED020,45,Normal
2025-02-10,MED020,56,Normal
2025-02-11,MED020,58,Normal
2025-02-12,MED020,63,Normal
2025-02-13,MED020,59,Normal
2025-02-14,MED020,71,Normal
2025-02-15,MED020,62,Normal
2025-02-16,MED020,55,Normal
2025-02-17,MED020,56,Normal
2025-02-18,MED020,53,Normal
2025-02-19,MED020,63,Normal
2025-02-20,MED020,65,Normal
2025-02-21,MED020,64,Normal
2025-02-22,MED020,77,Normal
2025-02-23,MED020,48,Normal
2025-02-24,MED020,72,Normal
2025-02-25,MED020,66,Normal
2025-02-26,MED020,73,Normal
2025-02-27,MED020,73,Normal
2025-02-28,MED020,61,Normal
2025-03-01,MED020,45,Normal
2025-03-02,MED020,56,Normal
2025-03-03,MED020,59,Normal
2025-03-04,MED020,68,Normal
2025-03-05,MED020,53,Normal
2025-03-06,MED020,91,Normal
2025-03-07,MED020,67,Normal
2025-03-08,MED020,51,Normal
2025-03-09,MED020,47,Normal
2025-03-10,MED020,68,Normal
2025-03-11,MED020,70,Normal
2025-03-12,MED020,61,Normal
2025-03-13,MED020,65,Normal
2025-03-14,MED020,62,Normal
2025-03-15,MED020,60,Normal
2025-03-16,MED020,47,Normal
2025-03-17,MED020,59,Normal
2025-03-18,MED020,70,Normal
2025-03-19,MED020,59,Normal
2025-03-20,MED020,54,Normal
2025-03-21,MED020,56,Normal
2025-03-22,MED020,45,Normal
2025-03-23,MED020,49,Normal
2025-03-24,MED020,55,Normal
2025-03-25,MED020,72,Normal
2025-03-26,MED020,57,Normal
2025-03-27,MED020,54,Normal
2025-03-28,MED020,69,Normal
2025-03-29,MED020,50,Normal
2025-03-30,MED020,74,Normal
2025-03-31,MED020,53,Normal
2025-04-01,MED020,63,Normal
2025-04-02,MED020,61,Normal
2025-04-03,MED020,64,Normal
2025-04-04,MED020,73,Normal
2025-04-05,MED020,55,Normal
2025-04-06,MED020,52,Normal
2025-04-07,MED020,60,Normal
2025-04-08,MED020,59,Normal
2025-04-09,MED020,93,Normal
2025-04-10,MED020,67,Normal
2025-04-11,MED020,60,Normal
2025-04-12,MED020,52,Normal
2025-04-13,MED020,48,Normal
2025-04-14,MED020,63,Normal
2025-04-15,MED020,55,Normal
2025-04-16,MED020,98,Normal
2025-04-17,MED020,58,Normal
2025-04-18,MED020,63,Normal
2025-04-19,MED020,48,Normal
2025-04-20,MED020,71,Normal
2025-04-21,MED020,53,Normal
2025-04-22,MED020,65,Normal
2025-04-23,MED020,56,Normal
2025-04-24,MED020,102,Normal
2025-04-25,MED020,70,Normal
2025-04-26,MED020,62,Normal
2025-04-27,MED020,57,Normal
2025-04-28,MED020,73,Normal
2025-04-29,MED020,72,Normal
2025-04-30,MED020,60,Normal
2025-05-01,MED020,72,Normal
2025-05-02,MED020,73,Normal
2025-05-03,MED020,48,Normal
2025-05-04,MED020,54,Normal
2025-05-05,MED020,62,Normal
2025-05-06,MED020,58,Normal
2025-05-07,MED020,65,Normal
2025-05-08,MED020,58,Normal
2025-05-09,MED020,53,Normal
2025-05-10,MED020,52,Normal
2025-05-11,MED020,56,Normal
2025-05-12,MED020,70,Normal
2025-05-13,MED020,65,Normal
2025-05-14,MED020,73,Normal
2025-05-15,MED020,65,Normal
2025-05-16,MED020,66,Normal
2025-05-17,MED020,56,Normal
2025-05-18,MED020,55,Normal
2025-05-19,MED020,63,Normal
2025-05-20,MED020,65,Normal
2025-05-21,MED020,69,Normal
2025-05-22,MED020,59,Normal
2025-05-23,MED020,71,Normal
2025-05-24,MED020,61,Normal
2025-05-25,MED020,56,Normal
2025-05-26,MED020,66,Normal
2025-05-27,MED020,62,Normal
2025-05-28,MED020,57,Normal
2025-05-29,MED020,70,Normal
2025-05-30,MED020,62,Normal
2025-05-31,MED020,61,Normal
2025-06-01,MED020,50,Normal
2025-06-02,MED020,70,Normal
2025-06-03,MED020,65,Normal
2025-06-04,MED020,66,Normal
2025-06-05,MED020,93,Normal
2025-06-06,MED020,59,Normal
2025-06-07,MED020,49,Normal
2025-06-08,MED020,60,Normal
2025-06-09,MED020,73,Normal
2025-06-10,MED020,59,Normal
2025-06-11,MED020,63,Normal
2025-06-12,MED020,57,Normal
2025-06-13,MED020,68,Normal
2025-06-14,MED020,61,Normal
2025-06-15,MED020,62,Normal
2025-06-16,MED020,56,Normal
2025-06-17,MED020,77,Normal
2025-06-18,MED020,54,Normal
2025-06-19,MED020,55,Normal
2025-06-20,MED020,64,Normal
2025-06-21,MED020,48,Normal
2025-06-22,MED020,52,Normal
2025-06-23,MED020,64,Normal
2025-06-24,MED020,63,Normal
2025-06-25,MED020,67,Normal
2025-06-26,MED020,58,Normal
2025-06-27,MED020,56,Normal
2025-06-28,MED020,49,Normal
2025-06-29,MED020,48,Normal
2025-06-30,MED020,56,Normal
2025-07-01,MED020,72,Normal
2025-07-02,MED020,70,Normal
2025-07-03,MED020,68,Normal
2025-07-04,MED020,61,Normal
2025-07-05,MED020,51,Normal
2025-07-06,MED020,48,Normal
2025-07-07,MED020,56,Normal
2025-07-08,MED020,57,Normal
2025-07-09,MED020,68,Normal
2025-07-10,MED020,58,Normal
2025-07-11,MED020,71,Normal
2025-07-12,MED020,54,Normal
2025-07-13,MED020,60,Normal
2025-07-14,MED020,67,Normal
2025-07-15,MED020,68,Normal
2025-07-16,MED020,71,Normal
2025-07-17,MED020,63,Normal
2025-07-18,MED020,64,Normal
2025-07-19,MED020,48,Normal
2025-07-20,MED020,55,Normal
2025-07-21,MED020,56,Normal
2025-07-22,MED020,59,Normal
2025-07-23,MED020,63,Normal
2025-07-24,MED020,55,Normal
2025-07-25,MED020,95,Normal
2025-07-26,MED020,60,Normal
2025-07-27,MED020,49,Normal
2025-07-28,MED020,61,Normal
2025-07-29,MED020,61,Normal
2025-07-30,MED020,53,Normal
2025-07-31,MED020,58,Normal
2025-08-01,MED020,60,Normal
2025-08-02,MED020,51,Normal
2025-08-03,MED020,56,Normal
2025-08-04,MED020,61,Normal
2025-08-05,MED020,67,Normal
2025-08-06,MED020,63,Normal
2025-08-07,MED020,57,Normal
2025-08-08,MED020,100,Normal
2025-08-09,MED020,84,Normal
2025-08-10,MED020,55,Normal
2025-08-11,MED020,68,Normal
2025-08-12,MED020,54,Normal
2025-08-13,MED020,61,Normal
2025-08-14,MED020,63,Normal
2025-08-15,MED020,69,Normal
2025-08-16,MED020,56,Normal
2025-08-17,MED020,53,Normal
2025-08-18,MED020,64,Normal
2025-08-19,MED020,70,Normal
2025-08-20,MED020,62,Normal
2025-08-21,MED020,67,Normal
2025-08-22,MED020,55,Normal
2025-08-23,MED020,53,Normal
2025-08-24,MED020,65,Normal
2025-08-25,MED020,57,Normal
2025-08-26,MED020,56,Normal
2025-08-27,MED020,58,Normal
2025-08-28,MED020,57,Normal
2025-08-29,MED020,60,Normal
2025-08-30,MED020,64,Normal
2025-08-31,MED020,45,Normal
2025-09-01,MED020,63,Normal
2025-09-02,MED020,72,Normal
2025-09-03,MED020,71,Normal
2025-09-04,MED020,67,Normal
2025-09-05,MED020,63,Normal
2025-09-06,MED020,47,Normal
2025-09-07,MED020,45,Normal
2025-09-08,MED020,59,Normal
2025-09-09,MED020,55,Normal
2025-09-10,MED020,77,Normal
2025-09-11,MED020,60,Normal
2025-09-12,MED020,55,Normal
2025-09-13,MED020,62,Normal
2025-09-14,MED020,57,Normal
2025-09-15,MED020,68,Normal
2025-09-16,MED020,58,Normal
2025-09-17,MED020,71,Normal
2025-09-18,MED020,54,Normal
2025-09-19,MED020,96,Normal
2025-09-20,MED020,49,Normal
2025-09-21,MED020,51,Normal
2025-09-22,MED020,70,Normal
2025-09-23,MED020,59,Normal
2025-09-24,MED020,55,Normal
2025-09-25,MED020,63,Normal
2025-09-26,MED020,60,Normal
2025-09-27,MED020,62,Normal
2025-09-28,MED020,52,Normal
2025-09-29,MED020,69,Normal
2025-09-30,MED020,59,Normal
2025-10-01,MED020,64,Normal
2025-10-02,MED020,96,Normal
2025-10-03,MED020,61,Normal
2025-10-04,MED020,49,Normal
2025-10-05,MED020,46,Normal
2025-10-06,MED020,54,Normal
2025-10-07,MED020,66,Normal
2025-10-08,MED020,93,Normal
2025-10-09,MED020,55,Normal
2025-10-10,MED020,64,Normal
2025-10-11,MED020,61,Normal
2025-10-12,MED020,46,Normal
2025-10-13,MED020,63,Normal
2025-10-14,MED020,68,Normal
2025-10-15,MED020,62,Normal
2025-10-16,MED020,63,Normal
2025-10-17,MED020,59,Normal
2025-10-18,MED020,68,Normal
2025-10-19,MED020,54,Normal
2025-10-20,MED020,67,Normal
2025-10-21,MED020,65,Normal
2025-10-22,MED020,67,Normal
2025-10-23,MED020,57,Normal
2025-10-24,MED020,65,Normal
2025-10-25,MED020,45,Normal
2025-10-26,MED020,53,Normal
2025-10-27,MED020,73,Normal
2025-10-28,MED020,89,Normal
2025-10-29,MED020,58,Normal
2025-10-30,MED020,58,Normal
2025-10-31,MED020,53,Normal
2025-11-01,MED020,48,Normal
2025-11-02,MED020,70,Normal
2025-11-03,MED020,65,Normal
2025-11-04,MED020,70,Normal
2025-11-05,MED020,59,Normal
2025-11-06,MED020,68,Normal
2025-11-07,MED020,58,Normal
2025-11-08,MED020,45,Normal
2025-11-09,MED020,47,Normal
2025-11-10,MED020,63,Normal
2025-11-11,MED020,72,Normal
2025-11-12,MED020,60,Normal
2025-11-13,MED020,68,Normal
2025-11-14,MED020,66,Normal
2025-11-15,MED020,52,Normal
2025-11-16,MED020,53,Normal
2025-11-17,MED020,72,Normal
2025-11-18,MED020,56,Normal
2025-11-19,MED020,69,Normal
2025-11-20,MED020,64,Normal
2025-11-21,MED020,57,Normal
2025-11-22,MED020,57,Normal
2025-11-23,MED020,56,Normal
2025-11-24,MED020,60,Normal
2025-11-25,MED020,63,Normal
2025-11-26,MED020,63,Normal
2025-11-27,MED020,68,Normal
2025-11-28,MED020,70,Normal
2025-11-29,MED020,53,Normal
2025-11-30,MED020,48,Normal
2025-12-01,MED020,73,Normal
2025-12-02,MED020,60,Normal
2025-12-03,MED020,72,Normal
2025-12-04,MED020,60,Normal
2025-12-05,MED020,68,Normal
2025-12-06,MED020,53,Normal
2025-12-07,MED020,47,Normal
2025-12-08,MED020,57,Normal
2025-12-09,MED020,55,Normal
2025-12-10,MED020,67,Normal
2025-12-11,MED020,61,Normal
2025-12-12,MED020,65,Normal
2025-12-13,MED020,51,Normal
2025-12-14,MED020,54,Normal
2025-12-15,MED020,54,Normal
2025-12-16,MED020,60,Normal
2025-12-17,MED020,63,Normal
2025-12-18,MED020,72,Normal
2025-12-19,MED020,57,Normal
2025-12-20,MED020,53,Normal
2025-12-21,MED020,53,Normal
2025-12-22,MED020,70,Normal
2025-12-23,MED020,73,Normal
2025-12-24,MED020,72,Normal
2025-12-25,MED020,62,Normal
2025-12-26,MED020,59,Normal
2025-12-27,MED020,58,Normal
2025-12-28,MED020,55,Normal
2025-12-29,MED020,53,Normal
2025-12-30,MED020,59,Normal
2025-12-31,MED020,74,Normal
2025-01-01,MED021,65,Normal
2025-01-02,MED021,67,Normal
2025-01-03,MED021,75,Normal
2025-01-04,MED021,69,Normal
2025-01-05,MED021,62,Normal
2025-01-06,MED021,71,Normal
2025-01-07,MED021,69,Normal
2025-01-08,MED021,77,Normal
2025-01-09,MED021,81,Normal
2025-01-10,MED021,63,Normal
2025-01-11,MED021,62,Normal
2025-01-12,MED021,62,Normal
2025-01-13,MED021,75,Normal
2025-01-14,MED021,83,Normal
2025-01-15,MED021,73,Normal
2025-01-16,MED021,73,Normal
2025-01-17,MED021,64,Normal
2025-01-18,MED021,62,Normal
2025-01-19,MED021,95,Normal
2025-01-20,MED021,79,Normal
2025-01-21,MED021,67,Normal
2025-01-22,MED021,65,Normal
2025-01-23,MED021,66,Normal
2025-01-24,MED021,70,Normal
2025-01-25,MED021,62,Normal
2025-01-26,MED021,62,Normal
2025-01-27,MED021,73,Normal
2025-01-28,MED021,78,Normal
2025-01-29,MED021,64,Normal
2025-01-30,MED021,83,Normal
2025-01-31,MED021,67,Normal
2025-02-01,MED021,55,Normal
2025-02-02,MED021,65,Normal
2025-02-03,MED021,71,Normal
2025-02-04,MED021,64,Normal
2025-02-05,MED021,112,Normal
2025-02-06,MED021,83,Normal
2025-02-07,MED021,70,Normal
2025-02-08,MED021,54,Normal
2025-02-09,MED021,59,Normal
2025-02-10,MED021,67,Normal
2025-02-11,MED021,73,Normal
2025-02-12,MED021,83,Normal
2025-02-13,MED021,63,Normal
2025-02-14,MED021,72,Normal
2025-02-15,MED021,64,Normal
2025-02-16,MED021,54,Normal
2025-02-17,MED021,64,Normal
2025-02-18,MED021,81,Normal
2025-02-19,MED021,74,Normal
2025-02-20,MED021,81,Normal
2025-02-21,MED021,79,Normal
2025-02-22,MED021,57,Normal
2025-02-23,MED021,56,Normal
2025-02-24,MED021,83,Normal
2025-02-25,MED021,72,Normal
2025-02-26,MED021,74,Normal
2025-02-27,MED021,68,Normal
2025-02-28,MED021,82,Normal
2025-03-01,MED021,58,Normal
2025-03-02,MED021,60,Normal
2025-03-03,MED021,83,Normal
2025-03-04,MED021,63,Normal
2025-03-05,MED021,83,Normal
2025-03-06,MED021,75,Normal
2025-03-07,MED021,92,Normal
2025-03-08,MED021,56,Normal
2025-03-09,MED021,58,Normal
2025-03-10,MED021,81,Normal
2025-03-11,MED021,72,Normal
2025-03-12,MED021,69,Normal
2025-03-13,MED021,72,Normal
2025-03-14,MED021,64,Normal
2025-03-15,MED021,59,Normal
2025-03-16,MED021,60,Normal
2025-03-17,MED021,63,Normal
2025-03-18,MED021,69,Normal
2025-03-19,MED021,73,Normal
2025-03-20,MED021,75,Normal
2025-03-21,MED021,77,Normal
2025-03-22,MED021,69,Normal
2025-03-23,MED021,66,Normal
2025-03-24,MED021,82,Normal
2025-03-25,MED021,70,Normal
2025-03-26,MED021,66,Normal
2025-03-27,MED021,63,Normal
2025-03-28,MED021,63,Normal
2025-03-29,MED021,53,Normal
2025-03-30,MED021,63,Normal
2025-03-31,MED021,68,Normal
2025-04-01,MED021,74,Normal
2025-04-02,MED021,69,Normal
2025-04-03,MED021,74,Normal
2025-04-04,MED021,76,Normal
2025-04-05,MED021,61,Normal
2025-04-06,MED021,56,Normal
2025-04-07,MED021,71,Normal
2025-04-08,MED021,69,Normal
2025-04-09,MED021,83,Normal
2025-04-10,MED021,63,Normal
2025-04-11,MED021,78,Normal
2025-04-12,MED021,56,Normal
2025-04-13,MED021,59,Normal
2025-04-14,MED021,81,Normal
2025-04-15,MED021,71,Normal
2025-04-16,MED021,81,Normal
2025-04-17,MED021,67,Normal
2025-04-18,MED021,75,Normal
2025-04-19,MED021,74,Normal
2025-04-20,MED021,64,Normal
2025-04-21,MED021,76,Normal
2025-04-22,MED021,63,Normal
2025-04-23,MED021,64,Normal
2025-04-24,MED021,71,Normal
2025-04-25,MED021,78,Normal
2025-04-26,MED021,84,Normal
2025-04-27,MED021,60,Normal
2025-04-28,MED021,69,Normal
2025-04-29,MED021,77,Normal
2025-04-30,MED021,116,Normal
2025-05-01,MED021,81,Normal
2025-05-02,MED021,76,Normal
2025-05-03,MED021,66,Normal
2025-05-04,MED021,54,Normal
2025-05-05,MED021,65,Normal
2025-05-06,MED021,77,Normal
2025-05-07,MED021,80,Normal
2025-05-08,MED021,74,Normal
2025-05-09,MED021,80,Normal
2025-05-10,MED021,70,Normal
2025-05-11,MED021,57,Normal
2025-05-12,MED021,74,Normal
2025-05-13,MED021,74,Normal
2025-05-14,MED021,67,Normal
2025-05-15,MED021,78,Normal
2025-05-16,MED021,76,Normal
2025-05-17,MED021,64,Normal
2025-05-18,MED021,60,Normal
2025-05-19,MED021,73,Normal
2025-05-20,MED021,83,Normal
2025-05-21,MED021,80,Normal
2025-05-22,MED021,68,Normal
2025-05-23,MED021,73,Normal
2025-05-24,MED021,70,Normal
2025-05-25,MED021,62,Normal
2025-05-26,MED021,68,Normal
2025-05-27,MED021,81,Normal
2025-05-28,MED021,69,Normal
2025-05-29,MED021,75,Normal
2025-05-30,MED021,76,Normal
2025-05-31,MED021,67,Normal
2025-06-01,MED021,67,Normal
2025-06-02,MED021,63,Normal
2025-06-03,MED021,80,Normal
2025-06-04,MED021,68,Normal
2025-06-05,MED021,73,Normal
2025-06-06,MED021,73,Normal
2025-06-07,MED021,62,Normal
2025-06-08,MED021,63,Normal
2025-06-09,MED021,75,Normal
2025-06-10,MED021,74,Normal
2025-06-11,MED021,66,Normal
2025-06-12,MED021,83,Normal
2025-06-13,MED021,69,Normal
2025-06-14,MED021,67,Normal
2025-06-15,MED021,66,Normal
2025-06-16,MED021,65,Normal
2025-06-17,MED021,72,Normal
2025-06-18,MED021,75,Normal
2025-06-19,MED021,69,Normal
2025-06-20,MED021,66,Normal
2025-06-21,MED021,81,Normal
2025-06-22,MED021,53,Normal
2025-06-23,MED021,69,Normal
2025-06-24,MED021,65,Normal
2025-06-25,MED021,77,Normal
2025-06-26,MED021,76,Normal
2025-06-27,MED021,105,Normal
2025-06-28,MED021,69,Normal
2025-06-29,MED021,63,Normal
2025-06-30,MED021,72,Normal
2025-07-01,MED021,81,Normal
2025-07-02,MED021,83,Normal
2025-07-03,MED021,64,Normal
2025-07-04,MED021,64,Normal
2025-07-05,MED021,86,Normal
2025-07-06,MED021,66,Normal
2025-07-07,MED021,75,Normal
2025-07-08,MED021,66,Normal
2025-07-09,MED021,81,Normal
2025-07-10,MED021,74,Normal
2025-07-11,MED021,78,Normal
2025-07-12,MED021,88,Normal
2025-07-13,MED021,66,Normal
2025-07-14,MED021,65,Normal
2025-07-15,MED021,80,Normal
2025-07-16,MED021,70,Normal
2025-07-17,MED021,83,Normal
2025-07-18,MED021,77,Normal
2025-07-19,MED021,62,Normal
2025-07-20,MED021,92,Normal
2025-07-21,MED021,72,Normal
2025-07-22,MED021,77,Normal
2025-07-23,MED021,76,Normal
2025-07-24,MED021,67,Normal
2025-07-25,MED021,63,Normal
2025-07-26,MED021,65,Normal
2025-07-27,MED021,57,Normal
2025-07-28,MED021,81,Normal
2025-07-29,MED021,80,Normal
2025-07-30,MED021,64,Normal
2025-07-31,MED021,66,Normal
2025-08-01,MED021,78,Normal
2025-08-02,MED021,65,Normal
2025-08-03,MED021,79,Normal
2025-08-04,MED021,82,Normal
2025-08-05,MED021,66,Normal
2025-08-06,MED021,65,Normal
2025-08-07,MED021,78,Normal
2025-08-08,MED021,75,Normal
2025-08-09,MED021,70,Normal
2025-08-10,MED021,88,Normal
2025-08-11,MED021,68,Normal
2025-08-12,MED021,81,Normal
2025-08-13,MED021,70,Normal
2025-08-14,MED021,66,Normal
2025-08-15,MED021,67,Normal
2025-08-16,MED021,69,Normal
2025-08-17,MED021,65,Normal
2025-08-18,MED021,106,Normal
2025-08-19,MED021,79,Normal
2025-08-20,MED021,74,Normal
2025-08-21,MED021,66,Normal
2025-08-22,MED021,64,Normal
2025-08-23,MED021,68,Normal
2025-08-24,MED021,55,Normal
2025-08-25,MED021,71,Normal
2025-08-26,MED021,74,Normal
2025-08-27,MED021,79,Normal
2025-08-28,MED021,67,Normal
2025-08-29,MED021,68,Normal
2025-08-30,MED021,57,Normal
2025-08-31,MED021,65,Normal
2025-09-01,MED021,80,Normal
2025-09-02,MED021,71,Normal
2025-09-03,MED021,68,Normal
2025-09-04,MED021,66,Normal
2025-09-05,MED021,70,Normal
2025-09-06,MED021,61,Normal
2025-09-07,MED021,88,Normal
2025-09-08,MED021,64,Normal
2025-09-09,MED021,63,Normal
2025-09-10,MED021,71,Normal
2025-09-11,MED021,63,Normal
2025-09-12,MED021,67,Normal
2025-09-13,MED021,59,Normal
2025-09-14,MED021,58,Normal
2025-09-15,MED021,78,Normal
2025-09-16,MED021,69,Normal
2025-09-17,MED021,75,Normal
2025-09-18,MED021,83,Normal
2025-09-19,MED021,65,Normal
2025-09-20,MED021,56,Normal
2025-09-21,MED021,56,Normal
2025-09-22,MED021,65,Normal
2025-09-23,MED021,65,Normal
2025-09-24,MED021,70,Normal
2025-09-25,MED021,76,Normal
2025-09-26,MED021,74,Normal
2025-09-27,MED021,60,Normal
2025-09-28,MED021,89,Normal
2025-09-29,MED021,73,Normal
2025-09-30,MED021,63,Normal
2025-10-01,MED021,74,Normal
2025-10-02,MED021,82,Normal
2025-10-03,MED021,70,Normal
2025-10-04,MED021,56,Normal
2025-10-05,MED021,67,Normal
2025-10-06,MED021,83,Normal
2025-10-07,MED021,83,Normal
2025-10-08,MED021,82,Normal
2025-10-09,MED021,78,Normal
2025-10-10,MED021,76,Normal
2025-10-11,MED021,64,Normal
2025-10-12,MED021,55,Normal
2025-10-13,MED021,67,Normal
2025-10-14,MED021,64,Normal
2025-10-15,MED021,75,Normal
2025-10-16,MED021,83,Normal
2025-10-17,MED021,73,Normal
2025-10-18,MED021,68,Normal
2025-10-19,MED021,61,Normal
2025-10-20,MED021,78,Normal
2025-10-21,MED021,75,Normal
2025-10-22,MED021,81,Normal
2025-10-23,MED021,82,Normal
2025-10-24,MED021,81,Normal
2025-10-25,MED021,62,Normal
2025-10-26,MED021,66,Normal
2025-10-27,MED021,80,Normal
2025-10-28,MED021,83,Normal
2025-10-29,MED021,83,Normal
2025-10-30,MED021,71,Normal
2025-10-31,MED021,82,Normal
2025-11-01,MED021,62,Normal
2025-11-02,MED021,62,Normal
2025-11-03,MED021,81,Normal
2025-11-04,MED021,72,Normal
2025-11-05,MED021,73,Normal
2025-11-06,MED021,76,Normal
2025-11-07,MED021,82,Normal
2025-11-08,MED021,58,Normal
2025-11-09,MED021,56,Normal
2025-11-10,MED021,72,Normal
2025-11-11,MED021,74,Normal
2025-11-12,MED021,80,Normal
2025-11-13,MED021,77,Normal
2025-11-14,MED021,68,Normal
2025-11-15,MED021,61,Normal
2025-11-16,MED021,58,Normal
2025-11-17,MED021,83,Normal
2025-11-18,MED021,68,Normal
2025-11-19,MED021,78,Normal
2025-11-20,MED021,75,Normal
2025-11-21,MED021,71,Normal
2025-11-22,MED021,65,Normal
2025-11-23,MED021,56,Normal
2025-11-24,MED021,65,Normal
2025-11-25,MED021,75,Normal
2025-11-26,MED021,105,Normal
2025-11-27,MED021,69,Normal
2025-11-28,MED021,71,Normal
2025-11-29,MED021,65,Normal
2025-11-30,MED021,68,Normal
2025-12-01,MED021,71,Normal
2025-12-02,MED021,76,Normal
2025-12-03,MED021,64,Normal
2025-12-04,MED021,83,Normal
2025-12-05,MED021,82,Normal
2025-12-06,MED021,64,Normal
2025-12-07,MED021,56,Normal
2025-12-08,MED021,66,Normal
2025-12-09,MED021,89,Normal
2025-12-10,MED021,65,Normal
2025-12-11,MED021,80,Normal
2025-12-12,MED021,67,Normal
2025-12-13,MED021,64,Normal
2025-12-14,MED021,68,Normal
2025-12-15,MED021,66,Normal
2025-12-16,MED021,82,Normal
2025-12-17,MED021,72,Normal
2025-12-18,MED021,70,Normal
2025-12-19,MED021,82,Normal
2025-12-20,MED021,60,Normal
2025-12-21,MED021,62,Normal
2025-12-22,MED021,93,Normal
2025-12-23,MED021,81,Normal
2025-12-24,MED021,70,Normal
2025-12-25,MED021,75,Normal
2025-12-26,MED021,114,Normal
2025-12-27,MED021,57,Normal
2025-12-28,MED021,69,Normal
2025-12-29,MED021,71,Normal
2025-12-30,MED021,66,Normal
2025-12-31,MED021,76,Normal
2025-01-01,MED022,87,Normal
2025-01-02,MED022,73,Normal
2025-01-03,MED022,76,Normal
2025-01-04,MED022,63,Normal
2025-01-05,MED022,68,Normal
2025-01-06,MED022,87,Normal
2025-01-07,MED022,82,Normal
2025-01-08,MED022,71,Normal
2025-01-09,MED022,81,Normal
2025-01-10,MED022,82,Normal
2025-01-11,MED022,68,Normal
2025-01-12,MED022,95,Normal
2025-01-13,MED022,76,Normal
2025-01-14,MED022,83,Normal
2025-01-15,MED022,84,Normal
2025-01-16,MED022,68,Normal
2025-01-17,MED022,87,Normal
2025-01-18,MED022,69,Normal
2025-01-19,MED022,67,Normal
2025-01-20,MED022,70,Normal
2025-01-21,MED022,80,Normal
2025-01-22,MED022,80,Normal
2025-01-23,MED022,78,Normal
2025-01-24,MED022,76,Normal
2025-01-25,MED022,65,Normal
2025-01-26,MED022,68,Normal
2025-01-27,MED022,83,Normal
2025-01-28,MED022,86,Normal
2025-01-29,MED022,70,Normal
2025-01-30,MED022,68,Normal
2025-01-31,MED022,79,Normal
2025-02-01,MED022,57,Normal
2025-02-02,MED022,69,Normal
2025-02-03,MED022,70,Normal
2025-02-04,MED022,79,Normal
2025-02-05,MED022,79,Normal
2025-02-06,MED022,76,Normal
2025-02-07,MED022,73,Normal
2025-02-08,MED022,73,Normal
2025-02-09,MED022,73,Normal
2025-02-10,MED022,74,Normal
2025-02-11,MED022,80,Normal
2025-02-12,MED022,75,Normal
2025-02-13,MED022,73,Normal
2025-02-14,MED022,85,Normal
2025-02-15,MED022,59,Normal
2025-02-16,MED022,64,Normal
2025-02-17,MED022,77,Normal
2025-02-18,MED022,81,Normal
2025-02-19,MED022,73,Normal
2025-02-20,MED022,77,Normal
2025-02-21,MED022,70,Normal
2025-02-22,MED022,59,Normal
2025-02-23,MED022,73,Normal
2025-02-24,MED022,73,Normal
2025-02-25,MED022,83,Normal
2025-02-26,MED022,73,Normal
2025-02-27,MED022,74,Normal
2025-02-28,MED022,70,Normal
2025-03-01,MED022,60,Normal
2025-03-02,MED022,62,Normal
2025-03-03,MED022,82,Normal
2025-03-04,MED022,79,Normal
2025-03-05,MED022,72,Normal
2025-03-06,MED022,73,Normal
2025-03-07,MED022,68,Normal
2025-03-08,MED022,62,Normal
2025-03-09,MED022,71,Normal
2025-03-10,MED022,84,Normal
2025-03-11,MED022,69,Normal
2025-03-12,MED022,102,Normal
2025-03-13,MED022,72,Normal
2025-03-14,MED022,75,Normal
2025-03-15,MED022,67,Normal
2025-03-16,MED022,64,Normal
2025-03-17,MED022,82,Normal
2025-03-18,MED022,71,Normal
2025-03-19,MED022,73,Normal
2025-03-20,MED022,69,Normal
2025-03-21,MED022,80,Normal
2025-03-22,MED022,65,Normal
2025-03-23,MED022,70,Normal
2025-03-24,MED022,80,Normal
2025-03-25,MED022,80,Normal
2025-03-26,MED022,82,Normal
2025-03-27,MED022,84,Normal
2025-03-28,MED022,87,Normal
2025-03-29,MED022,68,Normal
2025-03-30,MED022,71,Normal
2025-03-31,MED022,73,Normal
2025-04-01,MED022,83,Normal
2025-04-02,MED022,69,Normal
2025-04-03,MED022,87,Normal
2025-04-04,MED022,77,Normal
2025-04-05,MED022,68,Normal
2025-04-06,MED022,65,Normal
2025-04-07,MED022,78,Normal
2025-04-08,MED022,68,Normal
2025-04-09,MED022,88,Normal
2025-04-10,MED022,82,Normal
2025-04-11,MED022,72,Normal
2025-04-12,MED022,65,Normal
2025-04-13,MED022,85,Normal
2025-04-14,MED022,75,Normal
2025-04-15,MED022,76,Normal
2025-04-16,MED022,82,Normal
2025-04-17,MED022,79,Normal
2025-04-18,MED022,82,Normal
2025-04-19,MED022,58,Normal
2025-04-20,MED022,61,Normal
2025-04-21,MED022,71,Normal
2025-04-22,MED022,69,Normal
2025-04-23,MED022,80,Normal
2025-04-24,MED022,81,Normal
2025-04-25,MED022,77,Normal
2025-04-26,MED022,71,Normal
2025-04-27,MED022,58,Normal
2025-04-28,MED022,83,Normal
2025-04-29,MED022,78,Normal
2025-04-30,MED022,84,Normal
2025-05-01,MED022,71,Normal
2025-05-02,MED022,85,Normal
2025-05-03,MED022,57,Normal
2025-05-04,MED022,74,Normal
2025-05-05,MED022,68,Normal
2025-05-06,MED022,78,Normal
2025-05-07,MED022,82,Normal
2025-05-08,MED022,78,Normal
2025-05-09,MED022,69,Normal
2025-05-10,MED022,73,Normal
2025-05-11,MED022,69,Normal
2025-05-12,MED022,81,Normal
2025-05-13,MED022,69,Normal
2025-05-14,MED022,85,Normal
2025-05-15,MED022,86,Normal
2025-05-16,MED022,72,Normal
2025-05-17,MED022,68,Normal
2025-05-18,MED022,69,Normal
2025-05-19,MED022,88,Normal
2025-05-20,MED022,72,Normal
2025-05-21,MED022,74,Normal
2025-05-22,MED022,80,Normal
2025-05-23,MED022,105,Normal
2025-05-24,MED022,91,Normal
2025-05-25,MED022,61,Normal
2025-05-26,MED022,86,Normal
2025-05-27,MED022,72,Normal
2025-05-28,MED022,86,Normal
2025-05-29,MED022,103,Normal
2025-05-30,MED022,70,Normal
2025-05-31,MED022,58,Normal
2025-06-01,MED022,70,Normal
2025-06-02,MED022,75,Normal
2025-06-03,MED022,73,Normal
2025-06-04,MED022,83,Normal
2025-06-05,MED022,82,Normal
2025-06-06,MED022,78,Normal
2025-06-07,MED022,67,Normal
2025-06-08,MED022,64,Normal
2025-06-09,MED022,85,Normal
2025-06-10,MED022,78,Normal
2025-06-11,MED022,78,Normal
2025-06-12,MED022,86,Normal
2025-06-13,MED022,76,Normal
2025-06-14,MED022,63,Normal
2025-06-15,MED022,57,Normal
2025-06-16,MED022,76,Normal
2025-06-17,MED022,84,Normal
2025-06-18,MED022,80,Normal
2025-06-19,MED022,86,Normal
2025-06-20,MED022,76,Normal
2025-06-21,MED022,61,Normal
2025-06-22,MED022,63,Normal
2025-06-23,MED022,75,Normal
2025-06-24,MED022,72,Normal
2025-06-25,MED022,85,Normal
2025-06-26,MED022,81,Normal
2025-06-27,MED022,81,Normal
2025-06-28,MED022,65,Normal
2025-06-29,MED022,62,Normal
2025-06-30,MED022,70,Normal
2025-07-01,MED022,69,Normal
2025-07-02,MED022,81,Normal
2025-07-03,MED022,83,Normal
2025-07-04,MED022,78,Normal
2025-07-05,MED022,60,Normal
2025-07-06,MED022,70,Normal
2025-07-07,MED022,83,Normal
2025-07-08,MED022,80,Normal
2025-07-09,MED022,80,Normal
2025-07-10,MED022,75,Normal
2025-07-11,MED022,87,Normal
2025-07-12,MED022,66,Normal
2025-07-13,MED022,66,Normal
2025-07-14,MED022,70,Normal
2025-07-15,MED022,70,Normal
2025-07-16,MED022,68,Normal
2025-07-17,MED022,81,Normal
2025-07-18,MED022,70,Normal
2025-07-19,MED022,74,Normal
2025-07-20,MED022,81,Normal
2025-07-21,MED022,102,Normal
2025-07-22,MED022,77,Normal
2025-07-23,MED022,79,Normal
2025-07-24,MED022,79,Normal
2025-07-25,MED022,98,Normal
2025-07-26,MED022,65,Normal
2025-07-27,MED022,58,Normal
2025-07-28,MED022,70,Normal
2025-07-29,MED022,121,Normal
2025-07-30,MED022,74,Normal
2025-07-31,MED022,80,Normal
2025-08-01,MED022,83,Normal
2025-08-02,MED022,73,Normal
2025-08-03,MED022,71,Normal
2025-08-04,MED022,87,Normal
2025-08-05,MED022,70,Normal
2025-08-06,MED022,76,Normal
2025-08-07,MED022,84,Normal
2025-08-08,MED022,87,Normal
2025-08-09,MED022,91,Normal
2025-08-10,MED022,66,Normal
2025-08-11,MED022,83,Normal
2025-08-12,MED022,79,Normal
2025-08-13,MED022,77,Normal
2025-08-14,MED022,80,Normal
2025-08-15,MED022,75,Normal
2025-08-16,MED022,65,Normal
2025-08-17,MED022,62,Normal
2025-08-18,MED022,72,Normal
2025-08-19,MED022,69,Normal
2025-08-20,MED022,86,Normal
2025-08-21,MED022,72,Normal
2025-08-22,MED022,82,Normal
2025-08-23,MED022,59,Normal
2025-08-24,MED022,66,Normal
2025-08-25,MED022,86,Normal
2025-08-26,MED022,83,Normal
2025-08-27,MED022,71,Normal
2025-08-28,MED022,85,Normal
2025-08-29,MED022,77,Normal
2025-08-30,MED022,62,Normal
2025-08-31,MED022,103,Normal
2025-09-01,MED022,73,Normal
2025-09-02,MED022,79,Normal
2025-09-03,MED022,69,Normal
2025-09-04,MED022,76,Normal
2025-09-05,MED022,83,Normal
2025-09-06,MED022,68,Normal
2025-09-07,MED022,66,Normal
2025-09-08,MED022,78,Normal
2025-09-09,MED022,81,Normal
2025-09-10,MED022,86,Normal
2025-09-11,MED022,102,Normal
2025-09-12,MED022,73,Normal
2025-09-13,MED022,68,Normal
2025-09-14,MED022,66,Normal
2025-09-15,MED022,72,Normal
2025-09-16,MED022,87,Normal
2025-09-17,MED022,76,Normal
2025-09-18,MED022,73,Normal
2025-09-19,MED022,68,Normal
2025-09-20,MED022,66,Normal
2025-09-21,MED022,67,Normal
2025-09-22,MED022,71,Normal
2025-09-23,MED022,84,Normal
2025-09-24,MED022,72,Normal
2025-09-25,MED022,84,Normal
2025-09-26,MED022,80,Normal
2025-09-27,MED022,73,Normal
2025-09-28,MED022,73,Normal
2025-09-29,MED022,69,Normal
2025-09-30,MED022,86,Normal
2025-10-01,MED022,85,Normal
2025-10-02,MED022,114,Normal
2025-10-03,MED022,109,Normal
2025-10-04,MED022,73,Normal
2025-10-05,MED022,59,Normal
2025-10-06,MED022,81,Normal
2025-10-07,MED022,87,Normal
2025-10-08,MED022,78,Normal
2025-10-09,MED022,75,Normal
2025-10-10,MED022,77,Normal
2025-10-11,MED022,58,Normal
2025-10-12,MED022,73,Normal
2025-10-13,MED022,106,Normal
2025-10-14,MED022,105,Normal
2025-10-15,MED022,82,Normal
2025-10-16,MED022,68,Normal
2025-10-17,MED022,70,Normal
2025-10-18,MED022,64,Normal
2025-10-19,MED022,72,Normal
2025-10-20,MED022,68,Normal
2025-10-21,MED022,88,Normal
2025-10-22,MED022,87,Normal
2025-10-23,MED022,83,Normal
2025-10-24,MED022,74,Normal
2025-10-25,MED022,72,Normal
2025-10-26,MED022,60,Normal
2025-10-27,MED022,80,Normal
2025-10-28,MED022,78,Normal
2025-10-29,MED022,88,Normal
2025-10-30,MED022,81,Normal
2025-10-31,MED022,88,Normal
2025-11-01,MED022,98,Normal
2025-11-02,MED022,61,Normal
2025-11-03,MED022,76,Normal
2025-11-04,MED022,77,Normal
2025-11-05,MED022,81,Normal
2025-11-06,MED022,81,Normal
2025-11-07,MED022,73,Normal
2025-11-08,MED022,65,Normal
2025-11-09,MED022,72,Normal
2025-11-10,MED022,88,Normal
2025-11-11,MED022,72,Normal
2025-11-12,MED022,68,Normal
2025-11-13,MED022,70,Normal
2025-11-14,MED022,76,Normal
2025-11-15,MED022,60,Normal
2025-11-16,MED022,66,Normal
2025-11-17,MED022,85,Normal
2025-11-18,MED022,71,Normal
2025-11-19,MED022,87,Normal
2025-11-20,MED022,70,Normal
2025-11-21,MED022,70,Normal
2025-11-22,MED022,68,Normal
2025-11-23,MED022,72,Normal
2025-11-24,MED022,68,Normal
2025-11-25,MED022,87,Normal
2025-11-26,MED022,70,Normal
2025-11-27,MED022,73,Normal
2025-11-28,MED022,73,Normal
2025-11-29,MED022,72,Normal
2025-11-30,MED022,74,Normal
2025-12-01,MED022,78,Normal
2025-12-02,MED022,81,Normal
2025-12-03,MED022,84,Normal
2025-12-04,MED022,80,Normal
2025-12-05,MED022,74,Normal
2025-12-06,MED022,70,Normal
2025-12-07,MED022,59,Normal
2025-12-08,MED022,75,Normal
2025-12-09,MED022,83,Normal
2025-12-10,MED022,82,Normal
2025-12-11,MED022,88,Normal
2025-12-12,MED022,96,Normal
2025-12-13,MED022,86,Normal
2025-12-14,MED022,93,Normal
2025-12-15,MED022,79,Normal
2025-12-16,MED022,81,Normal
2025-12-17,MED022,68,Normal
2025-12-18,MED022,82,Normal
2025-12-19,MED022,71,Normal
2025-12-20,MED022,72,Normal
2025-12-21,MED022,73,Normal
2025-12-22,MED022,83,Normal
2025-12-23,MED022,85,Normal
2025-12-24,MED022,78,Normal
2025-12-25,MED022,69,Normal
2025-12-26,MED022,88,Normal
2025-12-27,MED022,65,Normal
2025-12-28,MED022,68,Normal
2025-12-29,MED022,71,Normal
2025-12-30,MED022,77,Normal
2025-12-31,MED022,72,Normal
2025-01-01,MED023,62,Normal
2025-01-02,MED023,71,Normal
2025-01-03,MED023,74,Normal
2025-01-04,MED023,62,Normal
2025-01-05,MED023,56,Normal
2025-01-06,MED023,58,Normal
2025-01-07,MED023,68,Normal
2025-01-08,MED023,60,Normal
2025-01-09,MED023,74,Normal
2025-01-10,MED023,61,Normal
2025-01-11,MED023,51,Normal
2025-01-12,MED023,57,Normal
2025-01-13,MED023,61,Normal
2025-01-14,MED023,64,Normal
2025-01-15,MED023,60,Normal
2025-01-16,MED023,66,Normal
2025-01-17,MED023,75,Normal
2025-01-18,MED023,51,Normal
2025-01-19,MED023,63,Normal
2025-01-20,MED023,75,Normal
2025-01-21,MED023,75,Normal
2025-01-22,MED023,61,Normal
2025-01-23,MED023,59,Normal
2025-01-24,MED023,71,Normal
2025-01-25,MED023,57,Normal
2025-01-26,MED023,50,Normal
2025-01-27,MED023,61,Normal
2025-01-28,MED023,106,Normal
2025-01-29,MED023,102,Normal
2025-01-30,MED023,69,Normal
2025-01-31,MED023,61,Normal
2025-02-01,MED023,64,Normal
2025-02-02,MED023,55,Normal
2025-02-03,MED023,63,Normal
2025-02-04,MED023,76,Normal
2025-02-05,MED023,61,Normal
2025-02-06,MED023,58,Normal
2025-02-07,MED023,62,Normal
2025-02-08,MED023,62,Normal
2025-02-09,MED023,84,Normal
2025-02-10,MED023,74,Normal
2025-02-11,MED023,76,Normal
2025-02-12,MED023,64,Normal
2025-02-13,MED023,65,Normal
2025-02-14,MED023,64,Normal
2025-02-15,MED023,59,Normal
2025-02-16,MED023,62,Normal
2025-02-17,MED023,62,Normal
2025-02-18,MED023,76,Normal
2025-02-19,MED023,76,Normal
2025-02-20,MED023,65,Normal
2025-02-21,MED023,61,Normal
2025-02-22,MED023,56,Normal
2025-02-23,MED023,86,Normal
2025-02-24,MED023,61,Normal
2025-02-25,MED023,64,Normal
2025-02-26,MED023,62,Normal
2025-02-27,MED023,78,Normal
2025-02-28,MED023,65,Normal
2025-03-01,MED023,50,Normal
2025-03-02,MED023,55,Normal
2025-03-03,MED023,60,Normal
2025-03-04,MED023,62,Normal
2025-03-05,MED023,66,Normal
2025-03-06,MED023,106,Normal
2025-03-07,MED023,64,Normal
2025-03-08,MED023,49,Normal
2025-03-09,MED023,57,Normal
2025-03-10,MED023,62,Normal
2025-03-11,MED023,78,Normal
2025-03-12,MED023,69,Normal
2025-03-13,MED023,71,Normal
2025-03-14,MED023,74,Normal
2025-03-15,MED023,61,Normal
2025-03-16,MED023,66,Normal
2025-03-17,MED023,70,Normal
2025-03-18,MED023,65,Normal
2025-03-19,MED023,66,Normal
2025-03-20,MED023,92,Normal
2025-03-21,MED023,72,Normal
2025-03-22,MED023,50,Normal
2025-03-23,MED023,62,Normal
2025-03-24,MED023,71,Normal
2025-03-25,MED023,67,Normal
2025-03-26,MED023,66,Normal
2025-03-27,MED023,58,Normal
2025-03-28,MED023,74,Normal
2025-03-29,MED023,61,Normal
2025-03-30,MED023,66,Normal
2025-03-31,MED023,64,Normal
2025-04-01,MED023,66,Normal
2025-04-02,MED023,70,Normal
2025-04-03,MED023,73,Normal
2025-04-04,MED023,86,Normal
2025-04-05,MED023,55,Normal
2025-04-06,MED023,59,Normal
2025-04-07,MED023,75,Normal
2025-04-08,MED023,62,Normal
2025-04-09,MED023,69,Normal
2025-04-10,MED023,61,Normal
2025-04-11,MED023,74,Normal
2025-04-12,MED023,82,Normal
2025-04-13,MED023,64,Normal
2025-04-14,MED023,61,Normal
2025-04-15,MED023,67,Normal
2025-04-16,MED023,65,Normal
2025-04-17,MED023,75,Normal
2025-04-18,MED023,76,Normal
2025-04-19,MED023,62,Normal
2025-04-20,MED023,66,Normal
2025-04-21,MED023,103,Normal
2025-04-22,MED023,58,Normal
2025-04-23,MED023,75,Normal
2025-04-24,MED023,95,Normal
2025-04-25,MED023,64,Normal
2025-04-26,MED023,56,Normal
2025-04-27,MED023,60,Normal
2025-04-28,MED023,66,Normal
2025-04-29,MED023,78,Normal
2025-04-30,MED023,77,Normal
2025-05-01,MED023,69,Normal
2025-05-02,MED023,73,Normal
2025-05-03,MED023,55,Normal
2025-05-04,MED023,57,Normal
2025-05-05,MED023,65,Normal
2025-05-06,MED023,73,Normal
2025-05-07,MED023,105,Normal
2025-05-08,MED023,60,Normal
2025-05-09,MED023,62,Normal
2025-05-10,MED023,50,Normal
2025-05-11,MED023,60,Normal
2025-05-12,MED023,60,Normal
2025-05-13,MED023,75,Normal
2025-05-14,MED023,62,Normal
2025-05-15,MED023,64,Normal
2025-05-16,MED023,85,Normal
2025-05-17,MED023,49,Normal
2025-05-18,MED023,60,Normal
2025-05-19,MED023,66,Normal
2025-05-20,MED023,72,Normal
2025-05-21,MED023,60,Normal
2025-05-22,MED023,65,Normal
2025-05-23,MED023,60,Normal
2025-05-24,MED023,65,Normal
2025-05-25,MED023,66,Normal
2025-05-26,MED023,91,Normal
2025-05-27,MED023,66,Normal
2025-05-28,MED023,58,Normal
2025-05-29,MED023,73,Normal
2025-05-30,MED023,64,Normal
2025-05-31,MED023,57,Normal
2025-06-01,MED023,62,Normal
2025-06-02,MED023,76,Normal
2025-06-03,MED023,71,Normal
2025-06-04,MED023,69,Normal
2025-06-05,MED023,75,Normal
2025-06-06,MED023,58,Normal
2025-06-07,MED023,66,Normal
2025-06-08,MED023,56,Normal
2025-06-09,MED023,63,Normal
2025-06-10,MED023,59,Normal
2025-06-11,MED023,64,Normal
2025-06-12,MED023,64,Normal
2025-06-13,MED023,72,Normal
2025-06-14,MED023,61,Normal
2025-06-15,MED023,72,Normal
2025-06-16,MED023,64,Normal
2025-06-17,MED023,67,Normal
2025-06-18,MED023,71,Normal
2025-06-19,MED023,60,Normal
2025-06-20,MED023,63,Normal
2025-06-21,MED023,49,Normal
2025-06-22,MED023,50,Normal
2025-06-23,MED023,71,Normal
2025-06-24,MED023,63,Normal
2025-06-25,MED023,62,Normal
2025-06-26,MED023,71,Normal
2025-06-27,MED023,63,Normal
2025-06-28,MED023,62,Normal
2025-06-29,MED023,62,Normal
2025-06-30,MED023,76,Normal
2025-07-01,MED023,76,Normal
2025-07-02,MED023,72,Normal
2025-07-03,MED023,77,Normal
2025-07-04,MED023,76,Normal
2025-07-05,MED023,61,Normal
2025-07-06,MED023,65,Normal
2025-07-07,MED023,72,Normal
2025-07-08,MED023,66,Normal
2025-07-09,MED023,58,Normal
2025-07-10,MED023,67,Normal
2025-07-11,MED023,75,Normal
2025-07-12,MED023,51,Normal
2025-07-13,MED023,51,Normal
2025-07-14,MED023,62,Normal
2025-07-15,MED023,65,Normal
2025-07-16,MED023,75,Normal
2025-07-17,MED023,61,Normal
2025-07-18,MED023,70,Normal
2025-07-19,MED023,64,Normal
2025-07-20,MED023,52,Normal
2025-07-21,MED023,63,Normal
2025-07-22,MED023,65,Normal
2025-07-23,MED023,65,Normal
2025-07-24,MED023,74,Normal
2025-07-25,MED023,75,Normal
2025-07-26,MED023,55,Normal
2025-07-27,MED023,51,Normal
2025-07-28,MED023,75,Normal
2025-07-29,MED023,66,Normal
2025-07-30,MED023,62,Normal
2025-07-31,MED023,59,Normal
2025-08-01,MED023,64,Normal
2025-08-02,MED023,55,Normal
2025-08-03,MED023,51,Normal
2025-08-04,MED023,77,Normal
2025-08-05,MED023,71,Normal
2025-08-06,MED023,75,Normal
2025-08-07,MED023,68,Normal
2025-08-08,MED023,66,Normal
2025-08-09,MED023,79,Normal
2025-08-10,MED023,49,Normal
2025-08-11,MED023,58,Normal
2025-08-12,MED023,58,Normal
2025-08-13,MED023,63,Normal
2025-08-14,MED023,78,Normal
2025-08-15,MED023,60,Normal
2025-08-16,MED023,62,Normal
2025-08-17,MED023,51,Normal
2025-08-18,MED023,75,Normal
2025-08-19,MED023,59,Normal
2025-08-20,MED023,107,Normal
2025-08-21,MED023,62,Normal
2025-08-22,MED023,68,Normal
2025-08-23,MED023,51,Normal
2025-08-24,MED023,62,Normal
2025-08-25,MED023,67,Normal
2025-08-26,MED023,60,Normal
2025-08-27,MED023,62,Normal
2025-08-28,MED023,76,Normal
2025-08-29,MED023,67,Normal
2025-08-30,MED023,51,Normal
2025-08-31,MED023,56,Normal
2025-09-01,MED023,59,Normal
2025-09-02,MED023,102,Normal
2025-09-03,MED023,71,Normal
2025-09-04,MED023,59,Normal
2025-09-05,MED023,58,Normal
2025-09-06,MED023,55,Normal
2025-09-07,MED023,66,Normal
2025-09-08,MED023,69,Normal
2025-09-09,MED023,66,Normal
2025-09-10,MED023,70,Normal
2025-09-11,MED023,61,Normal
2025-09-12,MED023,62,Normal
2025-09-13,MED023,62,Normal
2025-09-14,MED023,57,Normal
2025-09-15,MED023,59,Normal
2025-09-16,MED023,63,Normal
2025-09-17,MED023,70,Normal
2025-09-18,MED023,75,Normal
2025-09-19,MED023,78,Normal
2025-09-20,MED023,60,Normal
2025-09-21,MED023,60,Normal
2025-09-22,MED023,77,Normal
2025-09-23,MED023,77,Normal
2025-09-24,MED023,58,Normal
2025-09-25,MED023,78,Normal
2025-09-26,MED023,74,Normal
2025-09-27,MED023,51,Normal
2025-09-28,MED023,50,Normal
2025-09-29,MED023,70,Normal
2025-09-30,MED023,74,Normal
2025-10-01,MED023,75,Normal
2025-10-02,MED023,58,Normal
2025-10-03,MED023,66,Normal
2025-10-04,MED023,66,Normal
2025-10-05,MED023,62,Normal
2025-10-06,MED023,65,Normal
2025-10-07,MED023,70,Normal
2025-10-08,MED023,64,Normal
2025-10-09,MED023,60,Normal
2025-10-10,MED023,65,Normal
2025-10-11,MED023,51,Normal
2025-10-12,MED023,59,Normal
2025-10-13,MED023,67,Normal
2025-10-14,MED023,74,Normal
2025-10-15,MED023,67,Normal
2025-10-16,MED023,88,Normal
2025-10-17,MED023,71,Normal
2025-10-18,MED023,52,Normal
2025-10-19,MED023,62,Normal
2025-10-20,MED023,61,Normal
2025-10-21,MED023,66,Normal
2025-10-22,MED023,59,Normal
2025-10-23,MED023,67,Normal
2025-10-24,MED023,78,Normal
2025-10-25,MED023,58,Normal
2025-10-26,MED023,58,Normal
2025-10-27,MED023,59,Normal
2025-10-28,MED023,65,Normal
2025-10-29,MED023,69,Normal
2025-10-30,MED023,63,Normal
2025-10-31,MED023,58,Normal
2025-11-01,MED023,62,Normal
2025-11-02,MED023,60,Normal
2025-11-03,MED023,67,Normal
2025-11-04,MED023,74,Normal
2025-11-05,MED023,58,Normal
2025-11-06,MED023,61,Normal
2025-11-07,MED023,75,Normal
2025-11-08,MED023,62,Normal
2025-11-09,MED023,56,Normal
2025-11-10,MED023,62,Normal
2025-11-11,MED023,59,Normal
2025-11-12,MED023,95,Normal
2025-11-13,MED023,78,Normal
2025-11-14,MED023,67,Normal
2025-11-15,MED023,54,Normal
2025-11-16,MED023,58,Normal
2025-11-17,MED023,74,Normal
2025-11-18,MED023,68,Normal
2025-11-19,MED023,61,Normal
2025-11-20,MED023,65,Normal
2025-11-21,MED023,61,Normal
2025-11-22,MED023,65,Normal
2025-11-23,MED023,61,Normal
2025-11-24,MED023,61,Normal
2025-11-25,MED023,77,Normal
2025-11-26,MED023,65,Normal
2025-11-27,MED023,78,Normal
2025-11-28,MED023,73,Normal
2025-11-29,MED023,59,Normal
2025-11-30,MED023,77,Normal
2025-12-01,MED023,71,Normal
2025-12-02,MED023,60,Normal
2025-12-03,MED023,77,Normal
2025-12-04,MED023,73,Normal
2025-12-05,MED023,68,Normal
2025-12-06,MED023,51,Normal
2025-12-07,MED023,62,Normal
2025-12-08,MED023,75,Normal
2025-12-09,MED023,74,Normal
2025-12-10,MED023,58,Normal
2025-12-11,MED023,64,Normal
2025-12-12,MED023,58,Normal
2025-12-13,MED023,57,Normal
2025-12-14,MED023,51,Normal
2025-12-15,MED023,77,Normal
2025-12-16,MED023,58,Normal
2025-12-17,MED023,70,Normal
2025-12-18,MED023,78,Normal
2025-12-19,MED023,66,Normal
2025-12-20,MED023,65,Normal
2025-12-21,MED023,60,Normal
2025-12-22,MED023,77,Normal
2025-12-23,MED023,70,Normal
2025-12-24,MED023,69,Normal
2025-12-25,MED023,59,Normal
2025-12-26,MED023,77,Normal
2025-12-27,MED023,51,Normal
2025-12-28,MED023,66,Normal
2025-12-29,MED023,67,Normal
2025-12-30,MED023,67,Normal
2025-12-31,MED023,70,Normal
2025-01-01,MED024,53,Normal
2025-01-02,MED024,66,Normal
2025-01-03,MED024,58,Normal
2025-01-04,MED024,61,Normal
2025-01-05,MED024,48,Normal
2025-01-06,MED024,67,Normal
2025-01-07,MED024,63,Normal
2025-01-08,MED024,55,Normal
2025-01-09,MED024,54,Normal
2025-01-10,MED024,62,Normal
2025-01-11,MED024,59,Normal
2025-01-12,MED024,45,Normal
2025-01-13,MED024,102,Normal
2025-01-14,MED024,63,Normal
2025-01-15,MED024,65,Normal
2025-01-16,MED024,54,Normal
2025-01-17,MED024,56,Normal
2025-01-18,MED024,48,Normal
2025-01-19,MED024,45,Normal
2025-01-20,MED024,59,Normal
2025-01-21,MED024,54,Normal
2025-01-22,MED024,59,Normal
2025-01-23,MED024,65,Normal
2025-01-24,MED024,55,Normal
2025-01-25,MED024,45,Normal
2025-01-26,MED024,56,Normal
2025-01-27,MED024,59,Normal
2025-01-28,MED024,58,Normal
2025-01-29,MED024,61,Normal
2025-01-30,MED024,64,Normal
2025-01-31,MED024,66,Normal
2025-02-01,MED024,49,Normal
2025-02-02,MED024,47,Normal
2025-02-03,MED024,68,Normal
2025-02-04,MED024,70,Normal
2025-02-05,MED024,57,Normal
2025-02-06,MED024,69,Normal
2025-02-07,MED024,62,Normal
2025-02-08,MED024,45,Normal
2025-02-09,MED024,52,Normal
2025-02-10,MED024,53,Normal
2025-02-11,MED024,67,Normal
2025-02-12,MED024,63,Normal
2025-02-13,MED024,68,Normal
2025-02-14,MED024,70,Normal
2025-02-15,MED024,58,Normal
2025-02-16,MED024,45,Normal
2025-02-17,MED024,73,Normal
2025-02-18,MED024,56,Normal
2025-02-19,MED024,64,Normal
2025-02-20,MED024,53,Normal
2025-02-21,MED024,54,Normal
2025-02-22,MED024,60,Normal
2025-02-23,MED024,46,Normal
2025-02-24,MED024,62,Normal
2025-02-25,MED024,53,Normal
2025-02-26,MED024,67,Normal
2025-02-27,MED024,71,Normal
2025-02-28,MED024,65,Normal
2025-03-01,MED024,60,Normal
2025-03-02,MED024,62,Normal
2025-03-03,MED024,72,Normal
2025-03-04,MED024,65,Normal
2025-03-05,MED024,62,Normal
2025-03-06,MED024,73,Normal
2025-03-07,MED024,72,Normal
2025-03-08,MED024,56,Normal
2025-03-09,MED024,58,Normal
2025-03-10,MED024,70,Normal
2025-03-11,MED024,71,Normal
2025-03-12,MED024,71,Normal
2025-03-13,MED024,63,Normal
2025-03-14,MED024,86,Normal
2025-03-15,MED024,58,Normal
2025-03-16,MED024,60,Normal
2025-03-17,MED024,59,Normal
2025-03-18,MED024,59,Normal
2025-03-19,MED024,60,Normal
2025-03-20,MED024,57,Normal
2025-03-21,MED024,66,Normal
2025-03-22,MED024,59,Normal
2025-03-23,MED024,45,Normal
2025-03-24,MED024,53,Normal
2025-03-25,MED024,68,Normal
2025-03-26,MED024,73,Normal
2025-03-27,MED024,66,Normal
2025-03-28,MED024,53,Normal
2025-03-29,MED024,49,Normal
2025-03-30,MED024,52,Normal
2025-03-31,MED024,60,Normal
2025-04-01,MED024,60,Normal
2025-04-02,MED024,72,Normal
2025-04-03,MED024,73,Normal
2025-04-04,MED024,69,Normal
2025-04-05,MED024,59,Normal
2025-04-06,MED024,52,Normal
2025-04-07,MED024,64,Normal
2025-04-08,MED024,56,Normal
2025-04-09,MED024,71,Normal
2025-04-10,MED024,88,Normal
2025-04-11,MED024,57,Normal
2025-04-12,MED024,54,Normal
2025-04-13,MED024,48,Normal
2025-04-14,MED024,61,Normal
2025-04-15,MED024,70,Normal
2025-04-16,MED024,65,Normal
2025-04-17,MED024,73,Normal
2025-04-18,MED024,82,Normal
2025-04-19,MED024,57,Normal
2025-04-20,MED024,47,Normal
2025-04-21,MED024,57,Normal
2025-04-22,MED024,69,Normal
2025-04-23,MED024,63,Normal
2025-04-24,MED024,56,Normal
2025-04-25,MED024,59,Normal
2025-04-26,MED024,55,Normal
2025-04-27,MED024,51,Normal
2025-04-28,MED024,62,Normal
2025-04-29,MED024,61,Normal
2025-04-30,MED024,54,Normal
2025-05-01,MED024,58,Normal
2025-05-02,MED024,84,Normal
2025-05-03,MED024,58,Normal
2025-05-04,MED024,55,Normal
2025-05-05,MED024,65,Normal
2025-05-06,MED024,54,Normal
2025-05-07,MED024,65,Normal
2025-05-08,MED024,55,Normal
2025-05-09,MED024,59,Normal
2025-05-10,MED024,53,Normal
2025-05-11,MED024,62,Normal
2025-05-12,MED024,55,Normal
2025-05-13,MED024,54,Normal
2025-05-14,MED024,61,Normal
2025-05-15,MED024,73,Normal
2025-05-16,MED024,63,Normal
2025-05-17,MED024,56,Normal
2025-05-18,MED024,62,Normal
2025-05-19,MED024,71,Normal
2025-05-20,MED024,73,Normal
2025-05-21,MED024,57,Normal
2025-05-22,MED024,64,Normal
2025-05-23,MED024,61,Normal
2025-05-24,MED024,57,Normal
2025-05-25,MED024,61,Normal
2025-05-26,MED024,58,Normal
2025-05-27,MED024,67,Normal
2025-05-28,MED024,65,Normal
2025-05-29,MED024,66,Normal
2025-05-30,MED024,72,Normal
2025-05-31,MED024,45,Normal
2025-06-01,MED024,46,Normal
2025-06-02,MED024,68,Normal
2025-06-03,MED024,68,Normal
2025-06-04,MED024,54,Normal
2025-06-05,MED024,71,Normal
2025-06-06,MED024,72,Normal
2025-06-07,MED024,71,Normal
2025-06-08,MED024,58,Normal
2025-06-09,MED024,61,Normal
2025-06-10,MED024,59,Normal
2025-06-11,MED024,67,Normal
2025-06-12,MED024,57,Normal
2025-06-13,MED024,63,Normal
2025-06-14,MED024,49,Normal
2025-06-15,MED024,55,Normal
2025-06-16,MED024,70,Normal
2025-06-17,MED024,93,Normal
2025-06-18,MED024,58,Normal
2025-06-19,MED024,55,Normal
2025-06-20,MED024,53,Normal
2025-06-21,MED024,51,Normal
2025-06-22,MED024,51,Normal
2025-06-23,MED024,63,Normal
2025-06-24,MED024,68,Normal
2025-06-25,MED024,64,Normal
2025-06-26,MED024,59,Normal
2025-06-27,MED024,55,Normal
2025-06-28,MED024,59,Normal
2025-06-29,MED024,51,Normal
2025-06-30,MED024,58,Normal
2025-07-01,MED024,88,Normal
2025-07-02,MED024,65,Normal
2025-07-03,MED024,54,Normal
2025-07-04,MED024,56,Normal
2025-07-05,MED024,52,Normal
2025-07-06,MED024,51,Normal
2025-07-07,MED024,61,Normal
2025-07-08,MED024,65,Normal
2025-07-09,MED024,56,Normal
2025-07-10,MED024,67,Normal
2025-07-11,MED024,68,Normal
2025-07-12,MED024,49,Normal
2025-07-13,MED024,64,Normal
2025-07-14,MED024,58,Normal
2025-07-15,MED024,68,Normal
2025-07-16,MED024,71,Normal
2025-07-17,MED024,58,Normal
2025-07-18,MED024,59,Normal
2025-07-19,MED024,56,Normal
2025-07-20,MED024,59,Normal
2025-07-21,MED024,68,Normal
2025-07-22,MED024,72,Normal
2025-07-23,MED024,66,Normal
2025-07-24,MED024,60,Normal
2025-07-25,MED024,70,Normal
2025-07-26,MED024,47,Normal
2025-07-27,MED024,49,Normal
2025-07-28,MED024,63,Normal
2025-07-29,MED024,63,Normal
2025-07-30,MED024,67,Normal
2025-07-31,MED024,53,Normal
2025-08-01,MED024,71,Normal
2025-08-02,MED024,62,Normal
2025-08-03,MED024,47,Normal
2025-08-04,MED024,54,Normal
2025-08-05,MED024,68,Normal
2025-08-06,MED024,65,Normal
2025-08-07,MED024,57,Normal
2025-08-08,MED024,53,Normal
2025-08-09,MED024,45,Normal
2025-08-10,MED024,48,Normal
2025-08-11,MED024,58,Normal
2025-08-12,MED024,73,Normal
2025-08-13,MED024,58,Normal
2025-08-14,MED024,65,Normal
2025-08-15,MED024,89,Normal
2025-08-16,MED024,53,Normal
2025-08-17,MED024,56,Normal
2025-08-18,MED024,61,Normal
2025-08-19,MED024,57,Normal
2025-08-20,MED024,69,Normal
2025-08-21,MED024,58,Normal
2025-08-22,MED024,71,Normal
2025-08-23,MED024,60,Normal
2025-08-24,MED024,56,Normal
2025-08-25,MED024,54,Normal
2025-08-26,MED024,70,Normal
2025-08-27,MED024,61,Normal
2025-08-28,MED024,72,Normal
2025-08-29,MED024,62,Normal
2025-08-30,MED024,45,Normal
2025-08-31,MED024,48,Normal
2025-09-01,MED024,54,Normal
2025-09-02,MED024,54,Normal
2025-09-03,MED024,60,Normal
2025-09-04,MED024,70,Normal
2025-09-05,MED024,72,Normal
2025-09-06,MED024,51,Normal
2025-09-07,MED024,52,Normal
2025-09-08,MED024,62,Normal
2025-09-09,MED024,63,Normal
2025-09-10,MED024,72,Normal
2025-09-11,MED024,73,Normal
2025-09-12,MED024,55,Normal
2025-09-13,MED024,56,Normal
2025-09-14,MED024,58,Normal
2025-09-15,MED024,54,Normal
2025-09-16,MED024,67,Normal
2025-09-17,MED024,58,Normal
2025-09-18,MED024,70,Normal
2025-09-19,MED024,65,Normal
2025-09-20,MED024,59,Normal
2025-09-21,MED024,68,Normal
2025-09-22,MED024,72,Normal
2025-09-23,MED024,65,Normal
2025-09-24,MED024,72,Normal
2025-09-25,MED024,73,Normal
2025-09-26,MED024,67,Normal
2025-09-27,MED024,59,Normal
2025-09-28,MED024,59,Normal
2025-09-29,MED024,72,Normal
2025-09-30,MED024,66,Normal
2025-10-01,MED024,57,Normal
2025-10-02,MED024,57,Normal
2025-10-03,MED024,71,Normal
2025-10-04,MED024,45,Normal
2025-10-05,MED024,59,Normal
2025-10-06,MED024,96,Normal
2025-10-07,MED024,73,Normal
2025-10-08,MED024,73,Normal
2025-10-09,MED024,64,Normal
2025-10-10,MED024,61,Normal
2025-10-11,MED024,54,Normal
2025-10-12,MED024,55,Normal
2025-10-13,MED024,72,Normal
2025-10-14,MED024,67,Normal
2025-10-15,MED024,53,Normal
2025-10-16,MED024,58,Normal
2025-10-17,MED024,70,Normal
2025-10-18,MED024,53,Normal
2025-10-19,MED024,51,Normal
2025-10-20,MED024,69,Normal
2025-10-21,MED024,71,Normal
2025-10-22,MED024,57,Normal
2025-10-23,MED024,72,Normal
2025-10-24,MED024,73,Normal
2025-10-25,MED024,48,Normal
2025-10-26,MED024,60,Normal
2025-10-27,MED024,65,Normal
2025-10-28,MED024,60,Normal
2025-10-29,MED024,59,Normal
2025-10-30,MED024,71,Normal
2025-10-31,MED024,63,Normal
2025-11-01,MED024,51,Normal
2025-11-02,MED024,53,Normal
2025-11-03,MED024,63,Normal
2025-11-04,MED024,68,Normal
2025-11-05,MED024,63,Normal
2025-11-06,MED024,71,Normal
2025-11-07,MED024,71,Normal
2025-11-08,MED024,51,Normal
2025-11-09,MED024,61,Normal
2025-11-10,MED024,64,Normal
2025-11-11,MED024,69,Normal
2025-11-12,MED024,65,Normal
2025-11-13,MED024,53,Normal
2025-11-14,MED024,68,Normal
2025-11-15,MED024,55,Normal
2025-11-16,MED024,59,Normal
2025-11-17,MED024,72,Normal
2025-11-18,MED024,68,Normal
2025-11-19,MED024,62,Normal
2025-11-20,MED024,84,Normal
2025-11-21,MED024,62,Normal
2025-11-22,MED024,47,Normal
2025-11-23,MED024,58,Normal
2025-11-24,MED024,55,Normal
2025-11-25,MED024,56,Normal
2025-11-26,MED024,72,Normal
2025-11-27,MED024,54,Normal
2025-11-28,MED024,63,Normal
2025-11-29,MED024,51,Normal
2025-11-30,MED024,46,Normal
2025-12-01,MED024,59,Normal
2025-12-02,MED024,55,Normal
2025-12-03,MED024,67,Normal
2025-12-04,MED024,63,Normal
2025-12-05,MED024,59,Normal
2025-12-06,MED024,54,Normal
2025-12-07,MED024,50,Normal
2025-12-08,MED024,68,Normal
2025-12-09,MED024,69,Normal
2025-12-10,MED024,66,Normal
2025-12-11,MED024,88,Normal
2025-12-12,MED024,72,Normal
2025-12-13,MED024,48,Normal
2025-12-14,MED024,62,Normal
2025-12-15,MED024,62,Normal
2025-12-16,MED024,77,Normal
2025-12-17,MED024,64,Normal
2025-12-18,MED024,65,Normal
2025-12-19,MED024,56,Normal
2025-12-20,MED024,58,Normal
2025-12-21,MED024,45,Normal
2025-12-22,MED024,57,Normal
2025-12-23,MED024,53,Normal
2025-12-24,MED024,57,Normal
2025-12-25,MED024,69,Normal
2025-12-26,MED024,64,Normal
2025-12-27,MED024,48,Normal
2025-12-28,MED024,59,Normal
2025-12-29,MED024,66,Normal
2025-12-30,MED024,63,Normal
2025-12-31,MED024,71,Normal
2025-01-01,MED025,84,Normal
2025-01-02,MED025,76,Normal
2025-01-03,MED025,71,Normal
2025-01-04,MED025,65,Normal
2025-01-05,MED025,63,Normal
2025-01-06,MED025,77,Normal
2025-01-07,MED025,80,Normal
2025-01-08,MED025,77,Normal
2025-01-09,MED025,86,Normal
2025-01-10,MED025,83,Normal
2025-01-11,MED025,73,Normal
2025-01-12,MED025,58,Normal
2025-01-13,MED025,80,Normal
2025-01-14,MED025,67,Normal
2025-01-15,MED025,67,Normal
2025-01-16,MED025,68,Normal
2025-01-17,MED025,76,Normal
2025-01-18,MED025,62,Normal
2025-01-19,MED025,62,Normal
2025-01-20,MED025,74,Normal
2025-01-21,MED025,70,Normal
2025-01-22,MED025,77,Normal
2025-01-23,MED025,67,Normal
2025-01-24,MED025,114,Normal
2025-01-25,MED025,62,Normal
2025-01-26,MED025,68,Normal
2025-01-27,MED025,72,Normal
2025-01-28,MED025,76,Normal
2025-01-29,MED025,83,Normal
2025-01-30,MED025,79,Normal
2025-01-31,MED025,86,Normal
2025-02-01,MED025,69,Normal
2025-02-02,MED025,62,Normal
2025-02-03,MED025,87,Normal
2025-02-04,MED025,76,Normal
2025-02-05,MED025,71,Normal
2025-02-06,MED025,71,Normal
2025-02-07,MED025,83,Normal
2025-02-08,MED025,61,Normal
2025-02-09,MED025,64,Normal
2025-02-10,MED025,69,Normal
2025-02-11,MED025,72,Normal
2025-02-12,MED025,70,Normal
2025-02-13,MED025,73,Normal
2025-02-14,MED025,71,Normal
2025-02-15,MED025,60,Normal
2025-02-16,MED025,102,Normal
2025-02-17,MED025,76,Normal
2025-02-18,MED025,68,Normal
2025-02-19,MED025,67,Normal
2025-02-20,MED025,83,Normal
2025-02-21,MED025,75,Normal
2025-02-22,MED025,62,Normal
2025-02-23,MED025,68,Normal
2025-02-24,MED025,84,Normal
2025-02-25,MED025,82,Normal
2025-02-26,MED025,69,Normal
2025-02-27,MED025,72,Normal
2025-02-28,MED025,78,Normal
2025-03-01,MED025,65,Normal
2025-03-02,MED025,66,Normal
2025-03-03,MED025,75,Normal
2025-03-04,MED025,79,Normal
2025-03-05,MED025,85,Normal
2025-03-06,MED025,77,Normal
2025-03-07,MED025,69,Normal
2025-03-08,MED025,68,Normal
2025-03-09,MED025,71,Normal
2025-03-10,MED025,70,Normal
2025-03-11,MED025,84,Normal
2025-03-12,MED025,81,Normal
2025-03-13,MED025,87,Normal
2025-03-14,MED025,69,Normal
2025-03-15,MED025,62,Normal
2025-03-16,MED025,62,Normal
2025-03-17,MED025,87,Normal
2025-03-18,MED025,72,Normal
2025-03-19,MED025,67,Normal
2025-03-20,MED025,72,Normal
2025-03-21,MED025,85,Normal
2025-03-22,MED025,62,Normal
2025-03-23,MED025,61,Normal
2025-03-24,MED025,80,Normal
2025-03-25,MED025,85,Normal
2025-03-26,MED025,76,Normal
2025-03-27,MED025,84,Normal
2025-03-28,MED025,72,Normal
2025-03-29,MED025,66,Normal
2025-03-30,MED025,62,Normal
2025-03-31,MED025,84,Normal
2025-04-01,MED025,84,Normal
2025-04-02,MED025,75,Normal
2025-04-03,MED025,82,Normal
2025-04-04,MED025,81,Normal
2025-04-05,MED025,69,Normal
2025-04-06,MED025,67,Normal
2025-04-07,MED025,67,Normal
2025-04-08,MED025,75,Normal
2025-04-09,MED025,85,Normal
2025-04-10,MED025,82,Normal
2025-04-11,MED025,70,Normal
2025-04-12,MED025,68,Normal
2025-04-13,MED025,72,Normal
2025-04-14,MED025,72,Normal
2025-04-15,MED025,81,Normal
2025-04-16,MED025,68,Normal
2025-04-17,MED025,86,Normal
2025-04-18,MED025,83,Normal
2025-04-19,MED025,59,Normal
2025-04-20,MED025,65,Normal
2025-04-21,MED025,84,Normal
2025-04-22,MED025,83,Normal
2025-04-23,MED025,99,Normal
2025-04-24,MED025,70,Normal
2025-04-25,MED025,78,Normal
2025-04-26,MED025,57,Normal
2025-04-27,MED025,85,Normal
2025-04-28,MED025,68,Normal
2025-04-29,MED025,84,Normal
2025-04-30,MED025,81,Normal
2025-05-01,MED025,83,Normal
2025-05-02,MED025,81,Normal
2025-05-03,MED025,62,Normal
2025-05-04,MED025,66,Normal
2025-05-05,MED025,78,Normal
2025-05-06,MED025,87,Normal
2025-05-07,MED025,68,Normal
2025-05-08,MED025,68,Normal
2025-05-09,MED025,75,Normal
2025-05-10,MED025,62,Normal
2025-05-11,MED025,73,Normal
2025-05-12,MED025,85,Normal
2025-05-13,MED025,85,Normal
2025-05-14,MED025,81,Normal
2025-05-15,MED025,72,Normal
2025-05-16,MED025,85,Normal
2025-05-17,MED025,81,Normal
2025-05-18,MED025,60,Normal
2025-05-19,MED025,72,Normal
2025-05-20,MED025,85,Normal
2025-05-21,MED025,67,Normal
2025-05-22,MED025,73,Normal
2025-05-23,MED025,87,Normal
2025-05-24,MED025,70,Normal
2025-05-25,MED025,73,Normal
2025-05-26,MED025,67,Normal
2025-05-27,MED025,82,Normal
2025-05-28,MED025,85,Normal
2025-05-29,MED025,86,Normal
2025-05-30,MED025,71,Normal
2025-05-31,MED025,73,Normal
2025-06-01,MED025,60,Normal
2025-06-02,MED025,72,Normal
2025-06-03,MED025,81,Normal
2025-06-04,MED025,71,Normal
2025-06-05,MED025,86,Normal
2025-06-06,MED025,69,Normal
2025-06-07,MED025,67,Normal
2025-06-08,MED025,60,Normal
2025-06-09,MED025,68,Normal
2025-06-10,MED025,68,Normal
2025-06-11,MED025,77,Normal
2025-06-12,MED025,83,Normal
2025-06-13,MED025,74,Normal
2025-06-14,MED025,73,Normal
2025-06-15,MED025,86,Normal
2025-06-16,MED025,85,Normal
2025-06-17,MED025,79,Normal
2025-06-18,MED025,117,Normal
2025-06-19,MED025,72,Normal
2025-06-20,MED025,76,Normal
2025-06-21,MED025,59,Normal
2025-06-22,MED025,64,Normal
2025-06-23,MED025,69,Normal
2025-06-24,MED025,84,Normal
2025-06-25,MED025,87,Normal
2025-06-26,MED025,77,Normal
2025-06-27,MED025,85,Normal
2025-06-28,MED025,60,Normal
2025-06-29,MED025,64,Normal
2025-06-30,MED025,67,Normal
2025-07-01,MED025,85,Normal
2025-07-02,MED025,78,Normal
2025-07-03,MED025,78,Normal
2025-07-04,MED025,69,Normal
2025-07-05,MED025,102,Normal
2025-07-06,MED025,62,Normal
2025-07-07,MED025,85,Normal
2025-07-08,MED025,71,Normal
2025-07-09,MED025,85,Normal
2025-07-10,MED025,67,Normal
2025-07-11,MED025,74,Normal
2025-07-12,MED025,59,Normal
2025-07-13,MED025,62,Normal
2025-07-14,MED025,78,Normal
2025-07-15,MED025,84,Normal
2025-07-16,MED025,76,Normal
2025-07-17,MED025,71,Normal
2025-07-18,MED025,67,Normal
2025-07-19,MED025,58,Normal
2025-07-20,MED025,84,Normal
2025-07-21,MED025,82,Normal
2025-07-22,MED025,80,Normal
2025-07-23,MED025,86,Normal
2025-07-24,MED025,74,Normal
2025-07-25,MED025,75,Normal
2025-07-26,MED025,73,Normal
2025-07-27,MED025,68,Normal
2025-07-28,MED025,69,Normal
2025-07-29,MED025,118,Normal
2025-07-30,MED025,74,Normal
2025-07-31,MED025,76,Normal
2025-08-01,MED025,70,Normal
2025-08-02,MED025,63,Normal
2025-08-03,MED025,61,Normal
2025-08-04,MED025,87,Normal
2025-08-05,MED025,74,Normal
2025-08-06,MED025,106,Normal
2025-08-07,MED025,68,Normal
2025-08-08,MED025,86,Normal
2025-08-09,MED025,67,Normal
2025-08-10,MED025,72,Normal
2025-08-11,MED025,87,Normal
2025-08-12,MED025,80,Normal
2025-08-13,MED025,76,Normal
2025-08-14,MED025,78,Normal
2025-08-15,MED025,78,Normal
2025-08-16,MED025,68,Normal
2025-08-17,MED025,62,Normal
2025-08-18,MED025,70,Normal
2025-08-19,MED025,75,Normal
2025-08-20,MED025,67,Normal
2025-08-21,MED025,84,Normal
2025-08-22,MED025,70,Normal
2025-08-23,MED025,70,Normal
2025-08-24,MED025,86,Normal
2025-08-25,MED025,80,Normal
2025-08-26,MED025,70,Normal
2025-08-27,MED025,75,Normal
2025-08-28,MED025,69,Normal
2025-08-29,MED025,80,Normal
2025-08-30,MED025,99,Normal
2025-08-31,MED025,59,Normal
2025-09-01,MED025,78,Normal
2025-09-02,MED025,71,Normal
2025-09-03,MED025,70,Normal
2025-09-04,MED025,68,Normal
2025-09-05,MED025,73,Normal
2025-09-06,MED025,68,Normal
2025-09-07,MED025,62,Normal
2025-09-08,MED025,74,Normal
2025-09-09,MED025,68,Normal
2025-09-10,MED025,76,Normal
2025-09-11,MED025,83,Normal
2025-09-12,MED025,82,Normal
2025-09-13,MED025,67,Normal
2025-09-14,MED025,86,Normal
2025-09-15,MED025,85,Normal
2025-09-16,MED025,78,Normal
2025-09-17,MED025,83,Normal
2025-09-18,MED025,81,Normal
2025-09-19,MED025,80,Normal
2025-09-20,MED025,96,Normal
2025-09-21,MED025,59,Normal
2025-09-22,MED025,77,Normal
2025-09-23,MED025,73,Normal
2025-09-24,MED025,72,Normal
2025-09-25,MED025,81,Normal
2025-09-26,MED025,80,Normal
2025-09-27,MED025,68,Normal
2025-09-28,MED025,58,Normal
2025-09-29,MED025,69,Normal
2025-09-30,MED025,71,Normal
2025-10-01,MED025,114,Normal
2025-10-02,MED025,68,Normal
2025-10-03,MED025,79,Normal
2025-10-04,MED025,59,Normal
2025-10-05,MED025,65,Normal
2025-10-06,MED025,67,Normal
2025-10-07,MED025,70,Normal
2025-10-08,MED025,85,Normal
2025-10-09,MED025,81,Normal
2025-10-10,MED025,105,Normal
2025-10-11,MED025,73,Normal
2025-10-12,MED025,62,Normal
2025-10-13,MED025,84,Normal
2025-10-14,MED025,85,Normal
2025-10-15,MED025,87,Normal
2025-10-16,MED025,118,Normal
2025-10-17,MED025,74,Normal
2025-10-18,MED025,58,Normal
2025-10-19,MED025,85,Normal
2025-10-20,MED025,86,Normal
2025-10-21,MED025,68,Normal
2025-10-22,MED025,76,Normal
2025-10-23,MED025,86,Normal
2025-10-24,MED025,79,Normal
2025-10-25,MED025,70,Normal
2025-10-26,MED025,73,Normal
2025-10-27,MED025,69,Normal
2025-10-28,MED025,85,Normal
2025-10-29,MED025,70,Normal
2025-10-30,MED025,79,Normal
2025-10-31,MED025,76,Normal
2025-11-01,MED025,67,Normal
2025-11-02,MED025,60,Normal
2025-11-03,MED025,76,Normal
2025-11-04,MED025,82,Normal
2025-11-05,MED025,75,Normal
2025-11-06,MED025,72,Normal
2025-11-07,MED025,80,Normal
2025-11-08,MED025,70,Normal
2025-11-09,MED025,73,Normal
2025-11-10,MED025,85,Normal
2025-11-11,MED025,86,Normal
2025-11-12,MED025,67,Normal
2025-11-13,MED025,75,Normal
2025-11-14,MED025,80,Normal
2025-11-15,MED025,84,Normal
2025-11-16,MED025,68,Normal
2025-11-17,MED025,81,Normal
2025-11-18,MED025,84,Normal
2025-11-19,MED025,70,Normal
2025-11-20,MED025,68,Normal
2025-11-21,MED025,67,Normal
2025-11-22,MED025,73,Normal
2025-11-23,MED025,71,Normal
2025-11-24,MED025,69,Normal
2025-11-25,MED025,86,Normal
2025-11-26,MED025,86,Normal
2025-11-27,MED025,85,Normal
2025-11-28,MED025,71,Normal
2025-11-29,MED025,58,Normal
2025-11-30,MED025,56,Normal
2025-12-01,MED025,84,Normal
2025-12-02,MED025,85,Normal
2025-12-03,MED025,116,Normal
2025-12-04,MED025,69,Normal
2025-12-05,MED025,79,Normal
2025-12-06,MED025,64,Normal
2025-12-07,MED025,61,Normal
2025-12-08,MED025,81,Normal
2025-12-09,MED025,78,Normal
2025-12-10,MED025,74,Normal
2025-12-11,MED025,81,Normal
2025-12-12,MED025,78,Normal
2025-12-13,MED025,56,Normal
2025-12-14,MED025,57,Normal
2025-12-15,MED025,75,Normal
2025-12-16,MED025,80,Normal
2025-12-17,MED025,82,Normal
2025-12-18,MED025,72,Normal
2025-12-19,MED025,79,Normal
2025-12-20,MED025,64,Normal
2025-12-21,MED025,58,Normal
2025-12-22,MED025,69,Normal
2025-12-23,MED025,83,Normal
2025-12-24,MED025,85,Normal
2025-12-25,MED025,72,Normal
2025-12-26,MED025,80,Normal
2025-12-27,MED025,70,Normal
2025-12-28,MED025,67,Normal
2025-12-29,MED025,82,Normal
2025-12-30,MED025,68,Normal
2025-12-31,MED025,85,Normal
2025-01-01,MED026,33,Normal
2025-01-02,MED026,27,Normal
2025-01-03,MED026,38,Normal
2025-01-04,MED026,44,Normal
2025-01-05,MED026,35,Normal
2025-01-06,MED026,30,Normal
2025-01-07,MED026,42,Normal
2025-01-08,MED026,35,Normal
2025-01-09,MED026,36,Normal
2025-01-10,MED026,39,Normal
2025-01-11,MED026,38,Normal
2025-01-12,MED026,28,Normal
2025-01-13,MED026,44,Normal
2025-01-14,MED026,45,Normal
2025-01-15,MED026,44,Normal
2025-01-16,MED026,42,Normal
2025-01-17,MED026,33,Normal
2025-01-18,MED026,44,Normal
2025-01-19,MED026,33,Normal
2025-01-20,MED026,29,Normal
2025-01-21,MED026,25,Normal
2025-01-22,MED026,35,Normal
2025-01-23,MED026,29,Normal
2025-01-24,MED026,36,Normal
2025-01-25,MED026,27,Normal
2025-01-26,MED026,32,Normal
2025-01-27,MED026,42,Normal
2025-01-28,MED026,41,Normal
2025-01-29,MED026,32,Normal
2025-01-30,MED026,37,Normal
2025-01-31,MED026,41,Normal
2025-02-01,MED026,22,Normal
2025-02-02,MED026,24,Normal
2025-02-03,MED026,37,Normal
2025-02-04,MED026,41,Normal
2025-02-05,MED026,43,Normal
2025-02-06,MED026,25,Normal
2025-02-07,MED026,27,Normal
2025-02-08,MED026,22,Normal
2025-02-09,MED026,23,Normal
2025-02-10,MED026,32,Normal
2025-02-11,MED026,44,Normal
2025-02-12,MED026,30,Normal
2025-02-13,MED026,31,Normal
2025-02-14,MED026,28,Normal
2025-02-15,MED026,34,Normal
2025-02-16,MED026,21,Normal
2025-02-17,MED026,44,Normal
2025-02-18,MED026,33,Normal
2025-02-19,MED026,41,Normal
2025-02-20,MED026,35,Normal
2025-02-21,MED026,25,Normal
2025-02-22,MED026,30,Normal
2025-02-23,MED026,28,Normal
2025-02-24,MED026,40,Normal
2025-02-25,MED026,28,Normal
2025-02-26,MED026,38,Normal
2025-02-27,MED026,26,Normal
2025-02-28,MED026,34,Normal
2025-03-01,MED026,36,Normal
2025-03-02,MED026,22,Normal
2025-03-03,MED026,40,Normal
2025-03-04,MED026,27,Normal
2025-03-05,MED026,29,Normal
2025-03-06,MED026,44,Normal
2025-03-07,MED026,42,Normal
2025-03-08,MED026,35,Normal
2025-03-09,MED026,21,Normal
2025-03-10,MED026,39,Normal
2025-03-11,MED026,29,Normal
2025-03-12,MED026,27,Normal
2025-03-13,MED026,38,Normal
2025-03-14,MED026,28,Normal
2025-03-15,MED026,29,Normal
2025-03-16,MED026,31,Normal
2025-03-17,MED026,33,Normal
2025-03-18,MED026,44,Normal
2025-03-19,MED026,44,Normal
2025-03-20,MED026,32,Normal
2025-03-21,MED026,43,Normal
2025-03-22,MED026,37,Normal
2025-03-23,MED026,28,Normal
2025-03-24,MED026,37,Normal
2025-03-25,MED026,27,Normal
2025-03-26,MED026,43,Normal
2025-03-27,MED026,35,Normal
2025-03-28,MED026,26,Normal
2025-03-29,MED026,37,Normal
2025-03-30,MED026,37,Normal
2025-03-31,MED026,26,Normal
2025-04-01,MED026,40,Normal
2025-04-02,MED026,32,Normal
2025-04-03,MED026,37,Normal
2025-04-04,MED026,26,Normal
2025-04-05,MED026,22,Normal
2025-04-06,MED026,32,Normal
2025-04-07,MED026,26,Normal
2025-04-08,MED026,44,Normal
2025-04-09,MED026,42,Normal
2025-04-10,MED026,31,Normal
2025-04-11,MED026,32,Normal
2025-04-12,MED026,38,Normal
2025-04-13,MED026,34,Normal
2025-04-14,MED026,35,Normal
2025-04-15,MED026,26,Normal
2025-04-16,MED026,35,Normal
2025-04-17,MED026,44,Normal
2025-04-18,MED026,43,Normal
2025-04-19,MED026,24,Normal
2025-04-20,MED026,36,Normal
2025-04-21,MED026,26,Normal
2025-04-22,MED026,37,Normal
2025-04-23,MED026,33,Normal
2025-04-24,MED026,42,Normal
2025-04-25,MED026,38,Normal
2025-04-26,MED026,22,Normal
2025-04-27,MED026,32,Normal
2025-04-28,MED026,25,Normal
2025-04-29,MED026,34,Normal
2025-04-30,MED026,36,Normal
2025-05-01,MED026,39,Normal
2025-05-02,MED026,25,Normal
2025-05-03,MED026,28,Normal
2025-05-04,MED026,27,Normal
2025-05-05,MED026,41,Normal
2025-05-06,MED026,25,Normal
2025-05-07,MED026,32,Normal
2025-05-08,MED026,36,Normal
2025-05-09,MED026,37,Normal
2025-05-10,MED026,24,Normal
2025-05-11,MED026,25,Normal
2025-05-12,MED026,35,Normal
2025-05-13,MED026,26,Normal
2025-05-14,MED026,45,Normal
2025-05-15,MED026,44,Normal
2025-05-16,MED026,36,Normal
2025-05-17,MED026,32,Normal
2025-05-18,MED026,25,Normal
2025-05-19,MED026,29,Normal
2025-05-20,MED026,39,Normal
2025-05-21,MED026,40,Normal
2025-05-22,MED026,40,Normal
2025-05-23,MED026,29,Normal
2025-05-24,MED026,37,Normal
2025-05-25,MED026,21,Normal
2025-05-26,MED026,30,Normal
2025-05-27,MED026,28,Normal
2025-05-28,MED026,41,Normal
2025-05-29,MED026,33,Normal
2025-05-30,MED026,41,Normal
2025-05-31,MED026,30,Normal
2025-06-01,MED026,49,Normal
2025-06-02,MED026,40,Normal
2025-06-03,MED026,37,Normal
2025-06-04,MED026,40,Normal
2025-06-05,MED026,29,Normal
2025-06-06,MED026,27,Normal
2025-06-07,MED026,37,Normal
2025-06-08,MED026,30,Normal
2025-06-09,MED026,25,Normal
2025-06-10,MED026,33,Normal
2025-06-11,MED026,38,Normal
2025-06-12,MED026,30,Normal
2025-06-13,MED026,38,Normal
2025-06-14,MED026,23,Normal
2025-06-15,MED026,22,Normal
2025-06-16,MED026,33,Normal
2025-06-17,MED026,40,Normal
2025-06-18,MED026,38,Normal
2025-06-19,MED026,43,Normal
2025-06-20,MED026,58,Normal
2025-06-21,MED026,35,Normal
2025-06-22,MED026,38,Normal
2025-06-23,MED026,33,Normal
2025-06-24,MED026,30,Normal
2025-06-25,MED026,28,Normal
2025-06-26,MED026,32,Normal
2025-06-27,MED026,33,Normal
2025-06-28,MED026,39,Normal
2025-06-29,MED026,32,Normal
2025-06-30,MED026,45,Normal
2025-07-01,MED026,45,Normal
2025-07-02,MED026,29,Normal
2025-07-03,MED026,27,Normal
2025-07-04,MED026,31,Normal
2025-07-05,MED026,33,Normal
2025-07-06,MED026,35,Normal
2025-07-07,MED026,40,Normal
2025-07-08,MED026,44,Normal
2025-07-09,MED026,27,Normal
2025-07-10,MED026,37,Normal
2025-07-11,MED026,32,Normal
2025-07-12,MED026,38,Normal
2025-07-13,MED026,25,Normal
2025-07-14,MED026,25,Normal
2025-07-15,MED026,42,Normal
2025-07-16,MED026,30,Normal
2025-07-17,MED026,40,Normal
2025-07-18,MED026,25,Normal
2025-07-19,MED026,22,Normal
2025-07-20,MED026,22,Normal
2025-07-21,MED026,37,Normal
2025-07-22,MED026,26,Normal
2025-07-23,MED026,45,Normal
2025-07-24,MED026,37,Normal
2025-07-25,MED026,32,Normal
2025-07-26,MED026,35,Normal
2025-07-27,MED026,24,Normal
2025-07-28,MED026,32,Normal
2025-07-29,MED026,32,Normal
2025-07-30,MED026,35,Normal
2025-07-31,MED026,45,Normal
2025-08-01,MED026,41,Normal
2025-08-02,MED026,31,Normal
2025-08-03,MED026,34,Normal
2025-08-04,MED026,27,Normal
2025-08-05,MED026,36,Normal
2025-08-06,MED026,33,Normal
2025-08-07,MED026,36,Normal
2025-08-08,MED026,38,Normal
2025-08-09,MED026,35,Normal
2025-08-10,MED026,35,Normal
2025-08-11,MED026,27,Normal
2025-08-12,MED026,44,Normal
2025-08-13,MED026,42,Normal
2025-08-14,MED026,45,Normal
2025-08-15,MED026,35,Normal
2025-08-16,MED026,37,Normal
2025-08-17,MED026,35,Normal
2025-08-18,MED026,41,Normal
2025-08-19,MED026,33,Normal
2025-08-20,MED026,37,Normal
2025-08-21,MED026,43,Normal
2025-08-22,MED026,43,Normal
2025-08-23,MED026,24,Normal
2025-08-24,MED026,37,Normal
2025-08-25,MED026,35,Normal
2025-08-26,MED026,29,Normal
2025-08-27,MED026,28,Normal
2025-08-28,MED026,39,Normal
2025-08-29,MED026,33,Normal
2025-08-30,MED026,22,Normal
2025-08-31,MED026,37,Normal
2025-09-01,MED026,37,Normal
2025-09-02,MED026,30,Normal
2025-09-03,MED026,31,Normal
2025-09-04,MED026,45,Normal
2025-09-05,MED026,39,Normal
2025-09-06,MED026,27,Normal
2025-09-07,MED026,23,Normal
2025-09-08,MED026,28,Normal
2025-09-09,MED026,42,Normal
2025-09-10,MED026,37,Normal
2025-09-11,MED026,30,Normal
2025-09-12,MED026,43,Normal
2025-09-13,MED026,25,Normal
2025-09-14,MED026,34,Normal
2025-09-15,MED026,43,Normal
2025-09-16,MED026,31,Normal
2025-09-17,MED026,39,Normal
2025-09-18,MED026,39,Normal
2025-09-19,MED026,32,Normal
2025-09-20,MED026,29,Normal
2025-09-21,MED026,34,Normal
2025-09-22,MED026,38,Normal
2025-09-23,MED026,26,Normal
2025-09-24,MED026,41,Normal
2025-09-25,MED026,44,Normal
2025-09-26,MED026,42,Normal
2025-09-27,MED026,34,Normal
2025-09-28,MED026,32,Normal
2025-09-29,MED026,27,Normal
2025-09-30,MED026,31,Normal
2025-10-01,MED026,27,Normal
2025-10-02,MED026,32,Normal
2025-10-03,MED026,34,Normal
2025-10-04,MED026,38,Normal
2025-10-05,MED026,22,Normal
2025-10-06,MED026,26,Normal
2025-10-07,MED026,33,Normal
2025-10-08,MED026,42,Normal
2025-10-09,MED026,31,Normal
2025-10-10,MED026,38,Normal
2025-10-11,MED026,36,Normal
2025-10-12,MED026,32,Normal
2025-10-13,MED026,31,Normal
2025-10-14,MED026,25,Normal
2025-10-15,MED026,37,Normal
2025-10-16,MED026,25,Normal
2025-10-17,MED026,33,Normal
2025-10-18,MED026,36,Normal
2025-10-19,MED026,22,Normal
2025-10-20,MED026,26,Normal
2025-10-21,MED026,37,Normal
2025-10-22,MED026,27,Normal
2025-10-23,MED026,45,Normal
2025-10-24,MED026,36,Normal
2025-10-25,MED026,22,Normal
2025-10-26,MED026,27,Normal
2025-10-27,MED026,25,Normal
2025-10-28,MED026,42,Normal
2025-10-29,MED026,37,Normal
2025-10-30,MED026,43,Normal
2025-10-31,MED026,44,Normal
2025-11-01,MED026,34,Normal
2025-11-02,MED026,30,Normal
2025-11-03,MED026,31,Normal
2025-11-04,MED026,42,Normal
2025-11-05,MED026,42,Normal
2025-11-06,MED026,42,Normal
2025-11-07,MED026,43,Normal
2025-11-08,MED026,25,Normal
2025-11-09,MED026,33,Normal
2025-11-10,MED026,41,Normal
2025-11-11,MED026,38,Normal
2025-11-12,MED026,41,Normal
2025-11-13,MED026,43,Normal
2025-11-14,MED026,41,Normal
2025-11-15,MED026,38,Normal
2025-11-16,MED026,37,Normal
2025-11-17,MED026,25,Normal
2025-11-18,MED026,43,Normal
2025-11-19,MED026,36,Normal
2025-11-20,MED026,27,Normal
2025-11-21,MED026,51,Normal
2025-11-22,MED026,37,Normal
2025-11-23,MED026,21,Normal
2025-11-24,MED026,29,Normal
2025-11-25,MED026,36,Normal
2025-11-26,MED026,45,Normal
2025-11-27,MED026,42,Normal
2025-11-28,MED026,30,Normal
2025-11-29,MED026,28,Normal
2025-11-30,MED026,35,Normal
2025-12-01,MED026,43,Normal
2025-12-02,MED026,29,Normal
2025-12-03,MED026,39,Normal
2025-12-04,MED026,41,Normal
2025-12-05,MED026,28,Normal
2025-12-06,MED026,33,Normal
2025-12-07,MED026,22,Normal
2025-12-08,MED026,29,Normal
2025-12-09,MED026,37,Normal
2025-12-10,MED026,27,Normal
2025-12-11,MED026,45,Normal
2025-12-12,MED026,33,Normal
2025-12-13,MED026,36,Normal
2025-12-14,MED026,24,Normal
2025-12-15,MED026,30,Normal
2025-12-16,MED026,44,Normal
2025-12-17,MED026,35,Normal
2025-12-18,MED026,27,Normal
2025-12-19,MED026,33,Normal
2025-12-20,MED026,30,Normal
2025-12-21,MED026,24,Normal
2025-12-22,MED026,42,Normal
2025-12-23,MED026,34,Normal
2025-12-24,MED026,26,Normal
2025-12-25,MED026,41,Normal
2025-12-26,MED026,43,Normal
2025-12-27,MED026,30,Normal
2025-12-28,MED026,21,Normal
2025-12-29,MED026,25,Normal
2025-12-30,MED026,26,Normal
2025-12-31,MED026,37,Normal
2025-01-01,MED027,66,Normal
2025-01-02,MED027,54,Normal
2025-01-03,MED027,59,Normal
2025-01-04,MED027,51,Normal
2025-01-05,MED027,57,Normal
2025-01-06,MED027,69,Normal
2025-01-07,MED027,70,Normal
2025-01-08,MED027,85,Normal
2025-01-09,MED027,55,Normal
2025-01-10,MED027,73,Normal
2025-01-11,MED027,58,Normal
2025-01-12,MED027,51,Normal
2025-01-13,MED027,60,Normal
2025-01-14,MED027,66,Normal
2025-01-15,MED027,70,Normal
2025-01-16,MED027,89,Normal
2025-01-17,MED027,55,Normal
2025-01-18,MED027,54,Normal
2025-01-19,MED027,62,Normal
2025-01-20,MED027,54,Normal
2025-01-21,MED027,71,Normal
2025-01-22,MED027,53,Normal
2025-01-23,MED027,67,Normal
2025-01-24,MED027,56,Normal
2025-01-25,MED027,46,Normal
2025-01-26,MED027,56,Normal
2025-01-27,MED027,54,Normal
2025-01-28,MED027,60,Normal
2025-01-29,MED027,67,Normal
2025-01-30,MED027,71,Normal
2025-01-31,MED027,75,Normal
2025-02-01,MED027,46,Normal
2025-02-02,MED027,60,Normal
2025-02-03,MED027,74,Normal
2025-02-04,MED027,68,Normal
2025-02-05,MED027,73,Normal
2025-02-06,MED027,69,Normal
2025-02-07,MED027,62,Normal
2025-02-08,MED027,53,Normal
2025-02-09,MED027,51,Normal
2025-02-10,MED027,57,Normal
2025-02-11,MED027,69,Normal
2025-02-12,MED027,71,Normal
2025-02-13,MED027,59,Normal
2025-02-14,MED027,66,Normal
2025-02-15,MED027,61,Normal
2025-02-16,MED027,57,Normal
2025-02-17,MED027,66,Normal
2025-02-18,MED027,55,Normal
2025-02-19,MED027,69,Normal
2025-02-20,MED027,68,Normal
2025-02-21,MED027,62,Normal
2025-02-22,MED027,46,Normal
2025-02-23,MED027,64,Normal
2025-02-24,MED027,88,Normal
2025-02-25,MED027,64,Normal
2025-02-26,MED027,72,Normal
2025-02-27,MED027,58,Normal
2025-02-28,MED027,62,Normal
2025-03-01,MED027,54,Normal
2025-03-02,MED027,58,Normal
2025-03-03,MED027,60,Normal
2025-03-04,MED027,57,Normal
2025-03-05,MED027,54,Normal
2025-03-06,MED027,61,Normal
2025-03-07,MED027,92,Normal
2025-03-08,MED027,56,Normal
2025-03-09,MED027,60,Normal
2025-03-10,MED027,61,Normal
2025-03-11,MED027,70,Normal
2025-03-12,MED027,70,Normal
2025-03-13,MED027,58,Normal
2025-03-14,MED027,60,Normal
2025-03-15,MED027,62,Normal
2025-03-16,MED027,52,Normal
2025-03-17,MED027,57,Normal
2025-03-18,MED027,63,Normal
2025-03-19,MED027,67,Normal
2025-03-20,MED027,61,Normal
2025-03-21,MED027,65,Normal
2025-03-22,MED027,61,Normal
2025-03-23,MED027,46,Normal
2025-03-24,MED027,65,Normal
2025-03-25,MED027,71,Normal
2025-03-26,MED027,53,Normal
2025-03-27,MED027,70,Normal
2025-03-28,MED027,63,Normal
2025-03-29,MED027,57,Normal
2025-03-30,MED027,52,Normal
2025-03-31,MED027,72,Normal
2025-04-01,MED027,60,Normal
2025-04-02,MED027,55,Normal
2025-04-03,MED027,67,Normal
2025-04-04,MED027,65,Normal
2025-04-05,MED027,45,Normal
2025-04-06,MED027,52,Normal
2025-04-07,MED027,67,Normal
2025-04-08,MED027,54,Normal
2025-04-09,MED027,58,Normal
2025-04-10,MED027,53,Normal
2025-04-11,MED027,72,Normal
2025-04-12,MED027,51,Normal
2025-04-13,MED027,51,Normal
2025-04-14,MED027,55,Normal
2025-04-15,MED027,53,Normal
2025-04-16,MED027,57,Normal
2025-04-17,MED027,63,Normal
2025-04-18,MED027,71,Normal
2025-04-19,MED027,62,Normal
2025-04-20,MED027,56,Normal
2025-04-21,MED027,54,Normal
2025-04-22,MED027,56,Normal
2025-04-23,MED027,58,Normal
2025-04-24,MED027,64,Normal
2025-04-25,MED027,73,Normal
2025-04-26,MED027,60,Normal
2025-04-27,MED027,62,Normal
2025-04-28,MED027,88,Normal
2025-04-29,MED027,86,Normal
2025-04-30,MED027,68,Normal
2025-05-01,MED027,67,Normal
2025-05-02,MED027,57,Normal
2025-05-03,MED027,82,Normal
2025-05-04,MED027,54,Normal
2025-05-05,MED027,71,Normal
2025-05-06,MED027,102,Normal
2025-05-07,MED027,60,Normal
2025-05-08,MED027,77,Normal
2025-05-09,MED027,65,Normal
2025-05-10,MED027,61,Normal
2025-05-11,MED027,52,Normal
2025-05-12,MED027,53,Normal
2025-05-13,MED027,71,Normal
2025-05-14,MED027,61,Normal
2025-05-15,MED027,54,Normal
2025-05-16,MED027,92,Normal
2025-05-17,MED027,61,Normal
2025-05-18,MED027,52,Normal
2025-05-19,MED027,70,Normal
2025-05-20,MED027,72,Normal
2025-05-21,MED027,60,Normal
2025-05-22,MED027,63,Normal
2025-05-23,MED027,72,Normal
2025-05-24,MED027,59,Normal
2025-05-25,MED027,51,Normal
2025-05-26,MED027,71,Normal
2025-05-27,MED027,54,Normal
2025-05-28,MED027,77,Normal
2025-05-29,MED027,66,Normal
2025-05-30,MED027,71,Normal
2025-05-31,MED027,45,Normal
2025-06-01,MED027,55,Normal
2025-06-02,MED027,70,Normal
2025-06-03,MED027,70,Normal
2025-06-04,MED027,67,Normal
2025-06-05,MED027,54,Normal
2025-06-06,MED027,60,Normal
2025-06-07,MED027,58,Normal
2025-06-08,MED027,48,Normal
2025-06-09,MED027,59,Normal
2025-06-10,MED027,71,Normal
2025-06-11,MED027,62,Normal
2025-06-12,MED027,64,Normal
2025-06-13,MED027,74,Normal
2025-06-14,MED027,57,Normal
2025-06-15,MED027,49,Normal
2025-06-16,MED027,53,Normal
2025-06-17,MED027,73,Normal
2025-06-18,MED027,53,Normal
2025-06-19,MED027,59,Normal
2025-06-20,MED027,63,Normal
2025-06-21,MED027,55,Normal
2025-06-22,MED027,47,Normal
2025-06-23,MED027,61,Normal
2025-06-24,MED027,54,Normal
2025-06-25,MED027,71,Normal
2025-06-26,MED027,57,Normal
2025-06-27,MED027,60,Normal
2025-06-28,MED027,47,Normal
2025-06-29,MED027,45,Normal
2025-06-30,MED027,73,Normal
2025-07-01,MED027,66,Normal
2025-07-02,MED027,54,Normal
2025-07-03,MED027,53,Normal
2025-07-04,MED027,70,Normal
2025-07-05,MED027,56,Normal
2025-07-06,MED027,71,Normal
2025-07-07,MED027,56,Normal
2025-07-08,MED027,65,Normal
2025-07-09,MED027,57,Normal
2025-07-10,MED027,53,Normal
2025-07-11,MED027,63,Normal
2025-07-12,MED027,56,Normal
2025-07-13,MED027,60,Normal
2025-07-14,MED027,70,Normal
2025-07-15,MED027,71,Normal
2025-07-16,MED027,55,Normal
2025-07-17,MED027,71,Normal
2025-07-18,MED027,62,Normal
2025-07-19,MED027,45,Normal
2025-07-20,MED027,51,Normal
2025-07-21,MED027,58,Normal
2025-07-22,MED027,57,Normal
2025-07-23,MED027,64,Normal
2025-07-24,MED027,55,Normal
2025-07-25,MED027,67,Normal
2025-07-26,MED027,61,Normal
2025-07-27,MED027,56,Normal
2025-07-28,MED027,64,Normal
2025-07-29,MED027,60,Normal
2025-07-30,MED027,98,Normal
2025-07-31,MED027,59,Normal
2025-08-01,MED027,58,Normal
2025-08-02,MED027,61,Normal
2025-08-03,MED027,49,Normal
2025-08-04,MED027,69,Normal
2025-08-05,MED027,69,Normal
2025-08-06,MED027,68,Normal
2025-08-07,MED027,64,Normal
2025-08-08,MED027,66,Normal
2025-08-09,MED027,47,Normal
2025-08-10,MED027,50,Normal
2025-08-11,MED027,63,Normal
2025-08-12,MED027,55,Normal
2025-08-13,MED027,63,Normal
2025-08-14,MED027,67,Normal
2025-08-15,MED027,68,Normal
2025-08-16,MED027,47,Normal
2025-08-17,MED027,81,Normal
2025-08-18,MED027,54,Normal
2025-08-19,MED027,63,Normal
2025-08-20,MED027,68,Normal
2025-08-21,MED027,72,Normal
2025-08-22,MED027,55,Normal
2025-08-23,MED027,55,Normal
2025-08-24,MED027,48,Normal
2025-08-25,MED027,71,Normal
2025-08-26,MED027,58,Normal
2025-08-27,MED027,61,Normal
2025-08-28,MED027,62,Normal
2025-08-29,MED027,56,Normal
2025-08-30,MED027,48,Normal
2025-08-31,MED027,57,Normal
2025-09-01,MED027,54,Normal
2025-09-02,MED027,59,Normal
2025-09-03,MED027,70,Normal
2025-09-04,MED027,60,Normal
2025-09-05,MED027,57,Normal
2025-09-06,MED027,46,Normal
2025-09-07,MED027,57,Normal
2025-09-08,MED027,73,Normal
2025-09-09,MED027,57,Normal
2025-09-10,MED027,69,Normal
2025-09-11,MED027,55,Normal
2025-09-12,MED027,64,Normal
2025-09-13,MED027,50,Normal
2025-09-14,MED027,48,Normal
2025-09-15,MED027,53,Normal
2025-09-16,MED027,73,Normal
2025-09-17,MED027,54,Normal
2025-09-18,MED027,57,Normal
2025-09-19,MED027,57,Normal
2025-09-20,MED027,56,Normal
2025-09-21,MED027,48,Normal
2025-09-22,MED027,56,Normal
2025-09-23,MED027,82,Normal
2025-09-24,MED027,57,Normal
2025-09-25,MED027,66,Normal
2025-09-26,MED027,54,Normal
2025-09-27,MED027,55,Normal
2025-09-28,MED027,45,Normal
2025-09-29,MED027,72,Normal
2025-09-30,MED027,67,Normal
2025-10-01,MED027,64,Normal
2025-10-02,MED027,71,Normal
2025-10-03,MED027,70,Normal
2025-10-04,MED027,46,Normal
2025-10-05,MED027,62,Normal
2025-10-06,MED027,72,Normal
2025-10-07,MED027,55,Normal
2025-10-08,MED027,65,Normal
2025-10-09,MED027,54,Normal
2025-10-10,MED027,58,Normal
2025-10-11,MED027,58,Normal
2025-10-12,MED027,45,Normal
2025-10-13,MED027,70,Normal
2025-10-14,MED027,55,Normal
2025-10-15,MED027,65,Normal
2025-10-16,MED027,71,Normal
2025-10-17,MED027,59,Normal
2025-10-18,MED027,56,Normal
2025-10-19,MED027,58,Normal
2025-10-20,MED027,65,Normal
2025-10-21,MED027,64,Normal
2025-10-22,MED027,66,Normal
2025-10-23,MED027,65,Normal
2025-10-24,MED027,54,Normal
2025-10-25,MED027,55,Normal
2025-10-26,MED027,46,Normal
2025-10-27,MED027,65,Normal
2025-10-28,MED027,54,Normal
2025-10-29,MED027,62,Normal
2025-10-30,MED027,61,Normal
2025-10-31,MED027,54,Normal
2025-11-01,MED027,56,Normal
2025-11-02,MED027,50,Normal
2025-11-03,MED027,72,Normal
2025-11-04,MED027,60,Normal
2025-11-05,MED027,89,Normal
2025-11-06,MED027,73,Normal
2025-11-07,MED027,58,Normal
2025-11-08,MED027,48,Normal
2025-11-09,MED027,55,Normal
2025-11-10,MED027,56,Normal
2025-11-11,MED027,57,Normal
2025-11-12,MED027,66,Normal
2025-11-13,MED027,63,Normal
2025-11-14,MED027,70,Normal
2025-11-15,MED027,51,Normal
2025-11-16,MED027,47,Normal
2025-11-17,MED027,69,Normal
2025-11-18,MED027,54,Normal
2025-11-19,MED027,68,Normal
2025-11-20,MED027,72,Normal
2025-11-21,MED027,72,Normal
2025-11-22,MED027,61,Normal
2025-11-23,MED027,48,Normal
2025-11-24,MED027,62,Normal
2025-11-25,MED027,55,Normal
2025-11-26,MED027,71,Normal
2025-11-27,MED027,61,Normal
2025-11-28,MED027,70,Normal
2025-11-29,MED027,51,Normal
2025-11-30,MED027,52,Normal
2025-12-01,MED027,58,Normal
2025-12-02,MED027,54,Normal
2025-12-03,MED027,60,Normal
2025-12-04,MED027,61,Normal
2025-12-05,MED027,54,Normal
2025-12-06,MED027,51,Normal
2025-12-07,MED027,54,Normal
2025-12-08,MED027,69,Normal
2025-12-09,MED027,53,Normal
2025-12-10,MED027,61,Normal
2025-12-11,MED027,67,Normal
2025-12-12,MED027,65,Normal
2025-12-13,MED027,60,Normal
2025-12-14,MED027,57,Normal
2025-12-15,MED027,67,Normal
2025-12-16,MED027,61,Normal
2025-12-17,MED027,73,Normal
2025-12-18,MED027,59,Normal
2025-12-19,MED027,60,Normal
2025-12-20,MED027,60,Normal
2025-12-21,MED027,51,Normal
2025-12-22,MED027,72,Normal
2025-12-23,MED027,65,Normal
2025-12-24,MED027,55,Normal
2025-12-25,MED027,61,Normal
2025-12-26,MED027,58,Normal
2025-12-27,MED027,75,Normal
2025-12-28,MED027,45,Normal
2025-12-29,MED027,72,Normal
2025-12-30,MED027,62,Normal
2025-12-31,MED027,63,Normal
2025-01-01,MED028,80,Normal
2025-01-02,MED028,72,Normal
2025-01-03,MED028,73,Normal
2025-01-04,MED028,63,Normal
2025-01-05,MED028,79,Normal
2025-01-06,MED028,69,Normal
2025-01-07,MED028,72,Normal
2025-01-08,MED028,79,Normal
2025-01-09,MED028,69,Normal
2025-01-10,MED028,64,Normal
2025-01-11,MED028,59,Normal
2025-01-12,MED028,58,Normal
2025-01-13,MED028,79,Normal
2025-01-14,MED028,66,Normal
2025-01-15,MED028,64,Normal
2025-01-16,MED028,71,Normal
2025-01-17,MED028,67,Normal
2025-01-18,MED028,52,Normal
2025-01-19,MED028,62,Normal
2025-01-20,MED028,75,Normal
2025-01-21,MED028,85,Normal
2025-01-22,MED028,81,Normal
2025-01-23,MED028,64,Normal
2025-01-24,MED028,77,Normal
2025-01-25,MED028,56,Normal
2025-01-26,MED028,54,Normal
2025-01-27,MED028,78,Normal
2025-01-28,MED028,78,Normal
2025-01-29,MED028,66,Normal
2025-01-30,MED028,69,Normal
2025-01-31,MED028,66,Normal
2025-02-01,MED028,65,Normal
2025-02-02,MED028,58,Normal
2025-02-03,MED028,81,Normal
2025-02-04,MED028,106,Normal
2025-02-05,MED028,76,Normal
2025-02-06,MED028,66,Normal
2025-02-07,MED028,61,Normal
2025-02-08,MED028,62,Normal
2025-02-09,MED028,55,Normal
2025-02-10,MED028,75,Normal
2025-02-11,MED028,65,Normal
2025-02-12,MED028,73,Normal
2025-02-13,MED028,74,Normal
2025-02-14,MED028,105,Normal
2025-02-15,MED028,58,Normal
2025-02-16,MED028,68,Normal
2025-02-17,MED028,81,Normal
2025-02-18,MED028,65,Normal
2025-02-19,MED028,78,Normal
2025-02-20,MED028,72,Normal
2025-02-21,MED028,77,Normal
2025-02-22,MED028,72,Normal
2025-02-23,MED028,55,Normal
2025-02-24,MED028,66,Normal
2025-02-25,MED028,63,Normal
2025-02-26,MED028,71,Normal
2025-02-27,MED028,67,Normal
2025-02-28,MED028,61,Normal
2025-03-01,MED028,57,Normal
2025-03-02,MED028,54,Normal
2025-03-03,MED028,67,Normal
2025-03-04,MED028,77,Normal
2025-03-05,MED028,63,Normal
2025-03-06,MED028,66,Normal
2025-03-07,MED028,67,Normal
2025-03-08,MED028,62,Normal
2025-03-09,MED028,61,Normal
2025-03-10,MED028,77,Normal
2025-03-11,MED028,66,Normal
2025-03-12,MED028,61,Normal
2025-03-13,MED028,66,Normal
2025-03-14,MED028,81,Normal
2025-03-15,MED028,57,Normal
2025-03-16,MED028,61,Normal
2025-03-17,MED028,72,Normal
2025-03-18,MED028,67,Normal
2025-03-19,MED028,65,Normal
2025-03-20,MED028,81,Normal
2025-03-21,MED028,75,Normal
2025-03-22,MED028,68,Normal
2025-03-23,MED028,65,Normal
2025-03-24,MED028,92,Normal
2025-03-25,MED028,72,Normal
2025-03-26,MED028,68,Normal
2025-03-27,MED028,68,Normal
2025-03-28,MED028,74,Normal
2025-03-29,MED028,65,Normal
2025-03-30,MED028,52,Normal
2025-03-31,MED028,63,Normal
2025-04-01,MED028,78,Normal
2025-04-02,MED028,62,Normal
2025-04-03,MED028,73,Normal
2025-04-04,MED028,64,Normal
2025-04-05,MED028,56,Normal
2025-04-06,MED028,56,Normal
2025-04-07,MED028,89,Normal
2025-04-08,MED028,64,Normal
2025-04-09,MED028,64,Normal
2025-04-10,MED028,78,Normal
2025-04-11,MED028,78,Normal
2025-04-12,MED028,68,Normal
2025-04-13,MED028,53,Normal
2025-04-14,MED028,76,Normal
2025-04-15,MED028,81,Normal
2025-04-16,MED028,69,Normal
2025-04-17,MED028,69,Normal
2025-04-18,MED028,76,Normal
2025-04-19,MED028,63,Normal
2025-04-20,MED028,55,Normal
2025-04-21,MED028,67,Normal
2025-04-22,MED028,65,Normal
2025-04-23,MED028,66,Normal
2025-04-24,MED028,107,Normal
2025-04-25,MED028,64,Normal
2025-04-26,MED028,59,Normal
2025-04-27,MED028,55,Normal
2025-04-28,MED028,79,Normal
2025-04-29,MED028,81,Normal
2025-04-30,MED028,66,Normal
2025-05-01,MED028,72,Normal
2025-05-02,MED028,73,Normal
2025-05-03,MED028,68,Normal
2025-05-04,MED028,60,Normal
2025-05-05,MED028,113,Normal
2025-05-06,MED028,73,Normal
2025-05-07,MED028,81,Normal
2025-05-08,MED028,76,Normal
2025-05-09,MED028,68,Normal
2025-05-10,MED028,68,Normal
2025-05-11,MED028,52,Normal
2025-05-12,MED028,76,Normal
2025-05-13,MED028,95,Normal
2025-05-14,MED028,71,Normal
2025-05-15,MED028,78,Normal
2025-05-16,MED028,64,Normal
2025-05-17,MED028,60,Normal
2025-05-18,MED028,53,Normal
2025-05-19,MED028,73,Normal
2025-05-20,MED028,62,Normal
2025-05-21,MED028,70,Normal
2025-05-22,MED028,68,Normal
2025-05-23,MED028,76,Normal
2025-05-24,MED028,62,Normal
2025-05-25,MED028,58,Normal
2025-05-26,MED028,62,Normal
2025-05-27,MED028,69,Normal
2025-05-28,MED028,66,Normal
2025-05-29,MED028,63,Normal
2025-05-30,MED028,74,Normal
2025-05-31,MED028,58,Normal
2025-06-01,MED028,67,Normal
2025-06-02,MED028,71,Normal
2025-06-03,MED028,96,Normal
2025-06-04,MED028,63,Normal
2025-06-05,MED028,73,Normal
2025-06-06,MED028,67,Normal
2025-06-07,MED028,63,Normal
2025-06-08,MED028,61,Normal
2025-06-09,MED028,62,Normal
2025-06-10,MED028,61,Normal
2025-06-11,MED028,61,Normal
2025-06-12,MED028,74,Normal
2025-06-13,MED028,61,Normal
2025-06-14,MED028,68,Normal
2025-06-15,MED028,55,Normal
2025-06-16,MED028,63,Normal
2025-06-17,MED028,63,Normal
2025-06-18,MED028,79,Normal
2025-06-19,MED028,74,Normal
2025-06-20,MED028,80,Normal
2025-06-21,MED028,66,Normal
2025-06-22,MED028,63,Normal
2025-06-23,MED028,79,Normal
2025-06-24,MED028,76,Normal
2025-06-25,MED028,66,Normal
2025-06-26,MED028,76,Normal
2025-06-27,MED028,80,Normal
2025-06-28,MED028,56,Normal
2025-06-29,MED028,68,Normal
2025-06-30,MED028,61,Normal
2025-07-01,MED028,71,Normal
2025-07-02,MED028,77,Normal
2025-07-03,MED028,76,Normal
2025-07-04,MED028,74,Normal
2025-07-05,MED028,68,Normal
2025-07-06,MED028,68,Normal
2025-07-07,MED028,70,Normal
2025-07-08,MED028,80,Normal
2025-07-09,MED028,73,Normal
2025-07-10,MED028,93,Normal
2025-07-11,MED028,77,Normal
2025-07-12,MED028,67,Normal
2025-07-13,MED028,56,Normal
2025-07-14,MED028,91,Normal
2025-07-15,MED028,64,Normal
2025-07-16,MED028,72,Normal
2025-07-17,MED028,72,Normal
2025-07-18,MED028,73,Normal
2025-07-19,MED028,59,Normal
2025-07-20,MED028,63,Normal
2025-07-21,MED028,70,Normal
2025-07-22,MED028,86,Normal
2025-07-23,MED028,74,Normal
2025-07-24,MED028,75,Normal
2025-07-25,MED028,70,Normal
2025-07-26,MED028,62,Normal
2025-07-27,MED028,59,Normal
2025-07-28,MED028,79,Normal
2025-07-29,MED028,70,Normal
2025-07-30,MED028,63,Normal
2025-07-31,MED028,67,Normal
2025-08-01,MED028,72,Normal
2025-08-02,MED028,52,Normal
2025-08-03,MED028,84,Normal
2025-08-04,MED028,74,Normal
2025-08-05,MED028,71,Normal
2025-08-06,MED028,76,Normal
2025-08-07,MED028,79,Normal
2025-08-08,MED028,69,Normal
2025-08-09,MED028,68,Normal
2025-08-10,MED028,63,Normal
2025-08-11,MED028,64,Normal
2025-08-12,MED028,79,Normal
2025-08-13,MED028,65,Normal
2025-08-14,MED028,73,Normal
2025-08-15,MED028,93,Normal
2025-08-16,MED028,61,Normal
2025-08-17,MED028,51,Normal
2025-08-18,MED028,72,Normal
2025-08-19,MED028,77,Normal
2025-08-20,MED028,74,Normal
2025-08-21,MED028,74,Normal
2025-08-22,MED028,63,Normal
2025-08-23,MED028,68,Normal
2025-08-24,MED028,65,Normal
2025-08-25,MED028,78,Normal
2025-08-26,MED028,71,Normal
2025-08-27,MED028,72,Normal
2025-08-28,MED028,74,Normal
2025-08-29,MED028,68,Normal
2025-08-30,MED028,60,Normal
2025-08-31,MED028,59,Normal
2025-09-01,MED028,70,Normal
2025-09-02,MED028,63,Normal
2025-09-03,MED028,70,Normal
2025-09-04,MED028,73,Normal
2025-09-05,MED028,80,Normal
2025-09-06,MED028,68,Normal
2025-09-07,MED028,58,Normal
2025-09-08,MED028,75,Normal
2025-09-09,MED028,79,Normal
2025-09-10,MED028,74,Normal
2025-09-11,MED028,77,Normal
2025-09-12,MED028,78,Normal
2025-09-13,MED028,79,Normal
2025-09-14,MED028,60,Normal
2025-09-15,MED028,65,Normal
2025-09-16,MED028,76,Normal
2025-09-17,MED028,67,Normal
2025-09-18,MED028,78,Normal
2025-09-19,MED028,77,Normal
2025-09-20,MED028,58,Normal
2025-09-21,MED028,56,Normal
2025-09-22,MED028,61,Normal
2025-09-23,MED028,79,Normal
2025-09-24,MED028,62,Normal
2025-09-25,MED028,64,Normal
2025-09-26,MED028,62,Normal
2025-09-27,MED028,59,Normal
2025-09-28,MED028,65,Normal
2025-09-29,MED028,70,Normal
2025-09-30,MED028,74,Normal
2025-10-01,MED028,76,Normal
2025-10-02,MED028,65,Normal
2025-10-03,MED028,91,Normal
2025-10-04,MED028,71,Normal
2025-10-05,MED028,58,Normal
2025-10-06,MED028,70,Normal
2025-10-07,MED028,63,Normal
2025-10-08,MED028,80,Normal
2025-10-09,MED028,62,Normal
2025-10-10,MED028,65,Normal
2025-10-11,MED028,61,Normal
2025-10-12,MED028,54,Normal
2025-10-13,MED028,75,Normal
2025-10-14,MED028,73,Normal
2025-10-15,MED028,77,Normal
2025-10-16,MED028,73,Normal
2025-10-17,MED028,79,Normal
2025-10-18,MED028,64,Normal
2025-10-19,MED028,66,Normal
2025-10-20,MED028,63,Normal
2025-10-21,MED028,80,Normal
2025-10-22,MED028,63,Normal
2025-10-23,MED028,72,Normal
2025-10-24,MED028,67,Normal
2025-10-25,MED028,60,Normal
2025-10-26,MED028,57,Normal
2025-10-27,MED028,68,Normal
2025-10-28,MED028,78,Normal
2025-10-29,MED028,67,Normal
2025-10-30,MED028,66,Normal
2025-10-31,MED028,74,Normal
2025-11-01,MED028,77,Normal
2025-11-02,MED028,57,Normal
2025-11-03,MED028,75,Normal
2025-11-04,MED028,69,Normal
2025-11-05,MED028,81,Normal
2025-11-06,MED028,70,Normal
2025-11-07,MED028,75,Normal
2025-11-08,MED028,62,Normal
2025-11-09,MED028,62,Normal
2025-11-10,MED028,78,Normal
2025-11-11,MED028,62,Normal
2025-11-12,MED028,81,Normal
2025-11-13,MED028,65,Normal
2025-11-14,MED028,69,Normal
2025-11-15,MED028,67,Normal
2025-11-16,MED028,55,Normal
2025-11-17,MED028,81,Normal
2025-11-18,MED028,76,Normal
2025-11-19,MED028,70,Normal
2025-11-20,MED028,69,Normal
2025-11-21,MED028,62,Normal
2025-11-22,MED028,60,Normal
2025-11-23,MED028,57,Normal
2025-11-24,MED028,72,Normal
2025-11-25,MED028,66,Normal
2025-11-26,MED028,78,Normal
2025-11-27,MED028,69,Normal
2025-11-28,MED028,71,Normal
2025-11-29,MED028,60,Normal
2025-11-30,MED028,56,Normal
2025-12-01,MED028,65,Normal
2025-12-02,MED028,65,Normal
2025-12-03,MED028,95,Normal
2025-12-04,MED028,61,Normal
2025-12-05,MED028,73,Normal
2025-12-06,MED028,54,Normal
2025-12-07,MED028,51,Normal
2025-12-08,MED028,68,Normal
2025-12-09,MED028,74,Normal
2025-12-10,MED028,63,Normal
2025-12-11,MED028,64,Normal
2025-12-12,MED028,74,Normal
2025-12-13,MED028,61,Normal
2025-12-14,MED028,51,Normal
2025-12-15,MED028,74,Normal
2025-12-16,MED028,76,Normal
2025-12-17,MED028,72,Normal
2025-12-18,MED028,71,Normal
2025-12-19,MED028,62,Normal
2025-12-20,MED028,68,Normal
2025-12-21,MED028,52,Normal
2025-12-22,MED028,66,Normal
2025-12-23,MED028,79,Normal
2025-12-24,MED028,69,Normal
2025-12-25,MED028,66,Normal
2025-12-26,MED028,67,Normal
2025-12-27,MED028,77,Normal
2025-12-28,MED028,66,Normal
2025-12-29,MED028,63,Normal
2025-12-30,MED028,79,Normal
2025-12-31,MED028,61,Normal
2025-01-01,MED029,35,Normal
2025-01-02,MED029,34,Normal
2025-01-03,MED029,41,Normal
2025-01-04,MED029,36,Normal
2025-01-05,MED029,32,Normal
2025-01-06,MED029,47,Normal
2025-01-07,MED029,33,Normal
2025-01-08,MED029,45,Normal
2025-01-09,MED029,45,Normal
2025-01-10,MED029,38,Normal
2025-01-11,MED029,41,Normal
2025-01-12,MED029,41,Normal
2025-01-13,MED029,35,Normal
2025-01-14,MED029,31,Normal
2025-01-15,MED029,50,Normal
2025-01-16,MED029,47,Normal
2025-01-17,MED029,44,Normal
2025-01-18,MED029,38,Normal
2025-01-19,MED029,34,Normal
2025-01-20,MED029,32,Normal
2025-01-21,MED029,40,Normal
2025-01-22,MED029,48,Normal
2025-01-23,MED029,40,Normal
2025-01-24,MED029,47,Normal
2025-01-25,MED029,32,Normal
2025-01-26,MED029,28,Normal
2025-01-27,MED029,45,Normal
2025-01-28,MED029,36,Normal
2025-01-29,MED029,32,Normal
2025-01-30,MED029,33,Normal
2025-01-31,MED029,32,Normal
2025-02-01,MED029,28,Normal
2025-02-02,MED029,54,Normal
2025-02-03,MED029,41,Normal
2025-02-04,MED029,47,Normal
2025-02-05,MED029,68,Normal
2025-02-06,MED029,32,Normal
2025-02-07,MED029,31,Normal
2025-02-08,MED029,38,Normal
2025-02-09,MED029,26,Normal
2025-02-10,MED029,37,Normal
2025-02-11,MED029,41,Normal
2025-02-12,MED029,49,Normal
2025-02-13,MED029,41,Normal
2025-02-14,MED029,40,Normal
2025-02-15,MED029,28,Normal
2025-02-16,MED029,29,Normal
2025-02-17,MED029,45,Normal
2025-02-18,MED029,38,Normal
2025-02-19,MED029,47,Normal
2025-02-20,MED029,49,Normal
2025-02-21,MED029,39,Normal
2025-02-22,MED029,28,Normal
2025-02-23,MED029,35,Normal
2025-02-24,MED029,38,Normal
2025-02-25,MED029,50,Normal
2025-02-26,MED029,36,Normal
2025-02-27,MED029,30,Normal
2025-02-28,MED029,36,Normal
2025-03-01,MED029,33,Normal
2025-03-02,MED029,37,Normal
2025-03-03,MED029,30,Normal
2025-03-04,MED029,46,Normal
2025-03-05,MED029,49,Normal
2025-03-06,MED029,56,Normal
2025-03-07,MED029,61,Normal
2025-03-08,MED029,40,Normal
2025-03-09,MED029,34,Normal
2025-03-10,MED029,42,Normal
2025-03-11,MED029,41,Normal
2025-03-12,MED029,40,Normal
2025-03-13,MED029,44,Normal
2025-03-14,MED029,49,Normal
2025-03-15,MED029,29,Normal
2025-03-16,MED029,42,Normal
2025-03-17,MED029,35,Normal
2025-03-18,MED029,49,Normal
2025-03-19,MED029,43,Normal
2025-03-20,MED029,35,Normal
2025-03-21,MED029,45,Normal
2025-03-22,MED029,29,Normal
2025-03-23,MED029,34,Normal
2025-03-24,MED029,30,Normal
2025-03-25,MED029,42,Normal
2025-03-26,MED029,32,Normal
2025-03-27,MED029,49,Normal
2025-03-28,MED029,50,Normal
2025-03-29,MED029,29,Normal
2025-03-30,MED029,33,Normal
2025-03-31,MED029,40,Normal
2025-04-01,MED029,43,Normal
2025-04-02,MED029,34,Normal
2025-04-03,MED029,40,Normal
2025-04-04,MED029,48,Normal
2025-04-05,MED029,36,Normal
2025-04-06,MED029,28,Normal
2025-04-07,MED029,35,Normal
2025-04-08,MED029,39,Normal
2025-04-09,MED029,49,Normal
2025-04-10,MED029,42,Normal
2025-04-11,MED029,38,Normal
2025-04-12,MED029,25,Normal
2025-04-13,MED029,39,Normal
2025-04-14,MED029,36,Normal
2025-04-15,MED029,33,Normal
2025-04-16,MED029,47,Normal
2025-04-17,MED029,43,Normal
2025-04-18,MED029,48,Normal
2025-04-19,MED029,31,Normal
2025-04-20,MED029,29,Normal
2025-04-21,MED029,50,Normal
2025-04-22,MED029,34,Normal
2025-04-23,MED029,35,Normal
2025-04-24,MED029,41,Normal
2025-04-25,MED029,46,Normal
2025-04-26,MED029,28,Normal
2025-04-27,MED029,39,Normal
2025-04-28,MED029,43,Normal
2025-04-29,MED029,47,Normal
2025-04-30,MED029,42,Normal
2025-05-01,MED029,30,Normal
2025-05-02,MED029,48,Normal
2025-05-03,MED029,34,Normal
2025-05-04,MED029,39,Normal
2025-05-05,MED029,39,Normal
2025-05-06,MED029,34,Normal
2025-05-07,MED029,42,Normal
2025-05-08,MED029,42,Normal
2025-05-09,MED029,46,Normal
2025-05-10,MED029,38,Normal
2025-05-11,MED029,39,Normal
2025-05-12,MED029,40,Normal
2025-05-13,MED029,42,Normal
2025-05-14,MED029,39,Normal
2025-05-15,MED029,42,Normal
2025-05-16,MED029,33,Normal
2025-05-17,MED029,28,Normal
2025-05-18,MED029,29,Normal
2025-05-19,MED029,34,Normal
2025-05-20,MED029,43,Normal
2025-05-21,MED029,35,Normal
2025-05-22,MED029,49,Normal
2025-05-23,MED029,44,Normal
2025-05-24,MED029,29,Normal
2025-05-25,MED029,39,Normal
2025-05-26,MED029,33,Normal
2025-05-27,MED029,45,Normal
2025-05-28,MED029,48,Normal
2025-05-29,MED029,33,Normal
2025-05-30,MED029,49,Normal
2025-05-31,MED029,36,Normal
2025-06-01,MED029,41,Normal
2025-06-02,MED029,38,Normal
2025-06-03,MED029,46,Normal
2025-06-04,MED029,35,Normal
2025-06-05,MED029,36,Normal
2025-06-06,MED029,65,Normal
2025-06-07,MED029,31,Normal
2025-06-08,MED029,36,Normal
2025-06-09,MED029,35,Normal
2025-06-10,MED029,43,Normal
2025-06-11,MED029,36,Normal
2025-06-12,MED029,47,Normal
2025-06-13,MED029,47,Normal
2025-06-14,MED029,39,Normal
2025-06-15,MED029,58,Normal
2025-06-16,MED029,35,Normal
2025-06-17,MED029,46,Normal
2025-06-18,MED029,47,Normal
2025-06-19,MED029,41,Normal
2025-06-20,MED029,35,Normal
2025-06-21,MED029,41,Normal
2025-06-22,MED029,40,Normal
2025-06-23,MED029,31,Normal
2025-06-24,MED029,42,Normal
2025-06-25,MED029,43,Normal
2025-06-26,MED029,44,Normal
2025-06-27,MED029,37,Normal
2025-06-28,MED029,29,Normal
2025-06-29,MED029,30,Normal
2025-06-30,MED029,46,Normal
2025-07-01,MED029,42,Normal
2025-07-02,MED029,36,Normal
2025-07-03,MED029,45,Normal
2025-07-04,MED029,32,Normal
2025-07-05,MED029,42,Normal
2025-07-06,MED029,42,Normal
2025-07-07,MED029,42,Normal
2025-07-08,MED029,44,Normal
2025-07-09,MED029,43,Normal
2025-07-10,MED029,46,Normal
2025-07-11,MED029,32,Normal
2025-07-12,MED029,39,Normal
2025-07-13,MED029,30,Normal
2025-07-14,MED029,49,Normal
2025-07-15,MED029,47,Normal
2025-07-16,MED029,37,Normal
2025-07-17,MED029,35,Normal
2025-07-18,MED029,49,Normal
2025-07-19,MED029,27,Normal
2025-07-20,MED029,34,Normal
2025-07-21,MED029,30,Normal
2025-07-22,MED029,45,Normal
2025-07-23,MED029,33,Normal
2025-07-24,MED029,43,Normal
2025-07-25,MED029,41,Normal
2025-07-26,MED029,40,Normal
2025-07-27,MED029,39,Normal
2025-07-28,MED029,50,Normal
2025-07-29,MED029,37,Normal
2025-07-30,MED029,49,Normal
2025-07-31,MED029,49,Normal
2025-08-01,MED029,43,Normal
2025-08-02,MED029,39,Normal
2025-08-03,MED029,34,Normal
2025-08-04,MED029,43,Normal
2025-08-05,MED029,47,Normal
2025-08-06,MED029,47,Normal
2025-08-07,MED029,41,Normal
2025-08-08,MED029,35,Normal
2025-08-09,MED029,25,Normal
2025-08-10,MED029,28,Normal
2025-08-11,MED029,42,Normal
2025-08-12,MED029,42,Normal
2025-08-13,MED029,35,Normal
2025-08-14,MED029,41,Normal
2025-08-15,MED029,33,Normal
2025-08-16,MED029,37,Normal
2025-08-17,MED029,41,Normal
2025-08-18,MED029,48,Normal
2025-08-19,MED029,35,Normal
2025-08-20,MED029,37,Normal
2025-08-21,MED029,43,Normal
2025-08-22,MED029,30,Normal
2025-08-23,MED029,33,Normal
2025-08-24,MED029,40,Normal
2025-08-25,MED029,30,Normal
2025-08-26,MED029,50,Normal
2025-08-27,MED029,49,Normal
2025-08-28,MED029,48,Normal
2025-08-29,MED029,39,Normal
2025-08-30,MED029,37,Normal
2025-08-31,MED029,35,Normal
2025-09-01,MED029,65,Normal
2025-09-02,MED029,49,Normal
2025-09-03,MED029,45,Normal
2025-09-04,MED029,41,Normal
2025-09-05,MED029,48,Normal
2025-09-06,MED029,32,Normal
2025-09-07,MED029,39,Normal
2025-09-08,MED029,49,Normal
2025-09-09,MED029,39,Normal
2025-09-10,MED029,44,Normal
2025-09-11,MED029,44,Normal
2025-09-12,MED029,50,Normal
2025-09-13,MED029,35,Normal
2025-09-14,MED029,39,Normal
2025-09-15,MED029,33,Normal
2025-09-16,MED029,39,Normal
2025-09-17,MED029,65,Normal
2025-09-18,MED029,39,Normal
2025-09-19,MED029,49,Normal
2025-09-20,MED029,42,Normal
2025-09-21,MED029,35,Normal
2025-09-22,MED029,40,Normal
2025-09-23,MED029,33,Normal
2025-09-24,MED029,31,Normal
2025-09-25,MED029,34,Normal
2025-09-26,MED029,31,Normal
2025-09-27,MED029,33,Normal
2025-09-28,MED029,36,Normal
2025-09-29,MED029,47,Normal
2025-09-30,MED029,47,Normal
2025-10-01,MED029,41,Normal
2025-10-02,MED029,51,Normal
2025-10-03,MED029,47,Normal
2025-10-04,MED029,30,Normal
2025-10-05,MED029,26,Normal
2025-10-06,MED029,39,Normal
2025-10-07,MED029,47,Normal
2025-10-08,MED029,49,Normal
2025-10-09,MED029,45,Normal
2025-10-10,MED029,33,Normal
2025-10-11,MED029,36,Normal
2025-10-12,MED029,43,Normal
2025-10-13,MED029,44,Normal
2025-10-14,MED029,42,Normal
2025-10-15,MED029,50,Normal
2025-10-16,MED029,41,Normal
2025-10-17,MED029,42,Normal
2025-10-18,MED029,41,Normal
2025-10-19,MED029,42,Normal
2025-10-20,MED029,41,Normal
2025-10-21,MED029,33,Normal
2025-10-22,MED029,48,Normal
2025-10-23,MED029,44,Normal
2025-10-24,MED029,39,Normal
2025-10-25,MED029,40,Normal
2025-10-26,MED029,38,Normal
2025-10-27,MED029,30,Normal
2025-10-28,MED029,46,Normal
2025-10-29,MED029,43,Normal
2025-10-30,MED029,43,Normal
2025-10-31,MED029,50,Normal
2025-11-01,MED029,36,Normal
2025-11-02,MED029,39,Normal
2025-11-03,MED029,38,Normal
2025-11-04,MED029,39,Normal
2025-11-05,MED029,38,Normal
2025-11-06,MED029,49,Normal
2025-11-07,MED029,42,Normal
2025-11-08,MED029,34,Normal
2025-11-09,MED029,39,Normal
2025-11-10,MED029,42,Normal
2025-11-11,MED029,41,Normal
2025-11-12,MED029,31,Normal
2025-11-13,MED029,34,Normal
2025-11-14,MED029,41,Normal
2025-11-15,MED029,36,Normal
2025-11-16,MED029,28,Normal
2025-11-17,MED029,43,Normal
2025-11-18,MED029,35,Normal
2025-11-19,MED029,35,Normal
2025-11-20,MED029,30,Normal
2025-11-21,MED029,36,Normal
2025-11-22,MED029,42,Normal
2025-11-23,MED029,37,Normal
2025-11-24,MED029,38,Normal
2025-11-25,MED029,45,Normal
2025-11-26,MED029,39,Normal
2025-11-27,MED029,40,Normal
2025-11-28,MED029,37,Normal
2025-11-29,MED029,34,Normal
2025-11-30,MED029,31,Normal
2025-12-01,MED029,56,Normal
2025-12-02,MED029,32,Normal
2025-12-03,MED029,39,Normal
2025-12-04,MED029,41,Normal
2025-12-05,MED029,35,Normal
2025-12-06,MED029,41,Normal
2025-12-07,MED029,31,Normal
2025-12-08,MED029,35,Normal
2025-12-09,MED029,32,Normal
2025-12-10,MED029,45,Normal
2025-12-11,MED029,50,Normal
2025-12-12,MED029,44,Normal
2025-12-13,MED029,36,Normal
2025-12-14,MED029,39,Normal
2025-12-15,MED029,37,Normal
2025-12-16,MED029,47,Normal
2025-12-17,MED029,40,Normal
2025-12-18,MED029,35,Normal
2025-12-19,MED029,39,Normal
2025-12-20,MED029,34,Normal
2025-12-21,MED029,34,Normal
2025-12-22,MED029,33,Normal
2025-12-23,MED029,40,Normal
2025-12-24,MED029,49,Normal
2025-12-25,MED029,32,Normal
2025-12-26,MED029,31,Normal
2025-12-27,MED029,58,Normal
2025-12-28,MED029,33,Normal
2025-12-29,MED029,38,Normal
2025-12-30,MED029,39,Normal
2025-12-31,MED029,37,Normal
2025-01-01,MED030,48,Normal
2025-01-02,MED030,46,Normal
2025-01-03,MED030,53,Normal
2025-01-04,MED030,39,Normal
2025-01-05,MED030,43,Normal
2025-01-06,MED030,55,Normal
2025-01-07,MED030,55,Normal
2025-01-08,MED030,45,Normal
2025-01-09,MED030,56,Normal
2025-01-10,MED030,47,Normal
2025-01-11,MED030,45,Normal
2025-01-12,MED030,37,Normal
2025-01-13,MED030,53,Normal
2025-01-14,MED030,39,Normal
2025-01-15,MED030,39,Normal
2025-01-16,MED030,44,Normal
2025-01-17,MED030,53,Normal
2025-01-18,MED030,35,Normal
2025-01-19,MED030,32,Normal
2025-01-20,MED030,53,Normal
2025-01-21,MED030,42,Normal
2025-01-22,MED030,54,Normal
2025-01-23,MED030,42,Normal
2025-01-24,MED030,52,Normal
2025-01-25,MED030,39,Normal
2025-01-26,MED030,42,Normal
2025-01-27,MED030,39,Normal
2025-01-28,MED030,40,Normal
2025-01-29,MED030,46,Normal
2025-01-30,MED030,43,Normal
2025-01-31,MED030,44,Normal
2025-02-01,MED030,45,Normal
2025-02-02,MED030,45,Normal
2025-02-03,MED030,40,Normal
2025-02-04,MED030,52,Normal
2025-02-05,MED030,45,Normal
2025-02-06,MED030,52,Normal
2025-02-07,MED030,52,Normal
2025-02-08,MED030,41,Normal
2025-02-09,MED030,46,Normal
2025-02-10,MED030,55,Normal
2025-02-11,MED030,46,Normal
2025-02-12,MED030,49,Normal
2025-02-13,MED030,56,Normal
2025-02-14,MED030,49,Normal
2025-02-15,MED030,42,Normal
2025-02-16,MED030,39,Normal
2025-02-17,MED030,55,Normal
2025-02-18,MED030,37,Normal
2025-02-19,MED030,56,Normal
2025-02-20,MED030,56,Normal
2025-02-21,MED030,52,Normal
2025-02-22,MED030,31,Normal
2025-02-23,MED030,37,Normal
2025-02-24,MED030,47,Normal
2025-02-25,MED030,39,Normal
2025-02-26,MED030,50,Normal
2025-02-27,MED030,46,Normal
2025-02-28,MED030,42,Normal
2025-03-01,MED030,41,Normal
2025-03-02,MED030,45,Normal
2025-03-03,MED030,46,Normal
2025-03-04,MED030,56,Normal
2025-03-05,MED030,55,Normal
2025-03-06,MED030,42,Normal
2025-03-07,MED030,48,Normal
2025-03-08,MED030,44,Normal
2025-03-09,MED030,46,Normal
2025-03-10,MED030,53,Normal
2025-03-11,MED030,53,Normal
2025-03-12,MED030,55,Normal
2025-03-13,MED030,41,Normal
2025-03-14,MED030,55,Normal
2025-03-15,MED030,45,Normal
2025-03-16,MED030,48,Normal
2025-03-17,MED030,41,Normal
2025-03-18,MED030,54,Normal
2025-03-19,MED030,56,Normal
2025-03-20,MED030,51,Normal
2025-03-21,MED030,71,Normal
2025-03-22,MED030,39,Normal
2025-03-23,MED030,45,Normal
2025-03-24,MED030,45,Normal
2025-03-25,MED030,40,Normal
2025-03-26,MED030,43,Normal
2025-03-27,MED030,42,Normal
2025-03-28,MED030,49,Normal
2025-03-29,MED030,34,Normal
2025-03-30,MED030,36,Normal
2025-03-31,MED030,43,Normal
2025-04-01,MED030,47,Normal
2025-04-02,MED030,54,Normal
2025-04-03,MED030,39,Normal
2025-04-04,MED030,56,Normal
2025-04-05,MED030,44,Normal
2025-04-06,MED030,33,Normal
2025-04-07,MED030,47,Normal
2025-04-08,MED030,37,Normal
2025-04-09,MED030,56,Normal
2025-04-10,MED030,55,Normal
2025-04-11,MED030,42,Normal
2025-04-12,MED030,43,Normal
2025-04-13,MED030,32,Normal
2025-04-14,MED030,41,Normal
2025-04-15,MED030,50,Normal
2025-04-16,MED030,55,Normal
2025-04-17,MED030,48,Normal
2025-04-18,MED030,47,Normal
2025-04-19,MED030,45,Normal
2025-04-20,MED030,43,Normal
2025-04-21,MED030,37,Normal
2025-04-22,MED030,47,Normal
2025-04-23,MED030,68,Normal
2025-04-24,MED030,40,Normal
2025-04-25,MED030,44,Normal
2025-04-26,MED030,46,Normal
2025-04-27,MED030,45,Normal
2025-04-28,MED030,55,Normal
2025-04-29,MED030,46,Normal
2025-04-30,MED030,47,Normal
2025-05-01,MED030,44,Normal
2025-05-02,MED030,38,Normal
2025-05-03,MED030,45,Normal
2025-05-04,MED030,45,Normal
2025-05-05,MED030,53,Normal
2025-05-06,MED030,38,Normal
2025-05-07,MED030,38,Normal
2025-05-08,MED030,46,Normal
2025-05-09,MED030,51,Normal
2025-05-10,MED030,33,Normal
2025-05-11,MED030,45,Normal
2025-05-12,MED030,49,Normal
2025-05-13,MED030,41,Normal
2025-05-14,MED030,39,Normal
2025-05-15,MED030,48,Normal
2025-05-16,MED030,56,Normal
2025-05-17,MED030,37,Normal
2025-05-18,MED030,37,Normal
2025-05-19,MED030,38,Normal
2025-05-20,MED030,57,Normal
2025-05-21,MED030,47,Normal
2025-05-22,MED030,50,Normal
2025-05-23,MED030,57,Normal
2025-05-24,MED030,43,Normal
2025-05-25,MED030,33,Normal
2025-05-26,MED030,49,Normal
2025-05-27,MED030,44,Normal
2025-05-28,MED030,55,Normal
2025-05-29,MED030,48,Normal
2025-05-30,MED030,40,Normal
2025-05-31,MED030,39,Normal
2025-06-01,MED030,65,Normal
2025-06-02,MED030,41,Normal
2025-06-03,MED030,44,Normal
2025-06-04,MED030,42,Normal
2025-06-05,MED030,42,Normal
2025-06-06,MED030,50,Normal
2025-06-07,MED030,48,Normal
2025-06-08,MED030,31,Normal
2025-06-09,MED030,44,Normal
2025-06-10,MED030,53,Normal
2025-06-11,MED030,45,Normal
2025-06-12,MED030,50,Normal
2025-06-13,MED030,40,Normal
2025-06-14,MED030,43,Normal
2025-06-15,MED030,39,Normal
2025-06-16,MED030,43,Normal
2025-06-17,MED030,57,Normal
2025-06-18,MED030,50,Normal
2025-06-19,MED030,38,Normal
2025-06-20,MED030,56,Normal
2025-06-21,MED030,45,Normal
2025-06-22,MED030,34,Normal
2025-06-23,MED030,60,Normal
2025-06-24,MED030,41,Normal
2025-06-25,MED030,43,Normal
2025-06-26,MED030,53,Normal
2025-06-27,MED030,45,Normal
2025-06-28,MED030,38,Normal
2025-06-29,MED030,45,Normal
2025-06-30,MED030,44,Normal
2025-07-01,MED030,43,Normal
2025-07-02,MED030,55,Normal
2025-07-03,MED030,38,Normal
2025-07-04,MED030,49,Normal
2025-07-05,MED030,47,Normal
2025-07-06,MED030,31,Normal
2025-07-07,MED030,42,Normal
2025-07-08,MED030,45,Normal
2025-07-09,MED030,53,Normal
2025-07-10,MED030,45,Normal
2025-07-11,MED030,48,Normal
2025-07-12,MED030,37,Normal
2025-07-13,MED030,39,Normal
2025-07-14,MED030,51,Normal
2025-07-15,MED030,52,Normal
2025-07-16,MED030,45,Normal
2025-07-17,MED030,37,Normal
2025-07-18,MED030,50,Normal
2025-07-19,MED030,45,Normal
2025-07-20,MED030,34,Normal
2025-07-21,MED030,45,Normal
2025-07-22,MED030,38,Normal
2025-07-23,MED030,43,Normal
2025-07-24,MED030,53,Normal
2025-07-25,MED030,53,Normal
2025-07-26,MED030,45,Normal
2025-07-27,MED030,48,Normal
2025-07-28,MED030,53,Normal
2025-07-29,MED030,44,Normal
2025-07-30,MED030,46,Normal
2025-07-31,MED030,71,Normal
2025-08-01,MED030,45,Normal
2025-08-02,MED030,31,Normal
2025-08-03,MED030,47,Normal
2025-08-04,MED030,48,Normal
2025-08-05,MED030,57,Normal
2025-08-06,MED030,37,Normal
2025-08-07,MED030,41,Normal
2025-08-08,MED030,48,Normal
2025-08-09,MED030,35,Normal
2025-08-10,MED030,38,Normal
2025-08-11,MED030,42,Normal
2025-08-12,MED030,44,Normal
2025-08-13,MED030,78,Normal
2025-08-14,MED030,57,Normal
2025-08-15,MED030,51,Normal
2025-08-16,MED030,38,Normal
2025-08-17,MED030,46,Normal
2025-08-18,MED030,52,Normal
2025-08-19,MED030,45,Normal
2025-08-20,MED030,43,Normal
2025-08-21,MED030,48,Normal
2025-08-22,MED030,44,Normal
2025-08-23,MED030,48,Normal
2025-08-24,MED030,47,Normal
2025-08-25,MED030,56,Normal
2025-08-26,MED030,57,Normal
2025-08-27,MED030,41,Normal
2025-08-28,MED030,54,Normal
2025-08-29,MED030,37,Normal
2025-08-30,MED030,45,Normal
2025-08-31,MED030,41,Normal
2025-09-01,MED030,55,Normal
2025-09-02,MED030,42,Normal
2025-09-03,MED030,39,Normal
2025-09-04,MED030,46,Normal
2025-09-05,MED030,42,Normal
2025-09-06,MED030,38,Normal
2025-09-07,MED030,48,Normal
2025-09-08,MED030,42,Normal
2025-09-09,MED030,40,Normal
2025-09-10,MED030,56,Normal
2025-09-11,MED030,43,Normal
2025-09-12,MED030,53,Normal
2025-09-13,MED030,41,Normal
2025-09-14,MED030,61,Normal
2025-09-15,MED030,54,Normal
2025-09-16,MED030,57,Normal
2025-09-17,MED030,41,Normal
2025-09-18,MED030,38,Normal
2025-09-19,MED030,44,Normal
2025-09-20,MED030,42,Normal
2025-09-21,MED030,33,Normal
2025-09-22,MED030,43,Normal
2025-09-23,MED030,54,Normal
2025-09-24,MED030,37,Normal
2025-09-25,MED030,52,Normal
2025-09-26,MED030,37,Normal
2025-09-27,MED030,44,Normal
2025-09-28,MED030,39,Normal
2025-09-29,MED030,55,Normal
2025-09-30,MED030,37,Normal
2025-10-01,MED030,43,Normal
2025-10-02,MED030,39,Normal
2025-10-03,MED030,38,Normal
2025-10-04,MED030,35,Normal
2025-10-05,MED030,34,Normal
2025-10-06,MED030,49,Normal
2025-10-07,MED030,53,Normal
2025-10-08,MED030,39,Normal
2025-10-09,MED030,52,Normal
2025-10-10,MED030,56,Normal
2025-10-11,MED030,38,Normal
2025-10-12,MED030,38,Normal
2025-10-13,MED030,40,Normal
2025-10-14,MED030,40,Normal
2025-10-15,MED030,54,Normal
2025-10-16,MED030,39,Normal
2025-10-17,MED030,37,Normal
2025-10-18,MED030,39,Normal
2025-10-19,MED030,32,Normal
2025-10-20,MED030,41,Normal
2025-10-21,MED030,46,Normal
2025-10-22,MED030,41,Normal
2025-10-23,MED030,41,Normal
2025-10-24,MED030,68,Normal
2025-10-25,MED030,39,Normal
2025-10-26,MED030,46,Normal
2025-10-27,MED030,39,Normal
2025-10-28,MED030,37,Normal
2025-10-29,MED030,46,Normal
2025-10-30,MED030,51,Normal
2025-10-31,MED030,52,Normal
2025-11-01,MED030,41,Normal
2025-11-02,MED030,36,Normal
2025-11-03,MED030,50,Normal
2025-11-04,MED030,48,Normal
2025-11-05,MED030,44,Normal
2025-11-06,MED030,52,Normal
2025-11-07,MED030,57,Normal
2025-11-08,MED030,39,Normal
2025-11-09,MED030,31,Normal
2025-11-10,MED030,41,Normal
2025-11-11,MED030,48,Normal
2025-11-12,MED030,48,Normal
2025-11-13,MED030,48,Normal
2025-11-14,MED030,38,Normal
2025-11-15,MED030,34,Normal
2025-11-16,MED030,34,Normal
2025-11-17,MED030,54,Normal
2025-11-18,MED030,39,Normal
2025-11-19,MED030,50,Normal
2025-11-20,MED030,49,Normal
2025-11-21,MED030,46,Normal
2025-11-22,MED030,45,Normal
2025-11-23,MED030,38,Normal
2025-11-24,MED030,50,Normal
2025-11-25,MED030,53,Normal
2025-11-26,MED030,41,Normal
2025-11-27,MED030,49,Normal
2025-11-28,MED030,37,Normal
2025-11-29,MED030,38,Normal
2025-11-30,MED030,53,Normal
2025-12-01,MED030,44,Normal
2025-12-02,MED030,54,Normal
2025-12-03,MED030,55,Normal
2025-12-04,MED030,38,Normal
2025-12-05,MED030,56,Normal
2025-12-06,MED030,34,Normal
2025-12-07,MED030,54,Normal
2025-12-08,MED030,49,Normal
2025-12-09,MED030,53,Normal
2025-12-10,MED030,43,Normal
2025-12-11,MED030,57,Normal
2025-12-12,MED030,43,Normal
2025-12-13,MED030,37,Normal
2025-12-14,MED030,38,Normal
2025-12-15,MED030,45,Normal
2025-12-16,MED030,38,Normal
2025-12-17,MED030,40,Normal
2025-12-18,MED030,53,Normal
2025-12-19,MED030,45,Normal
2025-12-20,MED030,34,Normal
2025-12-21,MED030,31,Normal
2025-12-22,MED030,42,Normal
2025-12-23,MED030,52,Normal
2025-12-24,MED030,41,Normal
2025-12-25,MED030,48,Normal
2025-12-26,MED030,37,Normal
2025-12-27,MED030,50,Normal
2025-12-28,MED030,43,Normal
2025-12-29,MED030,53,Normal
2025-12-30,MED030,46,Normal
2025-12-31,MED030,49,Normal
2025-01-01,MED031,88,Normal
2025-01-02,MED031,85,Normal
2025-01-03,MED031,103,Normal
2025-01-04,MED031,87,Normal
2025-01-05,MED031,74,Normal
2025-01-06,MED031,97,Normal
2025-01-07,MED031,85,Normal
2025-01-08,MED031,87,Normal
2025-01-09,MED031,105,Normal
2025-01-10,MED031,92,Normal
2025-01-11,MED031,85,Normal
2025-01-12,MED031,84,Normal
2025-01-13,MED031,103,Normal
2025-01-14,MED031,103,Normal
2025-01-15,MED031,145,Normal
2025-01-16,MED031,85,Normal
2025-01-17,MED031,95,Normal
2025-01-18,MED031,73,Normal
2025-01-19,MED031,86,Normal
2025-01-20,MED031,93,Normal
2025-01-21,MED031,86,Normal
2025-01-22,MED031,104,Normal
2025-01-23,MED031,103,Normal
2025-01-24,MED031,92,Normal
2025-01-25,MED031,74,Normal
2025-01-26,MED031,78,Normal
2025-01-27,MED031,87,Normal
2025-01-28,MED031,101,Normal
2025-01-29,MED031,95,Normal
2025-01-30,MED031,104,Normal
2025-01-31,MED031,96,Normal
2025-02-01,MED031,80,Normal
2025-02-02,MED031,87,Normal
2025-02-03,MED031,94,Normal
2025-02-04,MED031,85,Normal
2025-02-05,MED031,93,Normal
2025-02-06,MED031,85,Normal
2025-02-07,MED031,91,Normal
2025-02-08,MED031,78,Normal
2025-02-09,MED031,116,Normal
2025-02-10,MED031,95,Normal
2025-02-11,MED031,103,Normal
2025-02-12,MED031,93,Normal
2025-02-13,MED031,93,Normal
2025-02-14,MED031,98,Normal
2025-02-15,MED031,73,Normal
2025-02-16,MED031,86,Normal
2025-02-17,MED031,105,Normal
2025-02-18,MED031,89,Normal
2025-02-19,MED031,102,Normal
2025-02-20,MED031,101,Normal
2025-02-21,MED031,89,Normal
2025-02-22,MED031,85,Normal
2025-02-23,MED031,79,Normal
2025-02-24,MED031,89,Normal
2025-02-25,MED031,97,Normal
2025-02-26,MED031,101,Normal
2025-02-27,MED031,87,Normal
2025-02-28,MED031,95,Normal
2025-03-01,MED031,84,Normal
2025-03-02,MED031,81,Normal
2025-03-03,MED031,91,Normal
2025-03-04,MED031,90,Normal
2025-03-05,MED031,92,Normal
2025-03-06,MED031,138,Normal
2025-03-07,MED031,94,Normal
2025-03-08,MED031,88,Normal
2025-03-09,MED031,86,Normal
2025-03-10,MED031,102,Normal
2025-03-11,MED031,88,Normal
2025-03-12,MED031,98,Normal
2025-03-13,MED031,105,Normal
2025-03-14,MED031,105,Normal
2025-03-15,MED031,81,Normal
2025-03-16,MED031,79,Normal
2025-03-17,MED031,97,Normal
2025-03-18,MED031,86,Normal
2025-03-19,MED031,104,Normal
2025-03-20,MED031,86,Normal
2025-03-21,MED031,137,Normal
2025-03-22,MED031,73,Normal
2025-03-23,MED031,78,Normal
2025-03-24,MED031,99,Normal
2025-03-25,MED031,87,Normal
2025-03-26,MED031,90,Normal
2025-03-27,MED031,89,Normal
2025-03-28,MED031,105,Normal
2025-03-29,MED031,81,Normal
2025-03-30,MED031,72,Normal
2025-03-31,MED031,93,Normal
2025-04-01,MED031,134,Normal
2025-04-02,MED031,98,Normal
2025-04-03,MED031,95,Normal
2025-04-04,MED031,93,Normal
2025-04-05,MED031,73,Normal
2025-04-06,MED031,79,Normal
2025-04-07,MED031,89,Normal
2025-04-08,MED031,98,Normal
2025-04-09,MED031,105,Normal
2025-04-10,MED031,85,Normal
2025-04-11,MED031,87,Normal
2025-04-12,MED031,72,Normal
2025-04-13,MED031,89,Normal
2025-04-14,MED031,94,Normal
2025-04-15,MED031,89,Normal
2025-04-16,MED031,96,Normal
2025-04-17,MED031,98,Normal
2025-04-18,MED031,98,Normal
2025-04-19,MED031,76,Normal
2025-04-20,MED031,74,Normal
2025-04-21,MED031,89,Normal
2025-04-22,MED031,90,Normal
2025-04-23,MED031,85,Normal
2025-04-24,MED031,98,Normal
2025-04-25,MED031,97,Normal
2025-04-26,MED031,82,Normal
2025-04-27,MED031,75,Normal
2025-04-28,MED031,87,Normal
2025-04-29,MED031,104,Normal
2025-04-30,MED031,98,Normal
2025-05-01,MED031,99,Normal
2025-05-02,MED031,93,Normal
2025-05-03,MED031,79,Normal
2025-05-04,MED031,73,Normal
2025-05-05,MED031,103,Normal
2025-05-06,MED031,91,Normal
2025-05-07,MED031,86,Normal
2025-05-08,MED031,88,Normal
2025-05-09,MED031,94,Normal
2025-05-10,MED031,85,Normal
2025-05-11,MED031,75,Normal
2025-05-12,MED031,95,Normal
2025-05-13,MED031,91,Normal
2025-05-14,MED031,94,Normal
2025-05-15,MED031,97,Normal
2025-05-16,MED031,88,Normal
2025-05-17,MED031,80,Normal
2025-05-18,MED031,83,Normal
2025-05-19,MED031,104,Normal
2025-05-20,MED031,96,Normal
2025-05-21,MED031,93,Normal
2025-05-22,MED031,125,Normal
2025-05-23,MED031,97,Normal
2025-05-24,MED031,79,Normal
2025-05-25,MED031,89,Normal
2025-05-26,MED031,88,Normal
2025-05-27,MED031,104,Normal
2025-05-28,MED031,91,Normal
2025-05-29,MED031,87,Normal
2025-05-30,MED031,99,Normal
2025-05-31,MED031,83,Normal
2025-06-01,MED031,78,Normal
2025-06-02,MED031,103,Normal
2025-06-03,MED031,101,Normal
2025-06-04,MED031,101,Normal
2025-06-05,MED031,87,Normal
2025-06-06,MED031,93,Normal
2025-06-07,MED031,83,Normal
2025-06-08,MED031,82,Normal
2025-06-09,MED031,85,Normal
2025-06-10,MED031,88,Normal
2025-06-11,MED031,86,Normal
2025-06-12,MED031,90,Normal
2025-06-13,MED031,96,Normal
2025-06-14,MED031,79,Normal
2025-06-15,MED031,76,Normal
2025-06-16,MED031,85,Normal
2025-06-17,MED031,97,Normal
2025-06-18,MED031,104,Normal
2025-06-19,MED031,101,Normal
2025-06-20,MED031,92,Normal
2025-06-21,MED031,74,Normal
2025-06-22,MED031,89,Normal
2025-06-23,MED031,97,Normal
2025-06-24,MED031,86,Normal
2025-06-25,MED031,86,Normal
2025-06-26,MED031,91,Normal
2025-06-27,MED031,99,Normal
2025-06-28,MED031,87,Normal
2025-06-29,MED031,73,Normal
2025-06-30,MED031,130,Normal
2025-07-01,MED031,85,Normal
2025-07-02,MED031,100,Normal
2025-07-03,MED031,92,Normal
2025-07-04,MED031,100,Normal
2025-07-05,MED031,87,Normal
2025-07-06,MED031,89,Normal
2025-07-07,MED031,86,Normal
2025-07-08,MED031,88,Normal
2025-07-09,MED031,97,Normal
2025-07-10,MED031,89,Normal
2025-07-11,MED031,96,Normal
2025-07-12,MED031,88,Normal
2025-07-13,MED031,73,Normal
2025-07-14,MED031,93,Normal
2025-07-15,MED031,105,Normal
2025-07-16,MED031,105,Normal
2025-07-17,MED031,101,Normal
2025-07-18,MED031,96,Normal
2025-07-19,MED031,89,Normal
2025-07-20,MED031,77,Normal
2025-07-21,MED031,95,Normal
2025-07-22,MED031,101,Normal
2025-07-23,MED031,123,Normal
2025-07-24,MED031,90,Normal
2025-07-25,MED031,99,Normal
2025-07-26,MED031,72,Normal
2025-07-27,MED031,84,Normal
2025-07-28,MED031,86,Normal
2025-07-29,MED031,99,Normal
2025-07-30,MED031,98,Normal
2025-07-31,MED031,85,Normal
2025-08-01,MED031,101,Normal
2025-08-02,MED031,88,Normal
2025-08-03,MED031,75,Normal
2025-08-04,MED031,91,Normal
2025-08-05,MED031,103,Normal
2025-08-06,MED031,97,Normal
2025-08-07,MED031,100,Normal
2025-08-08,MED031,102,Normal
2025-08-09,MED031,80,Normal
2025-08-10,MED031,73,Normal
2025-08-11,MED031,98,Normal
2025-08-12,MED031,88,Normal
2025-08-13,MED031,85,Normal
2025-08-14,MED031,94,Normal
2025-08-15,MED031,102,Normal
2025-08-16,MED031,81,Normal
2025-08-17,MED031,118,Normal
2025-08-18,MED031,90,Normal
2025-08-19,MED031,94,Normal
2025-08-20,MED031,89,Normal
2025-08-21,MED031,97,Normal
2025-08-22,MED031,90,Normal
2025-08-23,MED031,74,Normal
2025-08-24,MED031,73,Normal
2025-08-25,MED031,97,Normal
2025-08-26,MED031,97,Normal
2025-08-27,MED031,99,Normal
2025-08-28,MED031,140,Normal
2025-08-29,MED031,99,Normal
2025-08-30,MED031,81,Normal
2025-08-31,MED031,88,Normal
2025-09-01,MED031,92,Normal
2025-09-02,MED031,96,Normal
2025-09-03,MED031,89,Normal
2025-09-04,MED031,86,Normal
2025-09-05,MED031,98,Normal
2025-09-06,MED031,75,Normal
2025-09-07,MED031,72,Normal
2025-09-08,MED031,85,Normal
2025-09-09,MED031,134,Normal
2025-09-10,MED031,105,Normal
2025-09-11,MED031,93,Normal
2025-09-12,MED031,90,Normal
2025-09-13,MED031,77,Normal
2025-09-14,MED031,74,Normal
2025-09-15,MED031,92,Normal
2025-09-16,MED031,94,Normal
2025-09-17,MED031,94,Normal
2025-09-18,MED031,128,Normal
2025-09-19,MED031,94,Normal
2025-09-20,MED031,83,Normal
2025-09-21,MED031,73,Normal
2025-09-22,MED031,95,Normal
2025-09-23,MED031,86,Normal
2025-09-24,MED031,96,Normal
2025-09-25,MED031,97,Normal
2025-09-26,MED031,96,Normal
2025-09-27,MED031,86,Normal
2025-09-28,MED031,79,Normal
2025-09-29,MED031,92,Normal
2025-09-30,MED031,104,Normal
2025-10-01,MED031,92,Normal
2025-10-02,MED031,87,Normal
2025-10-03,MED031,133,Normal
2025-10-04,MED031,74,Normal
2025-10-05,MED031,79,Normal
2025-10-06,MED031,98,Normal
2025-10-07,MED031,89,Normal
2025-10-08,MED031,103,Normal
2025-10-09,MED031,88,Normal
2025-10-10,MED031,92,Normal
2025-10-11,MED031,80,Normal
2025-10-12,MED031,74,Normal
2025-10-13,MED031,87,Normal
2025-10-14,MED031,100,Normal
2025-10-15,MED031,88,Normal
2025-10-16,MED031,103,Normal
2025-10-17,MED031,103,Normal
2025-10-18,MED031,74,Normal
2025-10-19,MED031,79,Normal
2025-10-20,MED031,147,Normal
2025-10-21,MED031,104,Normal
2025-10-22,MED031,92,Normal
2025-10-23,MED031,85,Normal
2025-10-24,MED031,94,Normal
2025-10-25,MED031,81,Normal
2025-10-26,MED031,83,Normal
2025-10-27,MED031,99,Normal
2025-10-28,MED031,96,Normal
2025-10-29,MED031,123,Normal
2025-10-30,MED031,91,Normal
2025-10-31,MED031,101,Normal
2025-11-01,MED031,81,Normal
2025-11-02,MED031,79,Normal
2025-11-03,MED031,100,Normal
2025-11-04,MED031,105,Normal
2025-11-05,MED031,100,Normal
2025-11-06,MED031,86,Normal
2025-11-07,MED031,100,Normal
2025-11-08,MED031,78,Normal
2025-11-09,MED031,76,Normal
2025-11-10,MED031,94,Normal
2025-11-11,MED031,94,Normal
2025-11-12,MED031,95,Normal
2025-11-13,MED031,90,Normal
2025-11-14,MED031,90,Normal
2025-11-15,MED031,80,Normal
2025-11-16,MED031,82,Normal
2025-11-17,MED031,97,Normal
2025-11-18,MED031,99,Normal
2025-11-19,MED031,101,Normal
2025-11-20,MED031,86,Normal
2025-11-21,MED031,98,Normal
2025-11-22,MED031,72,Normal
2025-11-23,MED031,82,Normal
2025-11-24,MED031,89,Normal
2025-11-25,MED031,87,Normal
2025-11-26,MED031,91,Normal
2025-11-27,MED031,91,Normal
2025-11-28,MED031,97,Normal
2025-11-29,MED031,75,Normal
2025-11-30,MED031,75,Normal
2025-12-01,MED031,101,Normal
2025-12-02,MED031,101,Normal
2025-12-03,MED031,104,Normal
2025-12-04,MED031,85,Normal
2025-12-05,MED031,101,Normal
2025-12-06,MED031,85,Normal
2025-12-07,MED031,87,Normal
2025-12-08,MED031,90,Normal
2025-12-09,MED031,95,Normal
2025-12-10,MED031,92,Normal
2025-12-11,MED031,96,Normal
2025-12-12,MED031,101,Normal
2025-12-13,MED031,88,Normal
2025-12-14,MED031,85,Normal
2025-12-15,MED031,98,Normal
2025-12-16,MED031,95,Normal
2025-12-17,MED031,99,Normal
2025-12-18,MED031,93,Normal
2025-12-19,MED031,95,Normal
2025-12-20,MED031,89,Normal
2025-12-21,MED031,83,Normal
2025-12-22,MED031,100,Normal
2025-12-23,MED031,99,Normal
2025-12-24,MED031,95,Normal
2025-12-25,MED031,90,Normal
2025-12-26,MED031,87,Normal
2025-12-27,MED031,72,Normal
2025-12-28,MED031,85,Normal
2025-12-29,MED031,90,Normal
2025-12-30,MED031,97,Normal
2025-12-31,MED031,89,Normal
2025-01-01,MED032,41,Normal
2025-01-02,MED032,41,Normal
2025-01-03,MED032,56,Normal
2025-01-04,MED032,33,Normal
2025-01-05,MED032,32,Normal
2025-01-06,MED032,47,Normal
2025-01-07,MED032,51,Normal
2025-01-08,MED032,39,Normal
2025-01-09,MED032,39,Normal
2025-01-10,MED032,37,Normal
2025-01-11,MED032,34,Normal
2025-01-12,MED032,45,Normal
2025-01-13,MED032,45,Normal
2025-01-14,MED032,53,Normal
2025-01-15,MED032,53,Normal
2025-01-16,MED032,47,Normal
2025-01-17,MED032,39,Normal
2025-01-18,MED032,62,Normal
2025-01-19,MED032,45,Normal
2025-01-20,MED032,41,Normal
2025-01-21,MED032,41,Normal
2025-01-22,MED032,54,Normal
2025-01-23,MED032,36,Normal
2025-01-24,MED032,44,Normal
2025-01-25,MED032,40,Normal
2025-01-26,MED032,32,Normal
2025-01-27,MED032,74,Normal
2025-01-28,MED032,38,Normal
2025-01-29,MED032,36,Normal
2025-01-30,MED032,38,Normal
2025-01-31,MED032,42,Normal
2025-02-01,MED032,31,Normal
2025-02-02,MED032,30,Normal
2025-02-03,MED032,45,Normal
2025-02-04,MED032,42,Normal
2025-02-05,MED032,50,Normal
2025-02-06,MED032,44,Normal
2025-02-07,MED032,43,Normal
2025-02-08,MED032,42,Normal
2025-02-09,MED032,37,Normal
2025-02-10,MED032,49,Normal
2025-02-11,MED032,74,Normal
2025-02-12,MED032,43,Normal
2025-02-13,MED032,37,Normal
2025-02-14,MED032,46,Normal
2025-02-15,MED032,34,Normal
2025-02-16,MED032,46,Normal
2025-02-17,MED032,53,Normal
2025-02-18,MED032,55,Normal
2025-02-19,MED032,55,Normal
2025-02-20,MED032,50,Normal
2025-02-21,MED032,51,Normal
2025-02-22,MED032,32,Normal
2025-02-23,MED032,45,Normal
2025-02-24,MED032,48,Normal
2025-02-25,MED032,78,Normal
2025-02-26,MED032,54,Normal
2025-02-27,MED032,37,Normal
2025-02-28,MED032,49,Normal
2025-03-01,MED032,42,Normal
2025-03-02,MED032,39,Normal
2025-03-03,MED032,50,Normal
2025-03-04,MED032,53,Normal
2025-03-05,MED032,47,Normal
2025-03-06,MED032,54,Normal
2025-03-07,MED032,55,Normal
2025-03-08,MED032,45,Normal
2025-03-09,MED032,42,Normal
2025-03-10,MED032,52,Normal
2025-03-11,MED032,49,Normal
2025-03-12,MED032,36,Normal
2025-03-13,MED032,51,Normal
2025-03-14,MED032,49,Normal
2025-03-15,MED032,30,Normal
2025-03-16,MED032,62,Normal
2025-03-17,MED032,39,Normal
2025-03-18,MED032,41,Normal
2025-03-19,MED032,41,Normal
2025-03-20,MED032,38,Normal
2025-03-21,MED032,45,Normal
2025-03-22,MED032,36,Normal
2025-03-23,MED032,37,Normal
2025-03-24,MED032,54,Normal
2025-03-25,MED032,54,Normal
2025-03-26,MED032,41,Normal
2025-03-27,MED032,42,Normal
2025-03-28,MED032,57,Normal
2025-03-29,MED032,34,Normal
2025-03-30,MED032,44,Normal
2025-03-31,MED032,47,Normal
2025-04-01,MED032,46,Normal
2025-04-02,MED032,37,Normal
2025-04-03,MED032,43,Normal
2025-04-04,MED032,45,Normal
2025-04-05,MED032,31,Normal
2025-04-06,MED032,40,Normal
2025-04-07,MED032,53,Normal
2025-04-08,MED032,45,Normal
2025-04-09,MED032,42,Normal
2025-04-10,MED032,43,Normal
2025-04-11,MED032,41,Normal
2025-04-12,MED032,36,Normal
2025-04-13,MED032,34,Normal
2025-04-14,MED032,56,Normal
2025-04-15,MED032,74,Normal
2025-04-16,MED032,54,Normal
2025-04-17,MED032,53,Normal
2025-04-18,MED032,43,Normal
2025-04-19,MED032,37,Normal
2025-04-20,MED032,32,Normal
2025-04-21,MED032,54,Normal
2025-04-22,MED032,46,Normal
2025-04-23,MED032,48,Normal
2025-04-24,MED032,55,Normal
2025-04-25,MED032,40,Normal
2025-04-26,MED032,33,Normal
2025-04-27,MED032,43,Normal
2025-04-28,MED032,38,Normal
2025-04-29,MED032,45,Normal
2025-04-30,MED032,44,Normal
2025-05-01,MED032,36,Normal
2025-05-02,MED032,55,Normal
2025-05-03,MED032,37,Normal
2025-05-04,MED032,45,Normal
2025-05-05,MED032,50,Normal
2025-05-06,MED032,39,Normal
2025-05-07,MED032,41,Normal
2025-05-08,MED032,38,Normal
2025-05-09,MED032,39,Normal
2025-05-10,MED032,36,Normal
2025-05-11,MED032,34,Normal
2025-05-12,MED032,44,Normal
2025-05-13,MED032,40,Normal
2025-05-14,MED032,52,Normal
2025-05-15,MED032,48,Normal
2025-05-16,MED032,39,Normal
2025-05-17,MED032,34,Normal
2025-05-18,MED032,46,Normal
2025-05-19,MED032,50,Normal
2025-05-20,MED032,60,Normal
2025-05-21,MED032,54,Normal
2025-05-22,MED032,53,Normal
2025-05-23,MED032,46,Normal
2025-05-24,MED032,37,Normal
2025-05-25,MED032,34,Normal
2025-05-26,MED032,38,Normal
2025-05-27,MED032,43,Normal
2025-05-28,MED032,65,Normal
2025-05-29,MED032,39,Normal
2025-05-30,MED032,40,Normal
2025-05-31,MED032,47,Normal
2025-06-01,MED032,36,Normal
2025-06-02,MED032,37,Normal
2025-06-03,MED032,50,Normal
2025-06-04,MED032,54,Normal
2025-06-05,MED032,40,Normal
2025-06-06,MED032,55,Normal
2025-06-07,MED032,39,Normal
2025-06-08,MED032,37,Normal
2025-06-09,MED032,40,Normal
2025-06-10,MED032,52,Normal
2025-06-11,MED032,44,Normal
2025-06-12,MED032,46,Normal
2025-06-13,MED032,53,Normal
2025-06-14,MED032,45,Normal
2025-06-15,MED032,30,Normal
2025-06-16,MED032,53,Normal
2025-06-17,MED032,37,Normal
2025-06-18,MED032,56,Normal
2025-06-19,MED032,54,Normal
2025-06-20,MED032,42,Normal
2025-06-21,MED032,34,Normal
2025-06-22,MED032,45,Normal
2025-06-23,MED032,39,Normal
2025-06-24,MED032,55,Normal
2025-06-25,MED032,41,Normal
2025-06-26,MED032,53,Normal
2025-06-27,MED032,49,Normal
2025-06-28,MED032,44,Normal
2025-06-29,MED032,44,Normal
2025-06-30,MED032,47,Normal
2025-07-01,MED032,52,Normal
2025-07-02,MED032,53,Normal
2025-07-03,MED032,46,Normal
2025-07-04,MED032,51,Normal
2025-07-05,MED032,47,Normal
2025-07-06,MED032,44,Normal
2025-07-07,MED032,51,Normal
2025-07-08,MED032,54,Normal
2025-07-09,MED032,47,Normal
2025-07-10,MED032,42,Normal
2025-07-11,MED032,56,Normal
2025-07-12,MED032,39,Normal
2025-07-13,MED032,45,Normal
2025-07-14,MED032,53,Normal
2025-07-15,MED032,41,Normal
2025-07-16,MED032,36,Normal
2025-07-17,MED032,53,Normal
2025-07-18,MED032,56,Normal
2025-07-19,MED032,38,Normal
2025-07-20,MED032,45,Normal
2025-07-21,MED032,54,Normal
2025-07-22,MED032,41,Normal
2025-07-23,MED032,38,Normal
2025-07-24,MED032,41,Normal
2025-07-25,MED032,43,Normal
2025-07-26,MED032,32,Normal
2025-07-27,MED032,45,Normal
2025-07-28,MED032,36,Normal
2025-07-29,MED032,55,Normal
2025-07-30,MED032,49,Normal
2025-07-31,MED032,70,Normal
2025-08-01,MED032,49,Normal
2025-08-02,MED032,37,Normal
2025-08-03,MED032,39,Normal
2025-08-04,MED032,37,Normal
2025-08-05,MED032,47,Normal
2025-08-06,MED032,41,Normal
2025-08-07,MED032,45,Normal
2025-08-08,MED032,36,Normal
2025-08-09,MED032,46,Normal
2025-08-10,MED032,32,Normal
2025-08-11,MED032,43,Normal
2025-08-12,MED032,42,Normal
2025-08-13,MED032,41,Normal
2025-08-14,MED032,45,Normal
2025-08-15,MED032,38,Normal
2025-08-16,MED032,45,Normal
2025-08-17,MED032,30,Normal
2025-08-18,MED032,49,Normal
2025-08-19,MED032,52,Normal
2025-08-20,MED032,51,Normal
2025-08-21,MED032,46,Normal
2025-08-22,MED032,48,Normal
2025-08-23,MED032,41,Normal
2025-08-24,MED032,31,Normal
2025-08-25,MED032,49,Normal
2025-08-26,MED032,48,Normal
2025-08-27,MED032,52,Normal
2025-08-28,MED032,65,Normal
2025-08-29,MED032,54,Normal
2025-08-30,MED032,42,Normal
2025-08-31,MED032,37,Normal
2025-09-01,MED032,50,Normal
2025-09-02,MED032,40,Normal
2025-09-03,MED032,39,Normal
2025-09-04,MED032,42,Normal
2025-09-05,MED032,54,Normal
2025-09-06,MED032,46,Normal
2025-09-07,MED032,32,Normal
2025-09-08,MED032,45,Normal
2025-09-09,MED032,42,Normal
2025-09-10,MED032,48,Normal
2025-09-11,MED032,45,Normal
2025-09-12,MED032,42,Normal
2025-09-13,MED032,42,Normal
2025-09-14,MED032,40,Normal
2025-09-15,MED032,51,Normal
2025-09-16,MED032,37,Normal
2025-09-17,MED032,42,Normal
2025-09-18,MED032,55,Normal
2025-09-19,MED032,55,Normal
2025-09-20,MED032,37,Normal
2025-09-21,MED032,32,Normal
2025-09-22,MED032,46,Normal
2025-09-23,MED032,53,Normal
2025-09-24,MED032,38,Normal
2025-09-25,MED032,51,Normal
2025-09-26,MED032,54,Normal
2025-09-27,MED032,38,Normal
2025-09-28,MED032,31,Normal
2025-09-29,MED032,45,Normal
2025-09-30,MED032,50,Normal
2025-10-01,MED032,44,Normal
2025-10-02,MED032,51,Normal
2025-10-03,MED032,44,Normal
2025-10-04,MED032,39,Normal
2025-10-05,MED032,44,Normal
2025-10-06,MED032,54,Normal
2025-10-07,MED032,54,Normal
2025-10-08,MED032,36,Normal
2025-10-09,MED032,45,Normal
2025-10-10,MED032,47,Normal
2025-10-11,MED032,40,Normal
2025-10-12,MED032,34,Normal
2025-10-13,MED032,75,Normal
2025-10-14,MED032,50,Normal
2025-10-15,MED032,52,Normal
2025-10-16,MED032,44,Normal
2025-10-17,MED032,36,Normal
2025-10-18,MED032,30,Normal
2025-10-19,MED032,36,Normal
2025-10-20,MED032,46,Normal
2025-10-21,MED032,46,Normal
2025-10-22,MED032,44,Normal
2025-10-23,MED032,48,Normal
2025-10-24,MED032,43,Normal
2025-10-25,MED032,45,Normal
2025-10-26,MED032,31,Normal
2025-10-27,MED032,43,Normal
2025-10-28,MED032,38,Normal
2025-10-29,MED032,68,Normal
2025-10-30,MED032,51,Normal
2025-10-31,MED032,56,Normal
2025-11-01,MED032,33,Normal
2025-11-02,MED032,42,Normal
2025-11-03,MED032,52,Normal
2025-11-04,MED032,42,Normal
2025-11-05,MED032,48,Normal
2025-11-06,MED032,38,Normal
2025-11-07,MED032,50,Normal
2025-11-08,MED032,39,Normal
2025-11-09,MED032,37,Normal
2025-11-10,MED032,50,Normal
2025-11-11,MED032,48,Normal
2025-11-12,MED032,48,Normal
2025-11-13,MED032,38,Normal
2025-11-14,MED032,45,Normal
2025-11-15,MED032,32,Normal
2025-11-16,MED032,44,Normal
2025-11-17,MED032,75,Normal
2025-11-18,MED032,37,Normal
2025-11-19,MED032,51,Normal
2025-11-20,MED032,41,Normal
2025-11-21,MED032,54,Normal
2025-11-22,MED032,44,Normal
2025-11-23,MED032,31,Normal
2025-11-24,MED032,56,Normal
2025-11-25,MED032,53,Normal
2025-11-26,MED032,45,Normal
2025-11-27,MED032,47,Normal
2025-11-28,MED032,68,Normal
2025-11-29,MED032,31,Normal
2025-11-30,MED032,36,Normal
2025-12-01,MED032,49,Normal
2025-12-02,MED032,43,Normal
2025-12-03,MED032,48,Normal
2025-12-04,MED032,50,Normal
2025-12-05,MED032,36,Normal
2025-12-06,MED032,43,Normal
2025-12-07,MED032,33,Normal
2025-12-08,MED032,40,Normal
2025-12-09,MED032,41,Normal
2025-12-10,MED032,51,Normal
2025-12-11,MED032,56,Normal
2025-12-12,MED032,38,Normal
2025-12-13,MED032,44,Normal
2025-12-14,MED032,47,Normal
2025-12-15,MED032,46,Normal
2025-12-16,MED032,46,Normal
2025-12-17,MED032,37,Normal
2025-12-18,MED032,42,Normal
2025-12-19,MED032,42,Normal
2025-12-20,MED032,34,Normal
2025-12-21,MED032,46,Normal
2025-12-22,MED032,52,Normal
2025-12-23,MED032,67,Normal
2025-12-24,MED032,46,Normal
2025-12-25,MED032,56,Normal
2025-12-26,MED032,36,Normal
2025-12-27,MED032,47,Normal
2025-12-28,MED032,34,Normal
2025-12-29,MED032,39,Normal
2025-12-30,MED032,37,Normal
2025-12-31,MED032,53,Normal
2025-01-01,MED033,36,Normal
2025-01-02,MED033,46,Normal
2025-01-03,MED033,31,Normal
2025-01-04,MED033,17,Normal
2025-01-05,MED033,26,Normal
2025-01-06,MED033,37,Normal
2025-01-07,MED033,19,Normal
2025-01-08,MED033,37,Normal
2025-01-09,MED033,35,Normal
2025-01-10,MED033,21,Normal
2025-01-11,MED033,31,Normal
2025-01-12,MED033,20,Normal
2025-01-13,MED033,36,Normal
2025-01-14,MED033,29,Normal
2025-01-15,MED033,25,Normal
2025-01-16,MED033,26,Normal
2025-01-17,MED033,33,Normal
2025-01-18,MED033,16,Normal
2025-01-19,MED033,23,Normal
2025-01-20,MED033,24,Normal
2025-01-21,MED033,28,Normal
2025-01-22,MED033,25,Normal
2025-01-23,MED033,37,Normal
2025-01-24,MED033,26,Normal
2025-01-25,MED033,17,Normal
2025-01-26,MED033,22,Normal
2025-01-27,MED033,28,Normal
2025-01-28,MED033,39,Normal
2025-01-29,MED033,19,Normal
2025-01-30,MED033,30,Normal
2025-01-31,MED033,38,Normal
2025-02-01,MED033,39,Normal
2025-02-02,MED033,26,Normal
2025-02-03,MED033,21,Normal
2025-02-04,MED033,36,Normal
2025-02-05,MED033,19,Normal
2025-02-06,MED033,38,Normal
2025-02-07,MED033,27,Normal
2025-02-08,MED033,29,Normal
2025-02-09,MED033,22,Normal
2025-02-10,MED033,26,Normal
2025-02-11,MED033,23,Normal
2025-02-12,MED033,21,Normal
2025-02-13,MED033,36,Normal
2025-02-14,MED033,34,Normal
2025-02-15,MED033,16,Normal
2025-02-16,MED033,26,Normal
2025-02-17,MED033,27,Normal
2025-02-18,MED033,22,Normal
2025-02-19,MED033,39,Normal
2025-02-20,MED033,20,Normal
2025-02-21,MED033,39,Normal
2025-02-22,MED033,31,Normal
2025-02-23,MED033,19,Normal
2025-02-24,MED033,39,Normal
2025-02-25,MED033,40,Normal
2025-02-26,MED033,33,Normal
2025-02-27,MED033,22,Normal
2025-02-28,MED033,38,Normal
2025-03-01,MED033,27,Normal
2025-03-02,MED033,17,Normal
2025-03-03,MED033,20,Normal
2025-03-04,MED033,35,Normal
2025-03-05,MED033,20,Normal
2025-03-06,MED033,21,Normal
2025-03-07,MED033,31,Normal
2025-03-08,MED033,20,Normal
2025-03-09,MED033,27,Normal
2025-03-10,MED033,39,Normal
2025-03-11,MED033,28,Normal
2025-03-12,MED033,35,Normal
2025-03-13,MED033,19,Normal
2025-03-14,MED033,19,Normal
2025-03-15,MED033,29,Normal
2025-03-16,MED033,31,Normal
2025-03-17,MED033,37,Normal
2025-03-18,MED033,39,Normal
2025-03-19,MED033,27,Normal
2025-03-20,MED033,32,Normal
2025-03-21,MED033,32,Normal
2025-03-22,MED033,18,Normal
2025-03-23,MED033,26,Normal
2025-03-24,MED033,24,Normal
2025-03-25,MED033,31,Normal
2025-03-26,MED033,19,Normal
2025-03-27,MED033,35,Normal
2025-03-28,MED033,19,Normal
2025-03-29,MED033,18,Normal
2025-03-30,MED033,33,Normal
2025-03-31,MED033,24,Normal
2025-04-01,MED033,32,Normal
2025-04-02,MED033,27,Normal
2025-04-03,MED033,25,Normal
2025-04-04,MED033,38,Normal
2025-04-05,MED033,33,Normal
2025-04-06,MED033,22,Normal
2025-04-07,MED033,35,Normal
2025-04-08,MED033,34,Normal
2025-04-09,MED033,21,Normal
2025-04-10,MED033,28,Normal
2025-04-11,MED033,23,Normal
2025-04-12,MED033,25,Normal
2025-04-13,MED033,44,Normal
2025-04-14,MED033,21,Normal
2025-04-15,MED033,23,Normal
2025-04-16,MED033,33,Normal
2025-04-17,MED033,19,Normal
2025-04-18,MED033,27,Normal
2025-04-19,MED033,26,Normal
2025-04-20,MED033,17,Normal
2025-04-21,MED033,31,Normal
2025-04-22,MED033,46,Normal
2025-04-23,MED033,28,Normal
2025-04-24,MED033,29,Normal
2025-04-25,MED033,39,Normal
2025-04-26,MED033,25,Normal
2025-04-27,MED033,27,Normal
2025-04-28,MED033,21,Normal
2025-04-29,MED033,33,Normal
2025-04-30,MED033,27,Normal
2025-05-01,MED033,26,Normal
2025-05-02,MED033,27,Normal
2025-05-03,MED033,29,Normal
2025-05-04,MED033,18,Normal
2025-05-05,MED033,37,Normal
2025-05-06,MED033,34,Normal
2025-05-07,MED033,30,Normal
2025-05-08,MED033,31,Normal
2025-05-09,MED033,25,Normal
2025-05-10,MED033,22,Normal
2025-05-11,MED033,26,Normal
2025-05-12,MED033,33,Normal
2025-05-13,MED033,38,Normal
2025-05-14,MED033,32,Normal
2025-05-15,MED033,21,Normal
2025-05-16,MED033,37,Normal
2025-05-17,MED033,28,Normal
2025-05-18,MED033,20,Normal
2025-05-19,MED033,20,Normal
2025-05-20,MED033,24,Normal
2025-05-21,MED033,31,Normal
2025-05-22,MED033,32,Normal
2025-05-23,MED033,32,Normal
2025-05-24,MED033,27,Normal
2025-05-25,MED033,28,Normal
2025-05-26,MED033,37,Normal
2025-05-27,MED033,24,Normal
2025-05-28,MED033,30,Normal
2025-05-29,MED033,37,Normal
2025-05-30,MED033,38,Normal
2025-05-31,MED033,19,Normal
2025-06-01,MED033,32,Normal
2025-06-02,MED033,36,Normal
2025-06-03,MED033,29,Normal
2025-06-04,MED033,34,Normal
2025-06-05,MED033,31,Normal
2025-06-06,MED033,33,Normal
2025-06-07,MED033,28,Normal
2025-06-08,MED033,25,Normal
2025-06-09,MED033,44,Normal
2025-06-10,MED033,22,Normal
2025-06-11,MED033,35,Normal
2025-06-12,MED033,35,Normal
2025-06-13,MED033,27,Normal
2025-06-14,MED033,22,Normal
2025-06-15,MED033,21,Normal
2025-06-16,MED033,25,Normal
2025-06-17,MED033,38,Normal
2025-06-18,MED033,23,Normal
2025-06-19,MED033,26,Normal
2025-06-20,MED033,21,Normal
2025-06-21,MED033,17,Normal
2025-06-22,MED033,28,Normal
2025-06-23,MED033,23,Normal
2025-06-24,MED033,21,Normal
2025-06-25,MED033,28,Normal
2025-06-26,MED033,26,Normal
2025-06-27,MED033,28,Normal
2025-06-28,MED033,31,Normal
2025-06-29,MED033,23,Normal
2025-06-30,MED033,25,Normal
2025-07-01,MED033,37,Normal
2025-07-02,MED033,23,Normal
2025-07-03,MED033,36,Normal
2025-07-04,MED033,20,Normal
2025-07-05,MED033,30,Normal
2025-07-06,MED033,24,Normal
2025-07-07,MED033,31,Normal
2025-07-08,MED033,23,Normal
2025-07-09,MED033,19,Normal
2025-07-10,MED033,39,Normal
2025-07-11,MED033,35,Normal
2025-07-12,MED033,24,Normal
2025-07-13,MED033,16,Normal
2025-07-14,MED033,34,Normal
2025-07-15,MED033,32,Normal
2025-07-16,MED033,22,Normal
2025-07-17,MED033,27,Normal
2025-07-18,MED033,38,Normal
2025-07-19,MED033,31,Normal
2025-07-20,MED033,30,Normal
2025-07-21,MED033,20,Normal
2025-07-22,MED033,30,Normal
2025-07-23,MED033,23,Normal
2025-07-24,MED033,21,Normal
2025-07-25,MED033,30,Normal
2025-07-26,MED033,16,Normal
2025-07-27,MED033,27,Normal
2025-07-28,MED033,35,Normal
2025-07-29,MED033,29,Normal
2025-07-30,MED033,23,Normal
2025-07-31,MED033,39,Normal
2025-08-01,MED033,39,Normal
2025-08-02,MED033,23,Normal
2025-08-03,MED033,16,Normal
2025-08-04,MED033,28,Normal
2025-08-05,MED033,22,Normal
2025-08-06,MED033,29,Normal
2025-08-07,MED033,21,Normal
2025-08-08,MED033,34,Normal
2025-08-09,MED033,24,Normal
2025-08-10,MED033,25,Normal
2025-08-11,MED033,34,Normal
2025-08-12,MED033,25,Normal
2025-08-13,MED033,21,Normal
2025-08-14,MED033,30,Normal
2025-08-15,MED033,32,Normal
2025-08-16,MED033,31,Normal
2025-08-17,MED033,20,Normal
2025-08-18,MED033,23,Normal
2025-08-19,MED033,38,Normal
2025-08-20,MED033,37,Normal
2025-08-21,MED033,21,Normal
2025-08-22,MED033,35,Normal
2025-08-23,MED033,21,Normal
2025-08-24,MED033,21,Normal
2025-08-25,MED033,24,Normal
2025-08-26,MED033,28,Normal
2025-08-27,MED033,33,Normal
2025-08-28,MED033,53,Normal
2025-08-29,MED033,27,Normal
2025-08-30,MED033,16,Normal
2025-08-31,MED033,30,Normal
2025-09-01,MED033,23,Normal
2025-09-02,MED033,29,Normal
2025-09-03,MED033,19,Normal
2025-09-04,MED033,34,Normal
2025-09-05,MED033,21,Normal
2025-09-06,MED033,32,Normal
2025-09-07,MED033,28,Normal
2025-09-08,MED033,36,Normal
2025-09-09,MED033,30,Normal
2025-09-10,MED033,26,Normal
2025-09-11,MED033,24,Normal
2025-09-12,MED033,37,Normal
2025-09-13,MED033,22,Normal
2025-09-14,MED033,21,Normal
2025-09-15,MED033,20,Normal
2025-09-16,MED033,21,Normal
2025-09-17,MED033,30,Normal
2025-09-18,MED033,30,Normal
2025-09-19,MED033,21,Normal
2025-09-20,MED033,18,Normal
2025-09-21,MED033,28,Normal
2025-09-22,MED033,38,Normal
2025-09-23,MED033,30,Normal
2025-09-24,MED033,22,Normal
2025-09-25,MED033,20,Normal
2025-09-26,MED033,47,Normal
2025-09-27,MED033,32,Normal
2025-09-28,MED033,22,Normal
2025-09-29,MED033,19,Normal
2025-09-30,MED033,29,Normal
2025-10-01,MED033,22,Normal
2025-10-02,MED033,19,Normal
2025-10-03,MED033,26,Normal
2025-10-04,MED033,30,Normal
2025-10-05,MED033,17,Normal
2025-10-06,MED033,19,Normal
2025-10-07,MED033,37,Normal
2025-10-08,MED033,24,Normal
2025-10-09,MED033,20,Normal
2025-10-10,MED033,30,Normal
2025-10-11,MED033,30,Normal
2025-10-12,MED033,22,Normal
2025-10-13,MED033,19,Normal
2025-10-14,MED033,36,Normal
2025-10-15,MED033,23,Normal
2025-10-16,MED033,24,Normal
2025-10-17,MED033,29,Normal
2025-10-18,MED033,26,Normal
2025-10-19,MED033,27,Normal
2025-10-20,MED033,25,Normal
2025-10-21,MED033,26,Normal
2025-10-22,MED033,32,Normal
2025-10-23,MED033,20,Normal
2025-10-24,MED033,38,Normal
2025-10-25,MED033,23,Normal
2025-10-26,MED033,16,Normal
2025-10-27,MED033,35,Normal
2025-10-28,MED033,32,Normal
2025-10-29,MED033,35,Normal
2025-10-30,MED033,38,Normal
2025-10-31,MED033,20,Normal
2025-11-01,MED033,17,Normal
2025-11-02,MED033,18,Normal
2025-11-03,MED033,38,Normal
2025-11-04,MED033,39,Normal
2025-11-05,MED033,28,Normal
2025-11-06,MED033,21,Normal
2025-11-07,MED033,23,Normal
2025-11-08,MED033,26,Normal
2025-11-09,MED033,24,Normal
2025-11-10,MED033,36,Normal
2025-11-11,MED033,20,Normal
2025-11-12,MED033,31,Normal
2025-11-13,MED033,22,Normal
2025-11-14,MED033,39,Normal
2025-11-15,MED033,23,Normal
2025-11-16,MED033,20,Normal
2025-11-17,MED033,29,Normal
2025-11-18,MED033,34,Normal
2025-11-19,MED033,34,Normal
2025-11-20,MED033,27,Normal
2025-11-21,MED033,27,Normal
2025-11-22,MED033,17,Normal
2025-11-23,MED033,19,Normal
2025-11-24,MED033,25,Normal
2025-11-25,MED033,21,Normal
2025-11-26,MED033,21,Normal
2025-11-27,MED033,37,Normal
2025-11-28,MED033,26,Normal
2025-11-29,MED033,27,Normal
2025-11-30,MED033,28,Normal
2025-12-01,MED033,32,Normal
2025-12-02,MED033,32,Normal
2025-12-03,MED033,29,Normal
2025-12-04,MED033,37,Normal
2025-12-05,MED033,19,Normal
2025-12-06,MED033,16,Normal
2025-12-07,MED033,26,Normal
2025-12-08,MED033,36,Normal
2025-12-09,MED033,23,Normal
2025-12-10,MED033,36,Normal
2025-12-11,MED033,19,Normal
2025-12-12,MED033,31,Normal
2025-12-13,MED033,17,Normal
2025-12-14,MED033,17,Normal
2025-12-15,MED033,20,Normal
2025-12-16,MED033,26,Normal
2025-12-17,MED033,19,Normal
2025-12-18,MED033,23,Normal
2025-12-19,MED033,39,Normal
2025-12-20,MED033,33,Normal
2025-12-21,MED033,16,Normal
2025-12-22,MED033,37,Normal
2025-12-23,MED033,25,Normal
2025-12-24,MED033,37,Normal
2025-12-25,MED033,24,Normal
2025-12-26,MED033,26,Normal
2025-12-27,MED033,19,Normal
2025-12-28,MED033,16,Normal
2025-12-29,MED033,29,Normal
2025-12-30,MED033,25,Normal
2025-12-31,MED033,33,Normal
2025-01-01,MED034,96,Normal
2025-01-02,MED034,93,Normal
2025-01-03,MED034,85,Normal
2025-01-04,MED034,73,Normal
2025-01-05,MED034,98,Normal
2025-01-06,MED034,99,Normal
2025-01-07,MED034,86,Normal
2025-01-08,MED034,96,Normal
2025-01-09,MED034,97,Normal
2025-01-10,MED034,92,Normal
2025-01-11,MED034,76,Normal
2025-01-12,MED034,85,Normal
2025-01-13,MED034,83,Normal
2025-01-14,MED034,99,Normal
2025-01-15,MED034,91,Normal
2025-01-16,MED034,92,Normal
2025-01-17,MED034,84,Normal
2025-01-18,MED034,69,Normal
2025-01-19,MED034,72,Normal
2025-01-20,MED034,101,Normal
2025-01-21,MED034,102,Normal
2025-01-22,MED034,88,Normal
2025-01-23,MED034,91,Normal
2025-01-24,MED034,94,Normal
2025-01-25,MED034,73,Normal
2025-01-26,MED034,85,Normal
2025-01-27,MED034,93,Normal
2025-01-28,MED034,97,Normal
2025-01-29,MED034,83,Normal
2025-01-30,MED034,95,Normal
2025-01-31,MED034,89,Normal
2025-02-01,MED034,80,Normal
2025-02-02,MED034,80,Normal
2025-02-03,MED034,91,Normal
2025-02-04,MED034,82,Normal
2025-02-05,MED034,91,Normal
2025-02-06,MED034,102,Normal
2025-02-07,MED034,95,Normal
2025-02-08,MED034,110,Normal
2025-02-09,MED034,74,Normal
2025-02-10,MED034,84,Normal
2025-02-11,MED034,130,Normal
2025-02-12,MED034,93,Normal
2025-02-13,MED034,82,Normal
2025-02-14,MED034,89,Normal
2025-02-15,MED034,86,Normal
2025-02-16,MED034,80,Normal
2025-02-17,MED034,85,Normal
2025-02-18,MED034,83,Normal
2025-02-19,MED034,96,Normal
2025-02-20,MED034,93,Normal
2025-02-21,MED034,90,Normal
2025-02-22,MED034,74,Normal
2025-02-23,MED034,78,Normal
2025-02-24,MED034,100,Normal
2025-02-25,MED034,94,Normal
2025-02-26,MED034,93,Normal
2025-02-27,MED034,92,Normal
2025-02-28,MED034,96,Normal
2025-03-01,MED034,78,Normal
2025-03-02,MED034,72,Normal
2025-03-03,MED034,84,Normal
2025-03-04,MED034,98,Normal
2025-03-05,MED034,99,Normal
2025-03-06,MED034,91,Normal
2025-03-07,MED034,94,Normal
2025-03-08,MED034,80,Normal
2025-03-09,MED034,72,Normal
2025-03-10,MED034,88,Normal
2025-03-11,MED034,101,Normal
2025-03-12,MED034,102,Normal
2025-03-13,MED034,96,Normal
2025-03-14,MED034,82,Normal
2025-03-15,MED034,113,Normal
2025-03-16,MED034,73,Normal
2025-03-17,MED034,97,Normal
2025-03-18,MED034,84,Normal
2025-03-19,MED034,89,Normal
2025-03-20,MED034,102,Normal
2025-03-21,MED034,87,Normal
2025-03-22,MED034,85,Normal
2025-03-23,MED034,82,Normal
2025-03-24,MED034,88,Normal
2025-03-25,MED034,86,Normal
2025-03-26,MED034,101,Normal
2025-03-27,MED034,88,Normal
2025-03-28,MED034,86,Normal
2025-03-29,MED034,79,Normal
2025-03-30,MED034,70,Normal
2025-03-31,MED034,99,Normal
2025-04-01,MED034,92,Normal
2025-04-02,MED034,87,Normal
2025-04-03,MED034,96,Normal
2025-04-04,MED034,100,Normal
2025-04-05,MED034,76,Normal
2025-04-06,MED034,82,Normal
2025-04-07,MED034,101,Normal
2025-04-08,MED034,87,Normal
2025-04-09,MED034,99,Normal
2025-04-10,MED034,102,Normal
2025-04-11,MED034,86,Normal
2025-04-12,MED034,102,Normal
2025-04-13,MED034,72,Normal
2025-04-14,MED034,82,Normal
2025-04-15,MED034,101,Normal
2025-04-16,MED034,87,Normal
2025-04-17,MED034,91,Normal
2025-04-18,MED034,91,Normal
2025-04-19,MED034,71,Normal
2025-04-20,MED034,83,Normal
2025-04-21,MED034,141,Normal
2025-04-22,MED034,97,Normal
2025-04-23,MED034,92,Normal
2025-04-24,MED034,92,Normal
2025-04-25,MED034,92,Normal
2025-04-26,MED034,79,Normal
2025-04-27,MED034,81,Normal
2025-04-28,MED034,100,Normal
2025-04-29,MED034,101,Normal
2025-04-30,MED034,99,Normal
2025-05-01,MED034,118,Normal
2025-05-02,MED034,94,Normal
2025-05-03,MED034,75,Normal
2025-05-04,MED034,73,Normal
2025-05-05,MED034,95,Normal
2025-05-06,MED034,86,Normal
2025-05-07,MED034,97,Normal
2025-05-08,MED034,96,Normal
2025-05-09,MED034,84,Normal
2025-05-10,MED034,83,Normal
2025-05-11,MED034,70,Normal
2025-05-12,MED034,94,Normal
2025-05-13,MED034,135,Normal
2025-05-14,MED034,134,Normal
2025-05-15,MED034,99,Normal
2025-05-16,MED034,89,Normal
2025-05-17,MED034,70,Normal
2025-05-18,MED034,78,Normal
2025-05-19,MED034,98,Normal
2025-05-20,MED034,86,Normal
2025-05-21,MED034,84,Normal
2025-05-22,MED034,83,Normal
2025-05-23,MED034,91,Normal
2025-05-24,MED034,73,Normal
2025-05-25,MED034,106,Normal
2025-05-26,MED034,102,Normal
2025-05-27,MED034,97,Normal
2025-05-28,MED034,93,Normal
2025-05-29,MED034,95,Normal
2025-05-30,MED034,86,Normal
2025-05-31,MED034,69,Normal
2025-06-01,MED034,80,Normal
2025-06-02,MED034,82,Normal
2025-06-03,MED034,89,Normal
2025-06-04,MED034,88,Normal
2025-06-05,MED034,93,Normal
2025-06-06,MED034,94,Normal
2025-06-07,MED034,76,Normal
2025-06-08,MED034,71,Normal
2025-06-09,MED034,96,Normal
2025-06-10,MED034,101,Normal
2025-06-11,MED034,100,Normal
2025-06-12,MED034,98,Normal
2025-06-13,MED034,100,Normal
2025-06-14,MED034,85,Normal
2025-06-15,MED034,85,Normal
2025-06-16,MED034,90,Normal
2025-06-17,MED034,101,Normal
2025-06-18,MED034,90,Normal
2025-06-19,MED034,98,Normal
2025-06-20,MED034,100,Normal
2025-06-21,MED034,78,Normal
2025-06-22,MED034,69,Normal
2025-06-23,MED034,101,Normal
2025-06-24,MED034,88,Normal
2025-06-25,MED034,95,Normal
2025-06-26,MED034,95,Normal
2025-06-27,MED034,86,Normal
2025-06-28,MED034,75,Normal
2025-06-29,MED034,76,Normal
2025-06-30,MED034,85,Normal
2025-07-01,MED034,87,Normal
2025-07-02,MED034,100,Normal
2025-07-03,MED034,99,Normal
2025-07-04,MED034,84,Normal
2025-07-05,MED034,72,Normal
2025-07-06,MED034,77,Normal
2025-07-07,MED034,92,Normal
2025-07-08,MED034,114,Normal
2025-07-09,MED034,84,Normal
2025-07-10,MED034,96,Normal
2025-07-11,MED034,87,Normal
2025-07-12,MED034,74,Normal
2025-07-13,MED034,83,Normal
2025-07-14,MED034,91,Normal
2025-07-15,MED034,91,Normal
2025-07-16,MED034,102,Normal
2025-07-17,MED034,94,Normal
2025-07-18,MED034,98,Normal
2025-07-19,MED034,71,Normal
2025-07-20,MED034,83,Normal
2025-07-21,MED034,86,Normal
2025-07-22,MED034,98,Normal
2025-07-23,MED034,102,Normal
2025-07-24,MED034,92,Normal
2025-07-25,MED034,91,Normal
2025-07-26,MED034,116,Normal
2025-07-27,MED034,71,Normal
2025-07-28,MED034,88,Normal
2025-07-29,MED034,90,Normal
2025-07-30,MED034,93,Normal
2025-07-31,MED034,96,Normal
2025-08-01,MED034,100,Normal
2025-08-02,MED034,76,Normal
2025-08-03,MED034,78,Normal
2025-08-04,MED034,96,Normal
2025-08-05,MED034,100,Normal
2025-08-06,MED034,94,Normal
2025-08-07,MED034,99,Normal
2025-08-08,MED034,82,Normal
2025-08-09,MED034,81,Normal
2025-08-10,MED034,79,Normal
2025-08-11,MED034,83,Normal
2025-08-12,MED034,83,Normal
2025-08-13,MED034,86,Normal
2025-08-14,MED034,94,Normal
2025-08-15,MED034,82,Normal
2025-08-16,MED034,78,Normal
2025-08-17,MED034,78,Normal
2025-08-18,MED034,98,Normal
2025-08-19,MED034,90,Normal
2025-08-20,MED034,98,Normal
2025-08-21,MED034,92,Normal
2025-08-22,MED034,93,Normal
2025-08-23,MED034,79,Normal
2025-08-24,MED034,73,Normal
2025-08-25,MED034,95,Normal
2025-08-26,MED034,82,Normal
2025-08-27,MED034,98,Normal
2025-08-28,MED034,98,Normal
2025-08-29,MED034,95,Normal
2025-08-30,MED034,73,Normal
2025-08-31,MED034,70,Normal
2025-09-01,MED034,95,Normal
2025-09-02,MED034,90,Normal
2025-09-03,MED034,86,Normal
2025-09-04,MED034,90,Normal
2025-09-05,MED034,90,Normal
2025-09-06,MED034,83,Normal
2025-09-07,MED034,82,Normal
2025-09-08,MED034,82,Normal
2025-09-09,MED034,88,Normal
2025-09-10,MED034,95,Normal
2025-09-11,MED034,133,Normal
2025-09-12,MED034,89,Normal
2025-09-13,MED034,82,Normal
2025-09-14,MED034,71,Normal
2025-09-15,MED034,89,Normal
2025-09-16,MED034,83,Normal
2025-09-17,MED034,91,Normal
2025-09-18,MED034,90,Normal
2025-09-19,MED034,88,Normal
2025-09-20,MED034,80,Normal
2025-09-21,MED034,70,Normal
2025-09-22,MED034,92,Normal
2025-09-23,MED034,99,Normal
2025-09-24,MED034,99,Normal
2025-09-25,MED034,101,Normal
2025-09-26,MED034,90,Normal
2025-09-27,MED034,74,Normal
2025-09-28,MED034,118,Normal
2025-09-29,MED034,95,Normal
2025-09-30,MED034,101,Normal
2025-10-01,MED034,97,Normal
2025-10-02,MED034,100,Normal
2025-10-03,MED034,86,Normal
2025-10-04,MED034,78,Normal
2025-10-05,MED034,84,Normal
2025-10-06,MED034,88,Normal
2025-10-07,MED034,101,Normal
2025-10-08,MED034,82,Normal
2025-10-09,MED034,83,Normal
2025-10-10,MED034,93,Normal
2025-10-11,MED034,79,Normal
2025-10-12,MED034,82,Normal
2025-10-13,MED034,98,Normal
2025-10-14,MED034,82,Normal
2025-10-15,MED034,97,Normal
2025-10-16,MED034,89,Normal
2025-10-17,MED034,82,Normal
2025-10-18,MED034,85,Normal
2025-10-19,MED034,117,Normal
2025-10-20,MED034,133,Normal
2025-10-21,MED034,101,Normal
2025-10-22,MED034,86,Normal
2025-10-23,MED034,83,Normal
2025-10-24,MED034,84,Normal
2025-10-25,MED034,83,Normal
2025-10-26,MED034,73,Normal
2025-10-27,MED034,90,Normal
2025-10-28,MED034,82,Normal
2025-10-29,MED034,91,Normal
2025-10-30,MED034,89,Normal
2025-10-31,MED034,96,Normal
2025-11-01,MED034,82,Normal
2025-11-02,MED034,80,Normal
2025-11-03,MED034,101,Normal
2025-11-04,MED034,85,Normal
2025-11-05,MED034,84,Normal
2025-11-06,MED034,95,Normal
2025-11-07,MED034,98,Normal
2025-11-08,MED034,103,Normal
2025-11-09,MED034,83,Normal
2025-11-10,MED034,86,Normal
2025-11-11,MED034,92,Normal
2025-11-12,MED034,98,Normal
2025-11-13,MED034,98,Normal
2025-11-14,MED034,90,Normal
2025-11-15,MED034,80,Normal
2025-11-16,MED034,86,Normal
2025-11-17,MED034,87,Normal
2025-11-18,MED034,133,Normal
2025-11-19,MED034,102,Normal
2025-11-20,MED034,99,Normal
2025-11-21,MED034,101,Normal
2025-11-22,MED034,73,Normal
2025-11-23,MED034,82,Normal
2025-11-24,MED034,98,Normal
2025-11-25,MED034,96,Normal
2025-11-26,MED034,82,Normal
2025-11-27,MED034,87,Normal
2025-11-28,MED034,88,Normal
2025-11-29,MED034,86,Normal
2025-11-30,MED034,71,Normal
2025-12-01,MED034,98,Normal
2025-12-02,MED034,84,Normal
2025-12-03,MED034,98,Normal
2025-12-04,MED034,86,Normal
2025-12-05,MED034,93,Normal
2025-12-06,MED034,85,Normal
2025-12-07,MED034,85,Normal
2025-12-08,MED034,82,Normal
2025-12-09,MED034,86,Normal
2025-12-10,MED034,96,Normal
2025-12-11,MED034,89,Normal
2025-12-12,MED034,85,Normal
2025-12-13,MED034,83,Normal
2025-12-14,MED034,69,Normal
2025-12-15,MED034,87,Normal
2025-12-16,MED034,100,Normal
2025-12-17,MED034,95,Normal
2025-12-18,MED034,90,Normal
2025-12-19,MED034,99,Normal
2025-12-20,MED034,81,Normal
2025-12-21,MED034,84,Normal
2025-12-22,MED034,96,Normal
2025-12-23,MED034,100,Normal
2025-12-24,MED034,90,Normal
2025-12-25,MED034,96,Normal
2025-12-26,MED034,92,Normal
2025-12-27,MED034,85,Normal
2025-12-28,MED034,84,Normal
2025-12-29,MED034,83,Normal
2025-12-30,MED034,88,Normal
2025-12-31,MED034,84,Normal
2025-01-01,MED035,28,Normal
2025-01-02,MED035,19,Normal
2025-01-03,MED035,27,Normal
2025-01-04,MED035,31,Normal
2025-01-05,MED035,32,Normal
2025-01-06,MED035,30,Normal
2025-01-07,MED035,24,Normal
2025-01-08,MED035,35,Normal
2025-01-09,MED035,31,Normal
2025-01-10,MED035,18,Normal
2025-01-11,MED035,15,Normal
2025-01-12,MED035,25,Normal
2025-01-13,MED035,25,Normal
2025-01-14,MED035,21,Normal
2025-01-15,MED035,38,Normal
2025-01-16,MED035,51,Normal
2025-01-17,MED035,28,Normal
2025-01-18,MED035,29,Normal
2025-01-19,MED035,29,Normal
2025-01-20,MED035,36,Normal
2025-01-21,MED035,35,Normal
2025-01-22,MED035,30,Normal
2025-01-23,MED035,21,Normal
2025-01-24,MED035,22,Normal
2025-01-25,MED035,15,Normal
2025-01-26,MED035,39,Normal
2025-01-27,MED035,30,Normal
2025-01-28,MED035,51,Normal
2025-01-29,MED035,29,Normal
2025-01-30,MED035,36,Normal
2025-01-31,MED035,33,Normal
2025-02-01,MED035,30,Normal
2025-02-02,MED035,25,Normal
2025-02-03,MED035,25,Normal
2025-02-04,MED035,34,Normal
2025-02-05,MED035,31,Normal
2025-02-06,MED035,37,Normal
2025-02-07,MED035,19,Normal
2025-02-08,MED035,32,Normal
2025-02-09,MED035,28,Normal
2025-02-10,MED035,34,Normal
2025-02-11,MED035,34,Normal
2025-02-12,MED035,25,Normal
2025-02-13,MED035,24,Normal
2025-02-14,MED035,44,Normal
2025-02-15,MED035,28,Normal
2025-02-16,MED035,17,Normal
2025-02-17,MED035,24,Normal
2025-02-18,MED035,28,Normal
2025-02-19,MED035,19,Normal
2025-02-20,MED035,28,Normal
2025-02-21,MED035,19,Normal
2025-02-22,MED035,32,Normal
2025-02-23,MED035,28,Normal
2025-02-24,MED035,25,Normal
2025-02-25,MED035,26,Normal
2025-02-26,MED035,27,Normal
2025-02-27,MED035,34,Normal
2025-02-28,MED035,21,Normal
2025-03-01,MED035,22,Normal
2025-03-02,MED035,28,Normal
2025-03-03,MED035,38,Normal
2025-03-04,MED035,21,Normal
2025-03-05,MED035,25,Normal
2025-03-06,MED035,28,Normal
2025-03-07,MED035,24,Normal
2025-03-08,MED035,27,Normal
2025-03-09,MED035,32,Normal
2025-03-10,MED035,35,Normal
2025-03-11,MED035,19,Normal
2025-03-12,MED035,32,Normal
2025-03-13,MED035,32,Normal
2025-03-14,MED035,35,Normal
2025-03-15,MED035,18,Normal
2025-03-16,MED035,22,Normal
2025-03-17,MED035,38,Normal
2025-03-18,MED035,31,Normal
2025-03-19,MED035,26,Normal
2025-03-20,MED035,33,Normal
2025-03-21,MED035,37,Normal
2025-03-22,MED035,21,Normal
2025-03-23,MED035,26,Normal
2025-03-24,MED035,31,Normal
2025-03-25,MED035,18,Normal
2025-03-26,MED035,24,Normal
2025-03-27,MED035,37,Normal
2025-03-28,MED035,24,Normal
2025-03-29,MED035,28,Normal
2025-03-30,MED035,17,Normal
2025-03-31,MED035,33,Normal
2025-04-01,MED035,23,Normal
2025-04-02,MED035,22,Normal
2025-04-03,MED035,25,Normal
2025-04-04,MED035,30,Normal
2025-04-05,MED035,20,Normal
2025-04-06,MED035,18,Normal
2025-04-07,MED035,20,Normal
2025-04-08,MED035,29,Normal
2025-04-09,MED035,27,Normal
2025-04-10,MED035,25,Normal
2025-04-11,MED035,27,Normal
2025-04-12,MED035,24,Normal
2025-04-13,MED035,24,Normal
2025-04-14,MED035,26,Normal
2025-04-15,MED035,36,Normal
2025-04-16,MED035,42,Normal
2025-04-17,MED035,32,Normal
2025-04-18,MED035,27,Normal
2025-04-19,MED035,25,Normal
2025-04-20,MED035,22,Normal
2025-04-21,MED035,21,Normal
2025-04-22,MED035,38,Normal
2025-04-23,MED035,35,Normal
2025-04-24,MED035,20,Normal
2025-04-25,MED035,33,Normal
2025-04-26,MED035,31,Normal
2025-04-27,MED035,17,Normal
2025-04-28,MED035,39,Normal
2025-04-29,MED035,23,Normal
2025-04-30,MED035,20,Normal
2025-05-01,MED035,21,Normal
2025-05-02,MED035,35,Normal
2025-05-03,MED035,22,Normal
2025-05-04,MED035,17,Normal
2025-05-05,MED035,27,Normal
2025-05-06,MED035,33,Normal
2025-05-07,MED035,19,Normal
2025-05-08,MED035,26,Normal
2025-05-09,MED035,24,Normal
2025-05-10,MED035,27,Normal
2025-05-11,MED035,18,Normal
2025-05-12,MED035,22,Normal
2025-05-13,MED035,27,Normal
2025-05-14,MED035,25,Normal
2025-05-15,MED035,18,Normal
2025-05-16,MED035,31,Normal
2025-05-17,MED035,32,Normal
2025-05-18,MED035,15,Normal
2025-05-19,MED035,38,Normal
2025-05-20,MED035,23,Normal
2025-05-21,MED035,24,Normal
2025-05-22,MED035,32,Normal
2025-05-23,MED035,37,Normal
2025-05-24,MED035,26,Normal
2025-05-25,MED035,23,Normal
2025-05-26,MED035,28,Normal
2025-05-27,MED035,25,Normal
2025-05-28,MED035,19,Normal
2025-05-29,MED035,22,Normal
2025-05-30,MED035,25,Normal
2025-05-31,MED035,30,Normal
2025-06-01,MED035,17,Normal
2025-06-02,MED035,24,Normal
2025-06-03,MED035,31,Normal
2025-06-04,MED035,31,Normal
2025-06-05,MED035,37,Normal
2025-06-06,MED035,21,Normal
2025-06-07,MED035,27,Normal
2025-06-08,MED035,23,Normal
2025-06-09,MED035,27,Normal
2025-06-10,MED035,30,Normal
2025-06-11,MED035,37,Normal
2025-06-12,MED035,23,Normal
2025-06-13,MED035,29,Normal
2025-06-14,MED035,22,Normal
2025-06-15,MED035,24,Normal
2025-06-16,MED035,27,Normal
2025-06-17,MED035,30,Normal
2025-06-18,MED035,21,Normal
2025-06-19,MED035,25,Normal
2025-06-20,MED035,22,Normal
2025-06-21,MED035,17,Normal
2025-06-22,MED035,24,Normal
2025-06-23,MED035,38,Normal
2025-06-24,MED035,37,Normal
2025-06-25,MED035,29,Normal
2025-06-26,MED035,23,Normal
2025-06-27,MED035,33,Normal
2025-06-28,MED035,25,Normal
2025-06-29,MED035,22,Normal
2025-06-30,MED035,27,Normal
2025-07-01,MED035,18,Normal
2025-07-02,MED035,35,Normal
2025-07-03,MED035,23,Normal
2025-07-04,MED035,28,Normal
2025-07-05,MED035,20,Normal
2025-07-06,MED035,22,Normal
2025-07-07,MED035,26,Normal
2025-07-08,MED035,30,Normal
2025-07-09,MED035,23,Normal
2025-07-10,MED035,35,Normal
2025-07-11,MED035,18,Normal
2025-07-12,MED035,21,Normal
2025-07-13,MED035,17,Normal
2025-07-14,MED035,29,Normal
2025-07-15,MED035,20,Normal
2025-07-16,MED035,33,Normal
2025-07-17,MED035,24,Normal
2025-07-18,MED035,20,Normal
2025-07-19,MED035,30,Normal
2025-07-20,MED035,28,Normal
2025-07-21,MED035,28,Normal
2025-07-22,MED035,22,Normal
2025-07-23,MED035,18,Normal
2025-07-24,MED035,36,Normal
2025-07-25,MED035,25,Normal
2025-07-26,MED035,32,Normal
2025-07-27,MED035,17,Normal
2025-07-28,MED035,19,Normal
2025-07-29,MED035,29,Normal
2025-07-30,MED035,19,Normal
2025-07-31,MED035,35,Normal
2025-08-01,MED035,25,Normal
2025-08-02,MED035,20,Normal
2025-08-03,MED035,23,Normal
2025-08-04,MED035,20,Normal
2025-08-05,MED035,31,Normal
2025-08-06,MED035,31,Normal
2025-08-07,MED035,21,Normal
2025-08-08,MED035,18,Normal
2025-08-09,MED035,29,Normal
2025-08-10,MED035,27,Normal
2025-08-11,MED035,37,Normal
2025-08-12,MED035,38,Normal
2025-08-13,MED035,31,Normal
2025-08-14,MED035,28,Normal
2025-08-15,MED035,19,Normal
2025-08-16,MED035,29,Normal
2025-08-17,MED035,15,Normal
2025-08-18,MED035,31,Normal
2025-08-19,MED035,24,Normal
2025-08-20,MED035,20,Normal
2025-08-21,MED035,26,Normal
2025-08-22,MED035,33,Normal
2025-08-23,MED035,16,Normal
2025-08-24,MED035,20,Normal
2025-08-25,MED035,34,Normal
2025-08-26,MED035,28,Normal
2025-08-27,MED035,28,Normal
2025-08-28,MED035,18,Normal
2025-08-29,MED035,22,Normal
2025-08-30,MED035,17,Normal
2025-08-31,MED035,25,Normal
2025-09-01,MED035,31,Normal
2025-09-02,MED035,21,Normal
2025-09-03,MED035,26,Normal
2025-09-04,MED035,36,Normal
2025-09-05,MED035,18,Normal
2025-09-06,MED035,25,Normal
2025-09-07,MED035,21,Normal
2025-09-08,MED035,34,Normal
2025-09-09,MED035,22,Normal
2025-09-10,MED035,36,Normal
2025-09-11,MED035,28,Normal
2025-09-12,MED035,36,Normal
2025-09-13,MED035,26,Normal
2025-09-14,MED035,25,Normal
2025-09-15,MED035,18,Normal
2025-09-16,MED035,37,Normal
2025-09-17,MED035,20,Normal
2025-09-18,MED035,24,Normal
2025-09-19,MED035,27,Normal
2025-09-20,MED035,30,Normal
2025-09-21,MED035,21,Normal
2025-09-22,MED035,29,Normal
2025-09-23,MED035,30,Normal
2025-09-24,MED035,21,Normal
2025-09-25,MED035,23,Normal
2025-09-26,MED035,37,Normal
2025-09-27,MED035,26,Normal
2025-09-28,MED035,23,Normal
2025-09-29,MED035,27,Normal
2025-09-30,MED035,30,Normal
2025-10-01,MED035,27,Normal
2025-10-02,MED035,31,Normal
2025-10-03,MED035,23,Normal
2025-10-04,MED035,28,Normal
2025-10-05,MED035,20,Normal
2025-10-06,MED035,19,Normal
2025-10-07,MED035,36,Normal
2025-10-08,MED035,25,Normal
2025-10-09,MED035,32,Normal
2025-10-10,MED035,33,Normal
2025-10-11,MED035,21,Normal
2025-10-12,MED035,30,Normal
2025-10-13,MED035,38,Normal
2025-10-14,MED035,37,Normal
2025-10-15,MED035,25,Normal
2025-10-16,MED035,20,Normal
2025-10-17,MED035,23,Normal
2025-10-18,MED035,25,Normal
2025-10-19,MED035,23,Normal
2025-10-20,MED035,20,Normal
2025-10-21,MED035,30,Normal
2025-10-22,MED035,29,Normal
2025-10-23,MED035,38,Normal
2025-10-24,MED035,37,Normal
2025-10-25,MED035,26,Normal
2025-10-26,MED035,22,Normal
2025-10-27,MED035,29,Normal
2025-10-28,MED035,30,Normal
2025-10-29,MED035,29,Normal
2025-10-30,MED035,32,Normal
2025-10-31,MED035,26,Normal
2025-11-01,MED035,25,Normal
2025-11-02,MED035,23,Normal
2025-11-03,MED035,28,Normal
2025-11-04,MED035,36,Normal
2025-11-05,MED035,31,Normal
2025-11-06,MED035,38,Normal
2025-11-07,MED035,36,Normal
2025-11-08,MED035,23,Normal
2025-11-09,MED035,18,Normal
2025-11-10,MED035,30,Normal
2025-11-11,MED035,36,Normal
2025-11-12,MED035,21,Normal
2025-11-13,MED035,20,Normal
2025-11-14,MED035,32,Normal
2025-11-15,MED035,26,Normal
2025-11-16,MED035,32,Normal
2025-11-17,MED035,25,Normal
2025-11-18,MED035,24,Normal
2025-11-19,MED035,27,Normal
2025-11-20,MED035,28,Normal
2025-11-21,MED035,31,Normal
2025-11-22,MED035,42,Normal
2025-11-23,MED035,17,Normal
2025-11-24,MED035,35,Normal
2025-11-25,MED035,36,Normal
2025-11-26,MED035,38,Normal
2025-11-27,MED035,37,Normal
2025-11-28,MED035,35,Normal
2025-11-29,MED035,17,Normal
2025-11-30,MED035,24,Normal
2025-12-01,MED035,34,Normal
2025-12-02,MED035,30,Normal
2025-12-03,MED035,34,Normal
2025-12-04,MED035,32,Normal
2025-12-05,MED035,35,Normal
2025-12-06,MED035,20,Normal
2025-12-07,MED035,25,Normal
2025-12-08,MED035,23,Normal
2025-12-09,MED035,18,Normal
2025-12-10,MED035,26,Normal
2025-12-11,MED035,31,Normal
2025-12-12,MED035,35,Normal
2025-12-13,MED035,15,Normal
2025-12-14,MED035,18,Normal
2025-12-15,MED035,26,Normal
2025-12-16,MED035,21,Normal
2025-12-17,MED035,21,Normal
2025-12-18,MED035,30,Normal
2025-12-19,MED035,36,Normal
2025-12-20,MED035,27,Normal
2025-12-21,MED035,23,Normal
2025-12-22,MED035,22,Normal
2025-12-23,MED035,38,Normal
2025-12-24,MED035,27,Normal
2025-12-25,MED035,30,Normal
2025-12-26,MED035,24,Normal
2025-12-27,MED035,27,Normal
2025-12-28,MED035,30,Normal
2025-12-29,MED035,36,Normal
2025-12-30,MED035,37,Normal
2025-12-31,MED035,30,Normal
2025-01-01,MED036,59,Normal
2025-01-02,MED036,45,Normal
2025-01-03,MED036,46,Normal
2025-01-04,MED036,47,Normal
2025-01-05,MED036,46,Normal
2025-01-06,MED036,61,Normal
2025-01-07,MED036,62,Normal
2025-01-08,MED036,43,Normal
2025-01-09,MED036,60,Normal
2025-01-10,MED036,53,Normal
2025-01-11,MED036,54,Normal
2025-01-12,MED036,46,Normal
2025-01-13,MED036,54,Normal
2025-01-14,MED036,85,Normal
2025-01-15,MED036,55,Normal
2025-01-16,MED036,50,Normal
2025-01-17,MED036,51,Normal
2025-01-18,MED036,37,Normal
2025-01-19,MED036,38,Normal
2025-01-20,MED036,50,Normal
2025-01-21,MED036,51,Normal
2025-01-22,MED036,56,Normal
2025-01-23,MED036,49,Normal
2025-01-24,MED036,51,Normal
2025-01-25,MED036,39,Normal
2025-01-26,MED036,51,Normal
2025-01-27,MED036,51,Normal
2025-01-28,MED036,44,Normal
2025-01-29,MED036,56,Normal
2025-01-30,MED036,68,Normal
2025-01-31,MED036,51,Normal
2025-02-01,MED036,38,Normal
2025-02-02,MED036,36,Normal
2025-02-03,MED036,61,Normal
2025-02-04,MED036,61,Normal
2025-02-05,MED036,45,Normal
2025-02-06,MED036,44,Normal
2025-02-07,MED036,63,Normal
2025-02-08,MED036,40,Normal
2025-02-09,MED036,37,Normal
2025-02-10,MED036,60,Normal
2025-02-11,MED036,56,Normal
2025-02-12,MED036,46,Normal
2025-02-13,MED036,60,Normal
2025-02-14,MED036,45,Normal
2025-02-15,MED036,72,Normal
2025-02-16,MED036,44,Normal
2025-02-17,MED036,49,Normal
2025-02-18,MED036,53,Normal
2025-02-19,MED036,51,Normal
2025-02-20,MED036,44,Normal
2025-02-21,MED036,49,Normal
2025-02-22,MED036,37,Normal
2025-02-23,MED036,51,Normal
2025-02-24,MED036,46,Normal
2025-02-25,MED036,61,Normal
2025-02-26,MED036,60,Normal
2025-02-27,MED036,45,Normal
2025-02-28,MED036,58,Normal
2025-03-01,MED036,38,Normal
2025-03-02,MED036,39,Normal
2025-03-03,MED036,47,Normal
2025-03-04,MED036,46,Normal
2025-03-05,MED036,52,Normal
2025-03-06,MED036,43,Normal
2025-03-07,MED036,52,Normal
2025-03-08,MED036,36,Normal
2025-03-09,MED036,50,Normal
2025-03-10,MED036,63,Normal
2025-03-11,MED036,45,Normal
2025-03-12,MED036,60,Normal
2025-03-13,MED036,63,Normal
2025-03-14,MED036,47,Normal
2025-03-15,MED036,38,Normal
2025-03-16,MED036,52,Normal
2025-03-17,MED036,56,Normal
2025-03-18,MED036,59,Normal
2025-03-19,MED036,55,Normal
2025-03-20,MED036,56,Normal
2025-03-21,MED036,45,Normal
2025-03-22,MED036,53,Normal
2025-03-23,MED036,53,Normal
2025-03-24,MED036,62,Normal
2025-03-25,MED036,55,Normal
2025-03-26,MED036,61,Normal
2025-03-27,MED036,48,Normal
2025-03-28,MED036,47,Normal
2025-03-29,MED036,44,Normal
2025-03-30,MED036,38,Normal
2025-03-31,MED036,45,Normal
2025-04-01,MED036,49,Normal
2025-04-02,MED036,56,Normal
2025-04-03,MED036,56,Normal
2025-04-04,MED036,48,Normal
2025-04-05,MED036,47,Normal
2025-04-06,MED036,45,Normal
2025-04-07,MED036,53,Normal
2025-04-08,MED036,63,Normal
2025-04-09,MED036,52,Normal
2025-04-10,MED036,43,Normal
2025-04-11,MED036,54,Normal
2025-04-12,MED036,38,Normal
2025-04-13,MED036,48,Normal
2025-04-14,MED036,62,Normal
2025-04-15,MED036,51,Normal
2025-04-16,MED036,54,Normal
2025-04-17,MED036,62,Normal
2025-04-18,MED036,61,Normal
2025-04-19,MED036,52,Normal
2025-04-20,MED036,51,Normal
2025-04-21,MED036,46,Normal
2025-04-22,MED036,63,Normal
2025-04-23,MED036,53,Normal
2025-04-24,MED036,54,Normal
2025-04-25,MED036,55,Normal
2025-04-26,MED036,45,Normal
2025-04-27,MED036,44,Normal
2025-04-28,MED036,48,Normal
2025-04-29,MED036,45,Normal
2025-04-30,MED036,55,Normal
2025-05-01,MED036,63,Normal
2025-05-02,MED036,75,Normal
2025-05-03,MED036,46,Normal
2025-05-04,MED036,68,Normal
2025-05-05,MED036,44,Normal
2025-05-06,MED036,63,Normal
2025-05-07,MED036,46,Normal
2025-05-08,MED036,43,Normal
2025-05-09,MED036,55,Normal
2025-05-10,MED036,47,Normal
2025-05-11,MED036,60,Normal
2025-05-12,MED036,59,Normal
2025-05-13,MED036,46,Normal
2025-05-14,MED036,43,Normal
2025-05-15,MED036,56,Normal
2025-05-16,MED036,62,Normal
2025-05-17,MED036,43,Normal
2025-05-18,MED036,39,Normal
2025-05-19,MED036,60,Normal
2025-05-20,MED036,58,Normal
2025-05-21,MED036,49,Normal
2025-05-22,MED036,46,Normal
2025-05-23,MED036,48,Normal
2025-05-24,MED036,39,Normal
2025-05-25,MED036,40,Normal
2025-05-26,MED036,47,Normal
2025-05-27,MED036,60,Normal
2025-05-28,MED036,53,Normal
2025-05-29,MED036,59,Normal
2025-05-30,MED036,62,Normal
2025-05-31,MED036,61,Normal
2025-06-01,MED036,43,Normal
2025-06-02,MED036,60,Normal
2025-06-03,MED036,62,Normal
2025-06-04,MED036,50,Normal
2025-06-05,MED036,46,Normal
2025-06-06,MED036,50,Normal
2025-06-07,MED036,36,Normal
2025-06-08,MED036,45,Normal
2025-06-09,MED036,57,Normal
2025-06-10,MED036,48,Normal
2025-06-11,MED036,59,Normal
2025-06-12,MED036,43,Normal
2025-06-13,MED036,56,Normal
2025-06-14,MED036,53,Normal
2025-06-15,MED036,45,Normal
2025-06-16,MED036,60,Normal
2025-06-17,MED036,62,Normal
2025-06-18,MED036,59,Normal
2025-06-19,MED036,47,Normal
2025-06-20,MED036,43,Normal
2025-06-21,MED036,36,Normal
2025-06-22,MED036,39,Normal
2025-06-23,MED036,53,Normal
2025-06-24,MED036,45,Normal
2025-06-25,MED036,47,Normal
2025-06-26,MED036,59,Normal
2025-06-27,MED036,46,Normal
2025-06-28,MED036,43,Normal
2025-06-29,MED036,51,Normal
2025-06-30,MED036,57,Normal
2025-07-01,MED036,63,Normal
2025-07-02,MED036,44,Normal
2025-07-03,MED036,63,Normal
2025-07-04,MED036,60,Normal
2025-07-05,MED036,58,Normal
2025-07-06,MED036,42,Normal
2025-07-07,MED036,58,Normal
2025-07-08,MED036,60,Normal
2025-07-09,MED036,43,Normal
2025-07-10,MED036,50,Normal
2025-07-11,MED036,61,Normal
2025-07-12,MED036,39,Normal
2025-07-13,MED036,52,Normal
2025-07-14,MED036,57,Normal
2025-07-15,MED036,50,Normal
2025-07-16,MED036,55,Normal
2025-07-17,MED036,43,Normal
2025-07-18,MED036,53,Normal
2025-07-19,MED036,45,Normal
2025-07-20,MED036,45,Normal
2025-07-21,MED036,52,Normal
2025-07-22,MED036,43,Normal
2025-07-23,MED036,51,Normal
2025-07-24,MED036,43,Normal
2025-07-25,MED036,62,Normal
2025-07-26,MED036,51,Normal
2025-07-27,MED036,44,Normal
2025-07-28,MED036,47,Normal
2025-07-29,MED036,60,Normal
2025-07-30,MED036,55,Normal
2025-07-31,MED036,44,Normal
2025-08-01,MED036,56,Normal
2025-08-02,MED036,42,Normal
2025-08-03,MED036,43,Normal
2025-08-04,MED036,44,Normal
2025-08-05,MED036,53,Normal
2025-08-06,MED036,56,Normal
2025-08-07,MED036,50,Normal
2025-08-08,MED036,60,Normal
2025-08-09,MED036,51,Normal
2025-08-10,MED036,37,Normal
2025-08-11,MED036,50,Normal
2025-08-12,MED036,59,Normal
2025-08-13,MED036,58,Normal
2025-08-14,MED036,62,Normal
2025-08-15,MED036,63,Normal
2025-08-16,MED036,46,Normal
2025-08-17,MED036,44,Normal
2025-08-18,MED036,58,Normal
2025-08-19,MED036,48,Normal
2025-08-20,MED036,43,Normal
2025-08-21,MED036,48,Normal
2025-08-22,MED036,47,Normal
2025-08-23,MED036,40,Normal
2025-08-24,MED036,70,Normal
2025-08-25,MED036,44,Normal
2025-08-26,MED036,57,Normal
2025-08-27,MED036,52,Normal
2025-08-28,MED036,53,Normal
2025-08-29,MED036,55,Normal
2025-08-30,MED036,45,Normal
2025-08-31,MED036,45,Normal
2025-09-01,MED036,61,Normal
2025-09-02,MED036,55,Normal
2025-09-03,MED036,58,Normal
2025-09-04,MED036,77,Normal
2025-09-05,MED036,51,Normal
2025-09-06,MED036,48,Normal
2025-09-07,MED036,41,Normal
2025-09-08,MED036,47,Normal
2025-09-09,MED036,53,Normal
2025-09-10,MED036,52,Normal
2025-09-11,MED036,50,Normal
2025-09-12,MED036,53,Normal
2025-09-13,MED036,39,Normal
2025-09-14,MED036,58,Normal
2025-09-15,MED036,43,Normal
2025-09-16,MED036,47,Normal
2025-09-17,MED036,55,Normal
2025-09-18,MED036,62,Normal
2025-09-19,MED036,57,Normal
2025-09-20,MED036,49,Normal
2025-09-21,MED036,40,Normal
2025-09-22,MED036,65,Normal
2025-09-23,MED036,45,Normal
2025-09-24,MED036,60,Normal
2025-09-25,MED036,48,Normal
2025-09-26,MED036,54,Normal
2025-09-27,MED036,51,Normal
2025-09-28,MED036,46,Normal
2025-09-29,MED036,49,Normal
2025-09-30,MED036,43,Normal
2025-10-01,MED036,47,Normal
2025-10-02,MED036,44,Normal
2025-10-03,MED036,46,Normal
2025-10-04,MED036,51,Normal
2025-10-05,MED036,37,Normal
2025-10-06,MED036,75,Normal
2025-10-07,MED036,65,Normal
2025-10-08,MED036,46,Normal
2025-10-09,MED036,44,Normal
2025-10-10,MED036,50,Normal
2025-10-11,MED036,41,Normal
2025-10-12,MED036,42,Normal
2025-10-13,MED036,58,Normal
2025-10-14,MED036,61,Normal
2025-10-15,MED036,88,Normal
2025-10-16,MED036,61,Normal
2025-10-17,MED036,56,Normal
2025-10-18,MED036,39,Normal
2025-10-19,MED036,45,Normal
2025-10-20,MED036,51,Normal
2025-10-21,MED036,45,Normal
2025-10-22,MED036,54,Normal
2025-10-23,MED036,62,Normal
2025-10-24,MED036,57,Normal
2025-10-25,MED036,52,Normal
2025-10-26,MED036,39,Normal
2025-10-27,MED036,52,Normal
2025-10-28,MED036,54,Normal
2025-10-29,MED036,49,Normal
2025-10-30,MED036,50,Normal
2025-10-31,MED036,55,Normal
2025-11-01,MED036,48,Normal
2025-11-02,MED036,51,Normal
2025-11-03,MED036,52,Normal
2025-11-04,MED036,52,Normal
2025-11-05,MED036,52,Normal
2025-11-06,MED036,79,Normal
2025-11-07,MED036,46,Normal
2025-11-08,MED036,45,Normal
2025-11-09,MED036,52,Normal
2025-11-10,MED036,46,Normal
2025-11-11,MED036,57,Normal
2025-11-12,MED036,56,Normal
2025-11-13,MED036,56,Normal
2025-11-14,MED036,54,Normal
2025-11-15,MED036,49,Normal
2025-11-16,MED036,47,Normal
2025-11-17,MED036,43,Normal
2025-11-18,MED036,48,Normal
2025-11-19,MED036,63,Normal
2025-11-20,MED036,60,Normal
2025-11-21,MED036,45,Normal
2025-11-22,MED036,52,Normal
2025-11-23,MED036,39,Normal
2025-11-24,MED036,46,Normal
2025-11-25,MED036,63,Normal
2025-11-26,MED036,79,Normal
2025-11-27,MED036,63,Normal
2025-11-28,MED036,63,Normal
2025-11-29,MED036,45,Normal
2025-11-30,MED036,39,Normal
2025-12-01,MED036,58,Normal
2025-12-02,MED036,54,Normal
2025-12-03,MED036,45,Normal
2025-12-04,MED036,55,Normal
2025-12-05,MED036,59,Normal
2025-12-06,MED036,53,Normal
2025-12-07,MED036,47,Normal
2025-12-08,MED036,58,Normal
2025-12-09,MED036,52,Normal
2025-12-10,MED036,62,Normal
2025-12-11,MED036,60,Normal
2025-12-12,MED036,50,Normal
2025-12-13,MED036,45,Normal
2025-12-14,MED036,42,Normal
2025-12-15,MED036,60,Normal
2025-12-16,MED036,47,Normal
2025-12-17,MED036,45,Normal
2025-12-18,MED036,51,Normal
2025-12-19,MED036,62,Normal
2025-12-20,MED036,50,Normal
2025-12-21,MED036,46,Normal
2025-12-22,MED036,47,Normal
2025-12-23,MED036,60,Normal
2025-12-24,MED036,46,Normal
2025-12-25,MED036,60,Normal
2025-12-26,MED036,58,Normal
2025-12-27,MED036,51,Normal
2025-12-28,MED036,45,Normal
2025-12-29,MED036,59,Normal
2025-12-30,MED036,46,Normal
2025-12-31,MED036,51,Normal
2025-01-01,MED037,25,Normal
2025-01-02,MED037,18,Normal
2025-01-03,MED037,25,Normal
2025-01-04,MED037,22,Normal
2025-01-05,MED037,17,Normal
2025-01-06,MED037,24,Normal
2025-01-07,MED037,17,Normal
2025-01-08,MED037,21,Normal
2025-01-09,MED037,24,Normal
2025-01-10,MED037,20,Normal
2025-01-11,MED037,20,Normal
2025-01-12,MED037,19,Normal
2025-01-13,MED037,25,Normal
2025-01-14,MED037,26,Normal
2025-01-15,MED037,27,Normal
2025-01-16,MED037,31,Normal
2025-01-17,MED037,18,Normal
2025-01-18,MED037,26,Normal
2025-01-19,MED037,20,Normal
2025-01-20,MED037,13,Normal
2025-01-21,MED037,33,Normal
2025-01-22,MED037,13,Normal
2025-01-23,MED037,31,Normal
2025-01-24,MED037,31,Normal
2025-01-25,MED037,21,Normal
2025-01-26,MED037,19,Normal
2025-01-27,MED037,17,Normal
2025-01-28,MED037,14,Normal
2025-01-29,MED037,17,Normal
2025-01-30,MED037,26,Normal
2025-01-31,MED037,18,Normal
2025-02-01,MED037,17,Normal
2025-02-02,MED037,11,Normal
2025-02-03,MED037,31,Normal
2025-02-04,MED037,21,Normal
2025-02-05,MED037,21,Normal
2025-02-06,MED037,15,Normal
2025-02-07,MED037,16,Normal
2025-02-08,MED037,20,Normal
2025-02-09,MED037,15,Normal
2025-02-10,MED037,19,Normal
2025-02-11,MED037,28,Normal
2025-02-12,MED037,13,Normal
2025-02-13,MED037,24,Normal
2025-02-14,MED037,31,Normal
2025-02-15,MED037,14,Normal
2025-02-16,MED037,24,Normal
2025-02-17,MED037,33,Normal
2025-02-18,MED037,13,Normal
2025-02-19,MED037,33,Normal
2025-02-20,MED037,17,Normal
2025-02-21,MED037,27,Normal
2025-02-22,MED037,14,Normal
2025-02-23,MED037,16,Normal
2025-02-24,MED037,17,Normal
2025-02-25,MED037,31,Normal
2025-02-26,MED037,21,Normal
2025-02-27,MED037,25,Normal
2025-02-28,MED037,37,Normal
2025-03-01,MED037,16,Normal
2025-03-02,MED037,17,Normal
2025-03-03,MED037,29,Normal
2025-03-04,MED037,13,Normal
2025-03-05,MED037,17,Normal
2025-03-06,MED037,23,Normal
2025-03-07,MED037,14,Normal
2025-03-08,MED037,24,Normal
2025-03-09,MED037,17,Normal
2025-03-10,MED037,21,Normal
2025-03-11,MED037,30,Normal
2025-03-12,MED037,19,Normal
2025-03-13,MED037,27,Normal
2025-03-14,MED037,35,Normal
2025-03-15,MED037,24,Normal
2025-03-16,MED037,25,Normal
2025-03-17,MED037,28,Normal
2025-03-18,MED037,33,Normal
2025-03-19,MED037,19,Normal
2025-03-20,MED037,23,Normal
2025-03-21,MED037,21,Normal
2025-03-22,MED037,18,Normal
2025-03-23,MED037,27,Normal
2025-03-24,MED037,30,Normal
2025-03-25,MED037,26,Normal
2025-03-26,MED037,14,Normal
2025-03-27,MED037,19,Normal
2025-03-28,MED037,32,Normal
2025-03-29,MED037,12,Normal
2025-03-30,MED037,16,Normal
2025-03-31,MED037,33,Normal
2025-04-01,MED037,13,Normal
2025-04-02,MED037,23,Normal
2025-04-03,MED037,16,Normal
2025-04-04,MED037,29,Normal
2025-04-05,MED037,28,Normal
2025-04-06,MED037,11,Normal
2025-04-07,MED037,29,Normal
2025-04-08,MED037,31,Normal
2025-04-09,MED037,14,Normal
2025-04-10,MED037,33,Normal
2025-04-11,MED037,22,Normal
2025-04-12,MED037,17,Normal
2025-04-13,MED037,21,Normal
2025-04-14,MED037,29,Normal
2025-04-15,MED037,19,Normal
2025-04-16,MED037,19,Normal
2025-04-17,MED037,33,Normal
2025-04-18,MED037,29,Normal
2025-04-19,MED037,23,Normal
2025-04-20,MED037,19,Normal
2025-04-21,MED037,14,Normal
2025-04-22,MED037,32,Normal
2025-04-23,MED037,16,Normal
2025-04-24,MED037,29,Normal
2025-04-25,MED037,25,Normal
2025-04-26,MED037,13,Normal
2025-04-27,MED037,22,Normal
2025-04-28,MED037,14,Normal
2025-04-29,MED037,44,Normal
2025-04-30,MED037,27,Normal
2025-05-01,MED037,16,Normal
2025-05-02,MED037,32,Normal
2025-05-03,MED037,25,Normal
2025-05-04,MED037,16,Normal
2025-05-05,MED037,16,Normal
2025-05-06,MED037,16,Normal
2025-05-07,MED037,25,Normal
2025-05-08,MED037,29,Normal
2025-05-09,MED037,16,Normal
2025-05-10,MED037,26,Normal
2025-05-11,MED037,21,Normal
2025-05-12,MED037,31,Normal
2025-05-13,MED037,29,Normal
2025-05-14,MED037,19,Normal
2025-05-15,MED037,15,Normal
2025-05-16,MED037,14,Normal
2025-05-17,MED037,11,Normal
2025-05-18,MED037,25,Normal
2025-05-19,MED037,19,Normal
2025-05-20,MED037,33,Normal
2025-05-21,MED037,31,Normal
2025-05-22,MED037,23,Normal
2025-05-23,MED037,17,Normal
2025-05-24,MED037,17,Normal
2025-05-25,MED037,17,Normal
2025-05-26,MED037,31,Normal
2025-05-27,MED037,29,Normal
2025-05-28,MED037,18,Normal
2025-05-29,MED037,17,Normal
2025-05-30,MED037,28,Normal
2025-05-31,MED037,11,Normal
2025-06-01,MED037,19,Normal
2025-06-02,MED037,21,Normal
2025-06-03,MED037,26,Normal
2025-06-04,MED037,32,Normal
2025-06-05,MED037,13,Normal
2025-06-06,MED037,26,Normal
2025-06-07,MED037,24,Normal
2025-06-08,MED037,15,Normal
2025-06-09,MED037,27,Normal
2025-06-10,MED037,25,Normal
2025-06-11,MED037,30,Normal
2025-06-12,MED037,20,Normal
2025-06-13,MED037,15,Normal
2025-06-14,MED037,11,Normal
2025-06-15,MED037,14,Normal
2025-06-16,MED037,24,Normal
2025-06-17,MED037,26,Normal
2025-06-18,MED037,28,Normal
2025-06-19,MED037,30,Normal
2025-06-20,MED037,19,Normal
2025-06-21,MED037,11,Normal
2025-06-22,MED037,26,Normal
2025-06-23,MED037,17,Normal
2025-06-24,MED037,13,Normal
2025-06-25,MED037,20,Normal
2025-06-26,MED037,18,Normal
2025-06-27,MED037,28,Normal
2025-06-28,MED037,13,Normal
2025-06-29,MED037,24,Normal
2025-06-30,MED037,23,Normal
2025-07-01,MED037,28,Normal
2025-07-02,MED037,25,Normal
2025-07-03,MED037,32,Normal
2025-07-04,MED037,27,Normal
2025-07-05,MED037,14,Normal
2025-07-06,MED037,14,Normal
2025-07-07,MED037,21,Normal
2025-07-08,MED037,22,Normal
2025-07-09,MED037,28,Normal
2025-07-10,MED037,14,Normal
2025-07-11,MED037,28,Normal
2025-07-12,MED037,22,Normal
2025-07-13,MED037,13,Normal
2025-07-14,MED037,26,Normal
2025-07-15,MED037,31,Normal
2025-07-16,MED037,28,Normal
2025-07-17,MED037,24,Normal
2025-07-18,MED037,26,Normal
2025-07-19,MED037,21,Normal
2025-07-20,MED037,22,Normal
2025-07-21,MED037,14,Normal
2025-07-22,MED037,25,Normal
2025-07-23,MED037,20,Normal
2025-07-24,MED037,29,Normal
2025-07-25,MED037,32,Normal
2025-07-26,MED037,14,Normal
2025-07-27,MED037,18,Normal
2025-07-28,MED037,25,Normal
2025-07-29,MED037,24,Normal
2025-07-30,MED037,27,Normal
2025-07-31,MED037,18,Normal
2025-08-01,MED037,15,Normal
2025-08-02,MED037,17,Normal
2025-08-03,MED037,27,Normal
2025-08-04,MED037,37,Normal
2025-08-05,MED037,22,Normal
2025-08-06,MED037,20,Normal
2025-08-07,MED037,16,Normal
2025-08-08,MED037,33,Normal
2025-08-09,MED037,12,Normal
2025-08-10,MED037,26,Normal
2025-08-11,MED037,22,Normal
2025-08-12,MED037,25,Normal
2025-08-13,MED037,17,Normal
2025-08-14,MED037,13,Normal
2025-08-15,MED037,17,Normal
2025-08-16,MED037,25,Normal
2025-08-17,MED037,16,Normal
2025-08-18,MED037,27,Normal
2025-08-19,MED037,32,Normal
2025-08-20,MED037,30,Normal
2025-08-21,MED037,19,Normal
2025-08-22,MED037,22,Normal
2025-08-23,MED037,16,Normal
2025-08-24,MED037,12,Normal
2025-08-25,MED037,16,Normal
2025-08-26,MED037,25,Normal
2025-08-27,MED037,15,Normal
2025-08-28,MED037,25,Normal
2025-08-29,MED037,29,Normal
2025-08-30,MED037,28,Normal
2025-08-31,MED037,18,Normal
2025-09-01,MED037,20,Normal
2025-09-02,MED037,13,Normal
2025-09-03,MED037,15,Normal
2025-09-04,MED037,28,Normal
2025-09-05,MED037,26,Normal
2025-09-06,MED037,14,Normal
2025-09-07,MED037,14,Normal
2025-09-08,MED037,30,Normal
2025-09-09,MED037,31,Normal
2025-09-10,MED037,28,Normal
2025-09-11,MED037,30,Normal
2025-09-12,MED037,14,Normal
2025-09-13,MED037,19,Normal
2025-09-14,MED037,21,Normal
2025-09-15,MED037,15,Normal
2025-09-16,MED037,25,Normal
2025-09-17,MED037,23,Normal
2025-09-18,MED037,13,Normal
2025-09-19,MED037,23,Normal
2025-09-20,MED037,14,Normal
2025-09-21,MED037,13,Normal
2025-09-22,MED037,33,Normal
2025-09-23,MED037,14,Normal
2025-09-24,MED037,19,Normal
2025-09-25,MED037,23,Normal
2025-09-26,MED037,33,Normal
2025-09-27,MED037,21,Normal
2025-09-28,MED037,16,Normal
2025-09-29,MED037,15,Normal
2025-09-30,MED037,14,Normal
2025-10-01,MED037,31,Normal
2025-10-02,MED037,32,Normal
2025-10-03,MED037,15,Normal
2025-10-04,MED037,24,Normal
2025-10-05,MED037,11,Normal
2025-10-06,MED037,22,Normal
2025-10-07,MED037,30,Normal
2025-10-08,MED037,18,Normal
2025-10-09,MED037,20,Normal
2025-10-10,MED037,21,Normal
2025-10-11,MED037,25,Normal
2025-10-12,MED037,27,Normal
2025-10-13,MED037,32,Normal
2025-10-14,MED037,32,Normal
2025-10-15,MED037,14,Normal
2025-10-16,MED037,20,Normal
2025-10-17,MED037,26,Normal
2025-10-18,MED037,17,Normal
2025-10-19,MED037,21,Normal
2025-10-20,MED037,46,Normal
2025-10-21,MED037,15,Normal
2025-10-22,MED037,17,Normal
2025-10-23,MED037,26,Normal
2025-10-24,MED037,24,Normal
2025-10-25,MED037,26,Normal
2025-10-26,MED037,22,Normal
2025-10-27,MED037,21,Normal
2025-10-28,MED037,13,Normal
2025-10-29,MED037,20,Normal
2025-10-30,MED037,21,Normal
2025-10-31,MED037,24,Normal
2025-11-01,MED037,16,Normal
2025-11-02,MED037,23,Normal
2025-11-03,MED037,32,Normal
2025-11-04,MED037,19,Normal
2025-11-05,MED037,32,Normal
2025-11-06,MED037,17,Normal
2025-11-07,MED037,31,Normal
2025-11-08,MED037,18,Normal
2025-11-09,MED037,22,Normal
2025-11-10,MED037,28,Normal
2025-11-11,MED037,24,Normal
2025-11-12,MED037,16,Normal
2025-11-13,MED037,28,Normal
2025-11-14,MED037,16,Normal
2025-11-15,MED037,23,Normal
2025-11-16,MED037,14,Normal
2025-11-17,MED037,30,Normal
2025-11-18,MED037,19,Normal
2025-11-19,MED037,20,Normal
2025-11-20,MED037,29,Normal
2025-11-21,MED037,33,Normal
2025-11-22,MED037,28,Normal
2025-11-23,MED037,28,Normal
2025-11-24,MED037,25,Normal
2025-11-25,MED037,18,Normal
2025-11-26,MED037,26,Normal
2025-11-27,MED037,29,Normal
2025-11-28,MED037,40,Normal
2025-11-29,MED037,16,Normal
2025-11-30,MED037,21,Normal
2025-12-01,MED037,25,Normal
2025-12-02,MED037,23,Normal
2025-12-03,MED037,30,Normal
2025-12-04,MED037,32,Normal
2025-12-05,MED037,30,Normal
2025-12-06,MED037,11,Normal
2025-12-07,MED037,26,Normal
2025-12-08,MED037,23,Normal
2025-12-09,MED037,16,Normal
2025-12-10,MED037,23,Normal
2025-12-11,MED037,28,Normal
2025-12-12,MED037,26,Normal
2025-12-13,MED037,27,Normal
2025-12-14,MED037,21,Normal
2025-12-15,MED037,30,Normal
2025-12-16,MED037,30,Normal
2025-12-17,MED037,42,Normal
2025-12-18,MED037,13,Normal
2025-12-19,MED037,22,Normal
2025-12-20,MED037,22,Normal
2025-12-21,MED037,21,Normal
2025-12-22,MED037,30,Normal
2025-12-23,MED037,31,Normal
2025-12-24,MED037,17,Normal
2025-12-25,MED037,24,Normal
2025-12-26,MED037,24,Normal
2025-12-27,MED037,25,Normal
2025-12-28,MED037,12,Normal
2025-12-29,MED037,22,Normal
2025-12-30,MED037,14,Normal
2025-12-31,MED037,33,Normal
2025-01-01,MED038,15,Normal
2025-01-02,MED038,20,Normal
2025-01-03,MED038,34,Normal
2025-01-04,MED038,17,Normal
2025-01-05,MED038,24,Normal
2025-01-06,MED038,30,Normal
2025-01-07,MED038,29,Normal
2025-01-08,MED038,35,Normal
2025-01-09,MED038,15,Normal
2025-01-10,MED038,33,Normal
2025-01-11,MED038,15,Normal
2025-01-12,MED038,16,Normal
2025-01-13,MED038,15,Normal
2025-01-14,MED038,31,Normal
2025-01-15,MED038,49,Normal
2025-01-16,MED038,23,Normal
2025-01-17,MED038,15,Normal
2025-01-18,MED038,29,Normal
2025-01-19,MED038,16,Normal
2025-01-20,MED038,20,Normal
2025-01-21,MED038,21,Normal
2025-01-22,MED038,21,Normal
2025-01-23,MED038,35,Normal
2025-01-24,MED038,27,Normal
2025-01-25,MED038,18,Normal
2025-01-26,MED038,25,Normal
2025-01-27,MED038,15,Normal
2025-01-28,MED038,23,Normal
2025-01-29,MED038,27,Normal
2025-01-30,MED038,28,Normal
2025-01-31,MED038,33,Normal
2025-02-01,MED038,18,Normal
2025-02-02,MED038,29,Normal
2025-02-03,MED038,15,Normal
2025-02-04,MED038,25,Normal
2025-02-05,MED038,17,Normal
2025-02-06,MED038,23,Normal
2025-02-07,MED038,34,Normal
2025-02-08,MED038,23,Normal
2025-02-09,MED038,25,Normal
2025-02-10,MED038,27,Normal
2025-02-11,MED038,30,Normal
2025-02-12,MED038,26,Normal
2025-02-13,MED038,23,Normal
2025-02-14,MED038,22,Normal
2025-02-15,MED038,14,Normal
2025-02-16,MED038,29,Normal
2025-02-17,MED038,32,Normal
2025-02-18,MED038,28,Normal
2025-02-19,MED038,31,Normal
2025-02-20,MED038,23,Normal
2025-02-21,MED038,24,Normal
2025-02-22,MED038,18,Normal
2025-02-23,MED038,22,Normal
2025-02-24,MED038,28,Normal
2025-02-25,MED038,28,Normal
2025-02-26,MED038,21,Normal
2025-02-27,MED038,27,Normal
2025-02-28,MED038,31,Normal
2025-03-01,MED038,22,Normal
2025-03-02,MED038,24,Normal
2025-03-03,MED038,31,Normal
2025-03-04,MED038,31,Normal
2025-03-05,MED038,24,Normal
2025-03-06,MED038,35,Normal
2025-03-07,MED038,34,Normal
2025-03-08,MED038,29,Normal
2025-03-09,MED038,18,Normal
2025-03-10,MED038,28,Normal
2025-03-11,MED038,25,Normal
2025-03-12,MED038,16,Normal
2025-03-13,MED038,24,Normal
2025-03-14,MED038,16,Normal
2025-03-15,MED038,13,Normal
2025-03-16,MED038,27,Normal
2025-03-17,MED038,29,Normal
2025-03-18,MED038,15,Normal
2025-03-19,MED038,21,Normal
2025-03-20,MED038,34,Normal
2025-03-21,MED038,46,Normal
2025-03-22,MED038,24,Normal
2025-03-23,MED038,25,Normal
2025-03-24,MED038,33,Normal
2025-03-25,MED038,35,Normal
2025-03-26,MED038,26,Normal
2025-03-27,MED038,15,Normal
2025-03-28,MED038,15,Normal
2025-03-29,MED038,16,Normal
2025-03-30,MED038,22,Normal
2025-03-31,MED038,16,Normal
2025-04-01,MED038,49,Normal
2025-04-02,MED038,35,Normal
2025-04-03,MED038,20,Normal
2025-04-04,MED038,18,Normal
2025-04-05,MED038,21,Normal
2025-04-06,MED038,14,Normal
2025-04-07,MED038,29,Normal
2025-04-08,MED038,22,Normal
2025-04-09,MED038,30,Normal
2025-04-10,MED038,25,Normal
2025-04-11,MED038,18,Normal
2025-04-12,MED038,18,Normal
2025-04-13,MED038,39,Normal
2025-04-14,MED038,20,Normal
2025-04-15,MED038,20,Normal
2025-04-16,MED038,23,Normal
2025-04-17,MED038,28,Normal
2025-04-18,MED038,27,Normal
2025-04-19,MED038,22,Normal
2025-04-20,MED038,13,Normal
2025-04-21,MED038,30,Normal
2025-04-22,MED038,21,Normal
2025-04-23,MED038,26,Normal
2025-04-24,MED038,25,Normal
2025-04-25,MED038,23,Normal
2025-04-26,MED038,23,Normal
2025-04-27,MED038,28,Normal
2025-04-28,MED038,35,Normal
2025-04-29,MED038,22,Normal
2025-04-30,MED038,17,Normal
2025-05-01,MED038,24,Normal
2025-05-02,MED038,26,Normal
2025-05-03,MED038,18,Normal
2025-05-04,MED038,13,Normal
2025-05-05,MED038,28,Normal
2025-05-06,MED038,20,Normal
2025-05-07,MED038,18,Normal
2025-05-08,MED038,21,Normal
2025-05-09,MED038,23,Normal
2025-05-10,MED038,16,Normal
2025-05-11,MED038,21,Normal
2025-05-12,MED038,26,Normal
2025-05-13,MED038,20,Normal
2025-05-14,MED038,23,Normal
2025-05-15,MED038,20,Normal
2025-05-16,MED038,15,Normal
2025-05-17,MED038,26,Normal
2025-05-18,MED038,29,Normal
2025-05-19,MED038,28,Normal
2025-05-20,MED038,34,Normal
2025-05-21,MED038,28,Normal
2025-05-22,MED038,17,Normal
2025-05-23,MED038,28,Normal
2025-05-24,MED038,18,Normal
2025-05-25,MED038,28,Normal
2025-05-26,MED038,17,Normal
2025-05-27,MED038,30,Normal
2025-05-28,MED038,24,Normal
2025-05-29,MED038,25,Normal
2025-05-30,MED038,33,Normal
2025-05-31,MED038,16,Normal
2025-06-01,MED038,23,Normal
2025-06-02,MED038,18,Normal
2025-06-03,MED038,21,Normal
2025-06-04,MED038,22,Normal
2025-06-05,MED038,31,Normal
2025-06-06,MED038,31,Normal
2025-06-07,MED038,20,Normal
2025-06-08,MED038,14,Normal
2025-06-09,MED038,35,Normal
2025-06-10,MED038,19,Normal
2025-06-11,MED038,22,Normal
2025-06-12,MED038,36,Normal
2025-06-13,MED038,19,Normal
2025-06-14,MED038,18,Normal
2025-06-15,MED038,19,Normal
2025-06-16,MED038,26,Normal
2025-06-17,MED038,29,Normal
2025-06-18,MED038,20,Normal
2025-06-19,MED038,17,Normal
2025-06-20,MED038,25,Normal
2025-06-21,MED038,12,Normal
2025-06-22,MED038,29,Normal
2025-06-23,MED038,17,Normal
2025-06-24,MED038,21,Normal
2025-06-25,MED038,22,Normal
2025-06-26,MED038,34,Normal
2025-06-27,MED038,17,Normal
2025-06-28,MED038,29,Normal
2025-06-29,MED038,28,Normal
2025-06-30,MED038,18,Normal
2025-07-01,MED038,18,Normal
2025-07-02,MED038,28,Normal
2025-07-03,MED038,33,Normal
2025-07-04,MED038,29,Normal
2025-07-05,MED038,22,Normal
2025-07-06,MED038,21,Normal
2025-07-07,MED038,29,Normal
2025-07-08,MED038,20,Normal
2025-07-09,MED038,28,Normal
2025-07-10,MED038,34,Normal
2025-07-11,MED038,16,Normal
2025-07-12,MED038,25,Normal
2025-07-13,MED038,28,Normal
2025-07-14,MED038,18,Normal
2025-07-15,MED038,22,Normal
2025-07-16,MED038,17,Normal
2025-07-17,MED038,29,Normal
2025-07-18,MED038,29,Normal
2025-07-19,MED038,25,Normal
2025-07-20,MED038,12,Normal
2025-07-21,MED038,33,Normal
2025-07-22,MED038,29,Normal
2025-07-23,MED038,29,Normal
2025-07-24,MED038,26,Normal
2025-07-25,MED038,34,Normal
2025-07-26,MED038,14,Normal
2025-07-27,MED038,17,Normal
2025-07-28,MED038,23,Normal
2025-07-29,MED038,15,Normal
2025-07-30,MED038,28,Normal
2025-07-31,MED038,35,Normal
2025-08-01,MED038,31,Normal
2025-08-02,MED038,25,Normal
2025-08-03,MED038,13,Normal
2025-08-04,MED038,24,Normal
2025-08-05,MED038,16,Normal
2025-08-06,MED038,25,Normal
2025-08-07,MED038,29,Normal
2025-08-08,MED038,16,Normal
2025-08-09,MED038,13,Normal
2025-08-10,MED038,28,Normal
2025-08-11,MED038,21,Normal
2025-08-12,MED038,29,Normal
2025-08-13,MED038,24,Normal
2025-08-14,MED038,32,Normal
2025-08-15,MED038,19,Normal
2025-08-16,MED038,23,Normal
2025-08-17,MED038,21,Normal
2025-08-18,MED038,22,Normal
2025-08-19,MED038,19,Normal
2025-08-20,MED038,23,Normal
2025-08-21,MED038,25,Normal
2025-08-22,MED038,22,Normal
2025-08-23,MED038,13,Normal
2025-08-24,MED038,20,Normal
2025-08-25,MED038,15,Normal
2025-08-26,MED038,32,Normal
2025-08-27,MED038,20,Normal
2025-08-28,MED038,22,Normal
2025-08-29,MED038,32,Normal
2025-08-30,MED038,14,Normal
2025-08-31,MED038,22,Normal
2025-09-01,MED038,35,Normal
2025-09-02,MED038,28,Normal
2025-09-03,MED038,22,Normal
2025-09-04,MED038,17,Normal
2025-09-05,MED038,30,Normal
2025-09-06,MED038,22,Normal
2025-09-07,MED038,24,Normal
2025-09-08,MED038,33,Normal
2025-09-09,MED038,35,Normal
2025-09-10,MED038,30,Normal
2025-09-11,MED038,22,Normal
2025-09-12,MED038,19,Normal
2025-09-13,MED038,15,Normal
2025-09-14,MED038,25,Normal
2025-09-15,MED038,29,Normal
2025-09-16,MED038,22,Normal
2025-09-17,MED038,26,Normal
2025-09-18,MED038,15,Normal
2025-09-19,MED038,32,Normal
2025-09-20,MED038,21,Normal
2025-09-21,MED038,17,Normal
2025-09-22,MED038,31,Normal
2025-09-23,MED038,18,Normal
2025-09-24,MED038,33,Normal
2025-09-25,MED038,34,Normal
2025-09-26,MED038,35,Normal
2025-09-27,MED038,19,Normal
2025-09-28,MED038,23,Normal
2025-09-29,MED038,19,Normal
2025-09-30,MED038,26,Normal
2025-10-01,MED038,18,Normal
2025-10-02,MED038,29,Normal
2025-10-03,MED038,17,Normal
2025-10-04,MED038,24,Normal
2025-10-05,MED038,15,Normal
2025-10-06,MED038,31,Normal
2025-10-07,MED038,19,Normal
2025-10-08,MED038,22,Normal
2025-10-09,MED038,27,Normal
2025-10-10,MED038,27,Normal
2025-10-11,MED038,22,Normal
2025-10-12,MED038,24,Normal
2025-10-13,MED038,15,Normal
2025-10-14,MED038,30,Normal
2025-10-15,MED038,18,Normal
2025-10-16,MED038,31,Normal
2025-10-17,MED038,24,Normal
2025-10-18,MED038,13,Normal
2025-10-19,MED038,16,Normal
2025-10-20,MED038,35,Normal
2025-10-21,MED038,24,Normal
2025-10-22,MED038,17,Normal
2025-10-23,MED038,27,Normal
2025-10-24,MED038,20,Normal
2025-10-25,MED038,17,Normal
2025-10-26,MED038,12,Normal
2025-10-27,MED038,18,Normal
2025-10-28,MED038,29,Normal
2025-10-29,MED038,18,Normal
2025-10-30,MED038,20,Normal
2025-10-31,MED038,18,Normal
2025-11-01,MED038,20,Normal
2025-11-02,MED038,15,Normal
2025-11-03,MED038,32,Normal
2025-11-04,MED038,21,Normal
2025-11-05,MED038,28,Normal
2025-11-06,MED038,15,Normal
2025-11-07,MED038,27,Normal
2025-11-08,MED038,27,Normal
2025-11-09,MED038,22,Normal
2025-11-10,MED038,30,Normal
2025-11-11,MED038,21,Normal
2025-11-12,MED038,32,Normal
2025-11-13,MED038,30,Normal
2025-11-14,MED038,23,Normal
2025-11-15,MED038,25,Normal
2025-11-16,MED038,29,Normal
2025-11-17,MED038,22,Normal
2025-11-18,MED038,17,Normal
2025-11-19,MED038,33,Normal
2025-11-20,MED038,19,Normal
2025-11-21,MED038,34,Normal
2025-11-22,MED038,29,Normal
2025-11-23,MED038,13,Normal
2025-11-24,MED038,34,Normal
2025-11-25,MED038,23,Normal
2025-11-26,MED038,32,Normal
2025-11-27,MED038,19,Normal
2025-11-28,MED038,17,Normal
2025-11-29,MED038,17,Normal
2025-11-30,MED038,17,Normal
2025-12-01,MED038,18,Normal
2025-12-02,MED038,15,Normal
2025-12-03,MED038,18,Normal
2025-12-04,MED038,33,Normal
2025-12-05,MED038,27,Normal
2025-12-06,MED038,25,Normal
2025-12-07,MED038,24,Normal
2025-12-08,MED038,31,Normal
2025-12-09,MED038,33,Normal
2025-12-10,MED038,24,Normal
2025-12-11,MED038,29,Normal
2025-12-12,MED038,16,Normal
2025-12-13,MED038,16,Normal
2025-12-14,MED038,15,Normal
2025-12-15,MED038,32,Normal
2025-12-16,MED038,25,Normal
2025-12-17,MED038,26,Normal
2025-12-18,MED038,18,Normal
2025-12-19,MED038,32,Normal
2025-12-20,MED038,12,Normal
2025-12-21,MED038,25,Normal
2025-12-22,MED038,25,Normal
2025-12-23,MED038,22,Normal
2025-12-24,MED038,28,Normal
2025-12-25,MED038,18,Normal
2025-12-26,MED038,29,Normal
2025-12-27,MED038,22,Normal
2025-12-28,MED038,24,Normal
2025-12-29,MED038,28,Normal
2025-12-30,MED038,34,Normal
2025-12-31,MED038,28,Normal
2025-01-01,MED039,97,Normal
2025-01-02,MED039,99,Normal
2025-01-03,MED039,87,Normal
2025-01-04,MED039,84,Normal
2025-01-05,MED039,84,Normal
2025-01-06,MED039,97,Normal
2025-01-07,MED039,86,Normal
2025-01-08,MED039,84,Normal
2025-01-09,MED039,101,Normal
2025-01-10,MED039,96,Normal
2025-01-11,MED039,81,Normal
2025-01-12,MED039,73,Normal
2025-01-13,MED039,88,Normal
2025-01-14,MED039,87,Normal
2025-01-15,MED039,84,Normal
2025-01-16,MED039,88,Normal
2025-01-17,MED039,100,Normal
2025-01-18,MED039,77,Normal
2025-01-19,MED039,69,Normal
2025-01-20,MED039,82,Normal
2025-01-21,MED039,100,Normal
2025-01-22,MED039,88,Normal
2025-01-23,MED039,86,Normal
2025-01-24,MED039,90,Normal
2025-01-25,MED039,77,Normal
2025-01-26,MED039,77,Normal
2025-01-27,MED039,88,Normal
2025-01-28,MED039,99,Normal
2025-01-29,MED039,84,Normal
2025-01-30,MED039,89,Normal
2025-01-31,MED039,87,Normal
2025-02-01,MED039,72,Normal
2025-02-02,MED039,77,Normal
2025-02-03,MED039,91,Normal
2025-02-04,MED039,89,Normal
2025-02-05,MED039,100,Normal
2025-02-06,MED039,86,Normal
2025-02-07,MED039,83,Normal
2025-02-08,MED039,75,Normal
2025-02-09,MED039,79,Normal
2025-02-10,MED039,84,Normal
2025-02-11,MED039,86,Normal
2025-02-12,MED039,93,Normal
2025-02-13,MED039,84,Normal
2025-02-14,MED039,93,Normal
2025-02-15,MED039,85,Normal
2025-02-16,MED039,75,Normal
2025-02-17,MED039,87,Normal
2025-02-18,MED039,98,Normal
2025-02-19,MED039,88,Normal
2025-02-20,MED039,93,Normal
2025-02-21,MED039,82,Normal
2025-02-22,MED039,68,Normal
2025-02-23,MED039,81,Normal
2025-02-24,MED039,97,Normal
2025-02-25,MED039,91,Normal
2025-02-26,MED039,140,Normal
2025-02-27,MED039,99,Normal
2025-02-28,MED039,90,Normal
2025-03-01,MED039,84,Normal
2025-03-02,MED039,72,Normal
2025-03-03,MED039,82,Normal
2025-03-04,MED039,100,Normal
2025-03-05,MED039,86,Normal
2025-03-06,MED039,95,Normal
2025-03-07,MED039,87,Normal
2025-03-08,MED039,70,Normal
2025-03-09,MED039,82,Normal
2025-03-10,MED039,87,Normal
2025-03-11,MED039,100,Normal
2025-03-12,MED039,94,Normal
2025-03-13,MED039,96,Normal
2025-03-14,MED039,84,Normal
2025-03-15,MED039,74,Normal
2025-03-16,MED039,68,Normal
2025-03-17,MED039,86,Normal
2025-03-18,MED039,101,Normal
2025-03-19,MED039,86,Normal
2025-03-20,MED039,89,Normal
2025-03-21,MED039,100,Normal
2025-03-22,MED039,74,Normal
2025-03-23,MED039,69,Normal
2025-03-24,MED039,88,Normal
2025-03-25,MED039,88,Normal
2025-03-26,MED039,90,Normal
2025-03-27,MED039,84,Normal
2025-03-28,MED039,84,Normal
2025-03-29,MED039,76,Normal
2025-03-30,MED039,73,Normal
2025-03-31,MED039,98,Normal
2025-04-01,MED039,89,Normal
2025-04-02,MED039,81,Normal
2025-04-03,MED039,89,Normal
2025-04-04,MED039,128,Normal
2025-04-05,MED039,85,Normal
2025-04-06,MED039,79,Normal
2025-04-07,MED039,83,Normal
2025-04-08,MED039,97,Normal
2025-04-09,MED039,83,Normal
2025-04-10,MED039,94,Normal
2025-04-11,MED039,81,Normal
2025-04-12,MED039,84,Normal
2025-04-13,MED039,76,Normal
2025-04-14,MED039,87,Normal
2025-04-15,MED039,100,Normal
2025-04-16,MED039,87,Normal
2025-04-17,MED039,91,Normal
2025-04-18,MED039,101,Normal
2025-04-19,MED039,77,Normal
2025-04-20,MED039,85,Normal
2025-04-21,MED039,97,Normal
2025-04-22,MED039,86,Normal
2025-04-23,MED039,83,Normal
2025-04-24,MED039,116,Normal
2025-04-25,MED039,87,Normal
2025-04-26,MED039,77,Normal
2025-04-27,MED039,73,Normal
2025-04-28,MED039,99,Normal
2025-04-29,MED039,82,Normal
2025-04-30,MED039,86,Normal
2025-05-01,MED039,93,Normal
2025-05-02,MED039,94,Normal
2025-05-03,MED039,79,Normal
2025-05-04,MED039,73,Normal
2025-05-05,MED039,88,Normal
2025-05-06,MED039,93,Normal
2025-05-07,MED039,89,Normal
2025-05-08,MED039,83,Normal
2025-05-09,MED039,98,Normal
2025-05-10,MED039,73,Normal
2025-05-11,MED039,68,Normal
2025-05-12,MED039,88,Normal
2025-05-13,MED039,90,Normal
2025-05-14,MED039,101,Normal
2025-05-15,MED039,85,Normal
2025-05-16,MED039,93,Normal
2025-05-17,MED039,73,Normal
2025-05-18,MED039,73,Normal
2025-05-19,MED039,87,Normal
2025-05-20,MED039,90,Normal
2025-05-21,MED039,98,Normal
2025-05-22,MED039,88,Normal
2025-05-23,MED039,96,Normal
2025-05-24,MED039,82,Normal
2025-05-25,MED039,85,Normal
2025-05-26,MED039,82,Normal
2025-05-27,MED039,92,Normal
2025-05-28,MED039,86,Normal
2025-05-29,MED039,98,Normal
2025-05-30,MED039,100,Normal
2025-05-31,MED039,83,Normal
2025-06-01,MED039,68,Normal
2025-06-02,MED039,87,Normal
2025-06-03,MED039,81,Normal
2025-06-04,MED039,92,Normal
2025-06-05,MED039,98,Normal
2025-06-06,MED039,97,Normal
2025-06-07,MED039,78,Normal
2025-06-08,MED039,81,Normal
2025-06-09,MED039,81,Normal
2025-06-10,MED039,94,Normal
2025-06-11,MED039,100,Normal
2025-06-12,MED039,94,Normal
2025-06-13,MED039,87,Normal
2025-06-14,MED039,71,Normal
2025-06-15,MED039,81,Normal
2025-06-16,MED039,82,Normal
2025-06-17,MED039,84,Normal
2025-06-18,MED039,97,Normal
2025-06-19,MED039,82,Normal
2025-06-20,MED039,99,Normal
2025-06-21,MED039,72,Normal
2025-06-22,MED039,80,Normal
2025-06-23,MED039,89,Normal
2025-06-24,MED039,100,Normal
2025-06-25,MED039,93,Normal
2025-06-26,MED039,94,Normal
2025-06-27,MED039,99,Normal
2025-06-28,MED039,84,Normal
2025-06-29,MED039,68,Normal
2025-06-30,MED039,84,Normal
2025-07-01,MED039,141,Normal
2025-07-02,MED039,94,Normal
2025-07-03,MED039,83,Normal
2025-07-04,MED039,100,Normal
2025-07-05,MED039,70,Normal
2025-07-06,MED039,73,Normal
2025-07-07,MED039,89,Normal
2025-07-08,MED039,95,Normal
2025-07-09,MED039,93,Normal
2025-07-10,MED039,92,Normal
2025-07-11,MED039,127,Normal
2025-07-12,MED039,77,Normal
2025-07-13,MED039,82,Normal
2025-07-14,MED039,81,Normal
2025-07-15,MED039,93,Normal
2025-07-16,MED039,90,Normal
2025-07-17,MED039,86,Normal
2025-07-18,MED039,87,Normal
2025-07-19,MED039,78,Normal
2025-07-20,MED039,85,Normal
2025-07-21,MED039,99,Normal
2025-07-22,MED039,81,Normal
2025-07-23,MED039,89,Normal
2025-07-24,MED039,81,Normal
2025-07-25,MED039,94,Normal
2025-07-26,MED039,84,Normal
2025-07-27,MED039,74,Normal
2025-07-28,MED039,125,Normal
2025-07-29,MED039,89,Normal
2025-07-30,MED039,98,Normal
2025-07-31,MED039,96,Normal
2025-08-01,MED039,98,Normal
2025-08-02,MED039,77,Normal
2025-08-03,MED039,71,Normal
2025-08-04,MED039,82,Normal
2025-08-05,MED039,91,Normal
2025-08-06,MED039,88,Normal
2025-08-07,MED039,96,Normal
2025-08-08,MED039,86,Normal
2025-08-09,MED039,76,Normal
2025-08-10,MED039,70,Normal
2025-08-11,MED039,88,Normal
2025-08-12,MED039,90,Normal
2025-08-13,MED039,94,Normal
2025-08-14,MED039,82,Normal
2025-08-15,MED039,87,Normal
2025-08-16,MED039,78,Normal
2025-08-17,MED039,98,Normal
2025-08-18,MED039,83,Normal
2025-08-19,MED039,85,Normal
2025-08-20,MED039,99,Normal
2025-08-21,MED039,91,Normal
2025-08-22,MED039,100,Normal
2025-08-23,MED039,68,Normal
2025-08-24,MED039,85,Normal
2025-08-25,MED039,92,Normal
2025-08-26,MED039,96,Normal
2025-08-27,MED039,97,Normal
2025-08-28,MED039,134,Normal
2025-08-29,MED039,87,Normal
2025-08-30,MED039,79,Normal
2025-08-31,MED039,73,Normal
2025-09-01,MED039,87,Normal
2025-09-02,MED039,90,Normal
2025-09-03,MED039,100,Normal
2025-09-04,MED039,97,Normal
2025-09-05,MED039,93,Normal
2025-09-06,MED039,74,Normal
2025-09-07,MED039,83,Normal
2025-09-08,MED039,85,Normal
2025-09-09,MED039,92,Normal
2025-09-10,MED039,94,Normal
2025-09-11,MED039,82,Normal
2025-09-12,MED039,88,Normal
2025-09-13,MED039,80,Normal
2025-09-14,MED039,78,Normal
2025-09-15,MED039,94,Normal
2025-09-16,MED039,94,Normal
2025-09-17,MED039,93,Normal
2025-09-18,MED039,93,Normal
2025-09-19,MED039,91,Normal
2025-09-20,MED039,82,Normal
2025-09-21,MED039,83,Normal
2025-09-22,MED039,100,Normal
2025-09-23,MED039,96,Normal
2025-09-24,MED039,96,Normal
2025-09-25,MED039,92,Normal
2025-09-26,MED039,90,Normal
2025-09-27,MED039,76,Normal
2025-09-28,MED039,77,Normal
2025-09-29,MED039,92,Normal
2025-09-30,MED039,95,Normal
2025-10-01,MED039,89,Normal
2025-10-02,MED039,81,Normal
2025-10-03,MED039,88,Normal
2025-10-04,MED039,80,Normal
2025-10-05,MED039,81,Normal
2025-10-06,MED039,89,Normal
2025-10-07,MED039,81,Normal
2025-10-08,MED039,96,Normal
2025-10-09,MED039,92,Normal
2025-10-10,MED039,100,Normal
2025-10-11,MED039,73,Normal
2025-10-12,MED039,70,Normal
2025-10-13,MED039,96,Normal
2025-10-14,MED039,101,Normal
2025-10-15,MED039,82,Normal
2025-10-16,MED039,82,Normal
2025-10-17,MED039,101,Normal
2025-10-18,MED039,84,Normal
2025-10-19,MED039,69,Normal
2025-10-20,MED039,92,Normal
2025-10-21,MED039,97,Normal
2025-10-22,MED039,90,Normal
2025-10-23,MED039,91,Normal
2025-10-24,MED039,91,Normal
2025-10-25,MED039,79,Normal
2025-10-26,MED039,77,Normal
2025-10-27,MED039,87,Normal
2025-10-28,MED039,85,Normal
2025-10-29,MED039,94,Normal
2025-10-30,MED039,101,Normal
2025-10-31,MED039,81,Normal
2025-11-01,MED039,69,Normal
2025-11-02,MED039,68,Normal
2025-11-03,MED039,99,Normal
2025-11-04,MED039,83,Normal
2025-11-05,MED039,88,Normal
2025-11-06,MED039,99,Normal
2025-11-07,MED039,92,Normal
2025-11-08,MED039,70,Normal
2025-11-09,MED039,85,Normal
2025-11-10,MED039,99,Normal
2025-11-11,MED039,91,Normal
2025-11-12,MED039,83,Normal
2025-11-13,MED039,91,Normal
2025-11-14,MED039,95,Normal
2025-11-15,MED039,75,Normal
2025-11-16,MED039,70,Normal
2025-11-17,MED039,90,Normal
2025-11-18,MED039,94,Normal
2025-11-19,MED039,97,Normal
2025-11-20,MED039,101,Normal
2025-11-21,MED039,96,Normal
2025-11-22,MED039,75,Normal
2025-11-23,MED039,84,Normal
2025-11-24,MED039,101,Normal
2025-11-25,MED039,93,Normal
2025-11-26,MED039,85,Normal
2025-11-27,MED039,81,Normal
2025-11-28,MED039,85,Normal
2025-11-29,MED039,77,Normal
2025-11-30,MED039,84,Normal
2025-12-01,MED039,97,Normal
2025-12-02,MED039,83,Normal
2025-12-03,MED039,86,Normal
2025-12-04,MED039,123,Normal
2025-12-05,MED039,86,Normal
2025-12-06,MED039,73,Normal
2025-12-07,MED039,76,Normal
2025-12-08,MED039,91,Normal
2025-12-09,MED039,96,Normal
2025-12-10,MED039,100,Normal
2025-12-11,MED039,86,Normal
2025-12-12,MED039,83,Normal
2025-12-13,MED039,78,Normal
2025-12-14,MED039,70,Normal
2025-12-15,MED039,130,Normal
2025-12-16,MED039,96,Normal
2025-12-17,MED039,88,Normal
2025-12-18,MED039,99,Normal
2025-12-19,MED039,89,Normal
2025-12-20,MED039,82,Normal
2025-12-21,MED039,75,Normal
2025-12-22,MED039,90,Normal
2025-12-23,MED039,81,Normal
2025-12-24,MED039,100,Normal
2025-12-25,MED039,117,Normal
2025-12-26,MED039,86,Normal
2025-12-27,MED039,74,Normal
2025-12-28,MED039,81,Normal
2025-12-29,MED039,92,Normal
2025-12-30,MED039,98,Normal
2025-12-31,MED039,94,Normal
2025-01-01,MED040,88,Normal
2025-01-02,MED040,79,Normal
2025-01-03,MED040,79,Normal
2025-01-04,MED040,63,Normal
2025-01-05,MED040,93,Normal
2025-01-06,MED040,84,Normal
2025-01-07,MED040,79,Normal
2025-01-08,MED040,86,Normal
2025-01-09,MED040,90,Normal
2025-01-10,MED040,84,Normal
2025-01-11,MED040,78,Normal
2025-01-12,MED040,76,Normal
2025-01-13,MED040,78,Normal
2025-01-14,MED040,88,Normal
2025-01-15,MED040,83,Normal
2025-01-16,MED040,92,Normal
2025-01-17,MED040,74,Normal
2025-01-18,MED040,75,Normal
2025-01-19,MED040,63,Normal
2025-01-20,MED040,90,Normal
2025-01-21,MED040,83,Normal
2025-01-22,MED040,89,Normal
2025-01-23,MED040,76,Normal
2025-01-24,MED040,84,Normal
2025-01-25,MED040,66,Normal
2025-01-26,MED040,67,Normal
2025-01-27,MED040,76,Normal
2025-01-28,MED040,82,Normal
2025-01-29,MED040,91,Normal
2025-01-30,MED040,74,Normal
2025-01-31,MED040,79,Normal
2025-02-01,MED040,63,Normal
2025-02-02,MED040,72,Normal
2025-02-03,MED040,77,Normal
2025-02-04,MED040,78,Normal
2025-02-05,MED040,78,Normal
2025-02-06,MED040,92,Normal
2025-02-07,MED040,91,Normal
2025-02-08,MED040,68,Normal
2025-02-09,MED040,62,Normal
2025-02-10,MED040,76,Normal
2025-02-11,MED040,89,Normal
2025-02-12,MED040,88,Normal
2025-02-13,MED040,82,Normal
2025-02-14,MED040,75,Normal
2025-02-15,MED040,72,Normal
2025-02-16,MED040,68,Normal
2025-02-17,MED040,93,Normal
2025-02-18,MED040,79,Normal
2025-02-19,MED040,75,Normal
2025-02-20,MED040,74,Normal
2025-02-21,MED040,82,Normal
2025-02-22,MED040,73,Normal
2025-02-23,MED040,63,Normal
2025-02-24,MED040,76,Normal
2025-02-25,MED040,92,Normal
2025-02-26,MED040,86,Normal
2025-02-27,MED040,90,Normal
2025-02-28,MED040,83,Normal
2025-03-01,MED040,73,Normal
2025-03-02,MED040,73,Normal
2025-03-03,MED040,82,Normal
2025-03-04,MED040,82,Normal
2025-03-05,MED040,90,Normal
2025-03-06,MED040,78,Normal
2025-03-07,MED040,76,Normal
2025-03-08,MED040,78,Normal
2025-03-09,MED040,78,Normal
2025-03-10,MED040,77,Normal
2025-03-11,MED040,82,Normal
2025-03-12,MED040,92,Normal
2025-03-13,MED040,106,Normal
2025-03-14,MED040,76,Normal
2025-03-15,MED040,72,Normal
2025-03-16,MED040,72,Normal
2025-03-17,MED040,105,Normal
2025-03-18,MED040,89,Normal
2025-03-19,MED040,78,Normal
2025-03-20,MED040,77,Normal
2025-03-21,MED040,76,Normal
2025-03-22,MED040,65,Normal
2025-03-23,MED040,75,Normal
2025-03-24,MED040,77,Normal
2025-03-25,MED040,93,Normal
2025-03-26,MED040,84,Normal
2025-03-27,MED040,85,Normal
2025-03-28,MED040,85,Normal
2025-03-29,MED040,77,Normal
2025-03-30,MED040,91,Normal
2025-03-31,MED040,79,Normal
2025-04-01,MED040,88,Normal
2025-04-02,MED040,75,Normal
2025-04-03,MED040,73,Normal
2025-04-04,MED040,80,Normal
2025-04-05,MED040,79,Normal
2025-04-06,MED040,79,Normal
2025-04-07,MED040,77,Normal
2025-04-08,MED040,90,Normal
2025-04-09,MED040,74,Normal
2025-04-10,MED040,78,Normal
2025-04-11,MED040,74,Normal
2025-04-12,MED040,73,Normal
2025-04-13,MED040,68,Normal
2025-04-14,MED040,92,Normal
2025-04-15,MED040,77,Normal
2025-04-16,MED040,79,Normal
2025-04-17,MED040,76,Normal
2025-04-18,MED040,84,Normal
2025-04-19,MED040,70,Normal
2025-04-20,MED040,62,Normal
2025-04-21,MED040,89,Normal
2025-04-22,MED040,130,Normal
2025-04-23,MED040,77,Normal
2025-04-24,MED040,89,Normal
2025-04-25,MED040,118,Normal
2025-04-26,MED040,106,Normal
2025-04-27,MED040,66,Normal
2025-04-28,MED040,86,Normal
2025-04-29,MED040,82,Normal
2025-04-30,MED040,81,Normal
2025-05-01,MED040,85,Normal
2025-05-02,MED040,92,Normal
2025-05-03,MED040,62,Normal
2025-05-04,MED040,62,Normal
2025-05-05,MED040,75,Normal
2025-05-06,MED040,91,Normal
2025-05-07,MED040,86,Normal
2025-05-08,MED040,81,Normal
2025-05-09,MED040,76,Normal
2025-05-10,MED040,70,Normal
2025-05-11,MED040,71,Normal
2025-05-12,MED040,77,Normal
2025-05-13,MED040,90,Normal
2025-05-14,MED040,89,Normal
2025-05-15,MED040,87,Normal
2025-05-16,MED040,85,Normal
2025-05-17,MED040,78,Normal
2025-05-18,MED040,68,Normal
2025-05-19,MED040,85,Normal
2025-05-20,MED040,74,Normal
2025-05-21,MED040,77,Normal
2025-05-22,MED040,77,Normal
2025-05-23,MED040,73,Normal
2025-05-24,MED040,64,Normal
2025-05-25,MED040,67,Normal
2025-05-26,MED040,73,Normal
2025-05-27,MED040,88,Normal
2025-05-28,MED040,81,Normal
2025-05-29,MED040,87,Normal
2025-05-30,MED040,75,Normal
2025-05-31,MED040,109,Normal
2025-06-01,MED040,105,Normal
2025-06-02,MED040,83,Normal
2025-06-03,MED040,81,Normal
2025-06-04,MED040,89,Normal
2025-06-05,MED040,83,Normal
2025-06-06,MED040,90,Normal
2025-06-07,MED040,77,Normal
2025-06-08,MED040,63,Normal
2025-06-09,MED040,76,Normal
2025-06-10,MED040,91,Normal
2025-06-11,MED040,84,Normal
2025-06-12,MED040,87,Normal
2025-06-13,MED040,80,Normal
2025-06-14,MED040,63,Normal
2025-06-15,MED040,73,Normal
2025-06-16,MED040,93,Normal
2025-06-17,MED040,91,Normal
2025-06-18,MED040,80,Normal
2025-06-19,MED040,85,Normal
2025-06-20,MED040,90,Normal
2025-06-21,MED040,75,Normal
2025-06-22,MED040,72,Normal
2025-06-23,MED040,89,Normal
2025-06-24,MED040,86,Normal
2025-06-25,MED040,83,Normal
2025-06-26,MED040,77,Normal
2025-06-27,MED040,78,Normal
2025-06-28,MED040,76,Normal
2025-06-29,MED040,66,Normal
2025-06-30,MED040,78,Normal
2025-07-01,MED040,73,Normal
2025-07-02,MED040,76,Normal
2025-07-03,MED040,77,Normal
2025-07-04,MED040,110,Normal
2025-07-05,MED040,75,Normal
2025-07-06,MED040,73,Normal
2025-07-07,MED040,82,Normal
2025-07-08,MED040,86,Normal
2025-07-09,MED040,86,Normal
2025-07-10,MED040,124,Normal
2025-07-11,MED040,85,Normal
2025-07-12,MED040,76,Normal
2025-07-13,MED040,68,Normal
2025-07-14,MED040,91,Normal
2025-07-15,MED040,91,Normal
2025-07-16,MED040,77,Normal
2025-07-17,MED040,84,Normal
2025-07-18,MED040,75,Normal
2025-07-19,MED040,70,Normal
2025-07-20,MED040,70,Normal
2025-07-21,MED040,78,Normal
2025-07-22,MED040,92,Normal
2025-07-23,MED040,90,Normal
2025-07-24,MED040,81,Normal
2025-07-25,MED040,75,Normal
2025-07-26,MED040,69,Normal
2025-07-27,MED040,72,Normal
2025-07-28,MED040,78,Normal
2025-07-29,MED040,83,Normal
2025-07-30,MED040,93,Normal
2025-07-31,MED040,92,Normal
2025-08-01,MED040,86,Normal
2025-08-02,MED040,68,Normal
2025-08-03,MED040,73,Normal
2025-08-04,MED040,83,Normal
2025-08-05,MED040,84,Normal
2025-08-06,MED040,86,Normal
2025-08-07,MED040,76,Normal
2025-08-08,MED040,87,Normal
2025-08-09,MED040,73,Normal
2025-08-10,MED040,62,Normal
2025-08-11,MED040,74,Normal
2025-08-12,MED040,79,Normal
2025-08-13,MED040,89,Normal
2025-08-14,MED040,74,Normal
2025-08-15,MED040,85,Normal
2025-08-16,MED040,62,Normal
2025-08-17,MED040,70,Normal
2025-08-18,MED040,93,Normal
2025-08-19,MED040,78,Normal
2025-08-20,MED040,77,Normal
2025-08-21,MED040,81,Normal
2025-08-22,MED040,79,Normal
2025-08-23,MED040,78,Normal
2025-08-24,MED040,72,Normal
2025-08-25,MED040,74,Normal
2025-08-26,MED040,89,Normal
2025-08-27,MED040,86,Normal
2025-08-28,MED040,74,Normal
2025-08-29,MED040,93,Normal
2025-08-30,MED040,62,Normal
2025-08-31,MED040,67,Normal
2025-09-01,MED040,82,Normal
2025-09-02,MED040,75,Normal
2025-09-03,MED040,83,Normal
2025-09-04,MED040,87,Normal
2025-09-05,MED040,84,Normal
2025-09-06,MED040,75,Normal
2025-09-07,MED040,74,Normal
2025-09-08,MED040,84,Normal
2025-09-09,MED040,81,Normal
2025-09-10,MED040,73,Normal
2025-09-11,MED040,91,Normal
2025-09-12,MED040,118,Normal
2025-09-13,MED040,73,Normal
2025-09-14,MED040,68,Normal
2025-09-15,MED040,85,Normal
2025-09-16,MED040,77,Normal
2025-09-17,MED040,74,Normal
2025-09-18,MED040,79,Normal
2025-09-19,MED040,82,Normal
2025-09-20,MED040,63,Normal
2025-09-21,MED040,65,Normal
2025-09-22,MED040,84,Normal
2025-09-23,MED040,93,Normal
2025-09-24,MED040,77,Normal
2025-09-25,MED040,84,Normal
2025-09-26,MED040,78,Normal
2025-09-27,MED040,71,Normal
2025-09-28,MED040,79,Normal
2025-09-29,MED040,79,Normal
2025-09-30,MED040,73,Normal
2025-10-01,MED040,87,Normal
2025-10-02,MED040,83,Normal
2025-10-03,MED040,75,Normal
2025-10-04,MED040,72,Normal
2025-10-05,MED040,68,Normal
2025-10-06,MED040,92,Normal
2025-10-07,MED040,88,Normal
2025-10-08,MED040,81,Normal
2025-10-09,MED040,118,Normal
2025-10-10,MED040,90,Normal
2025-10-11,MED040,62,Normal
2025-10-12,MED040,70,Normal
2025-10-13,MED040,91,Normal
2025-10-14,MED040,76,Normal
2025-10-15,MED040,75,Normal
2025-10-16,MED040,84,Normal
2025-10-17,MED040,77,Normal
2025-10-18,MED040,68,Normal
2025-10-19,MED040,69,Normal
2025-10-20,MED040,78,Normal
2025-10-21,MED040,76,Normal
2025-10-22,MED040,81,Normal
2025-10-23,MED040,78,Normal
2025-10-24,MED040,80,Normal
2025-10-25,MED040,79,Normal
2025-10-26,MED040,77,Normal
2025-10-27,MED040,87,Normal
2025-10-28,MED040,84,Normal
2025-10-29,MED040,83,Normal
2025-10-30,MED040,74,Normal
2025-10-31,MED040,84,Normal
2025-11-01,MED040,78,Normal
2025-11-02,MED040,67,Normal
2025-11-03,MED040,82,Normal
2025-11-04,MED040,86,Normal
2025-11-05,MED040,88,Normal
2025-11-06,MED040,86,Normal
2025-11-07,MED040,78,Normal
2025-11-08,MED040,62,Normal
2025-11-09,MED040,68,Normal
2025-11-10,MED040,74,Normal
2025-11-11,MED040,80,Normal
2025-11-12,MED040,76,Normal
2025-11-13,MED040,84,Normal
2025-11-14,MED040,87,Normal
2025-11-15,MED040,62,Normal
2025-11-16,MED040,64,Normal
2025-11-17,MED040,83,Normal
2025-11-18,MED040,87,Normal
2025-11-19,MED040,80,Normal
2025-11-20,MED040,92,Normal
2025-11-21,MED040,80,Normal
2025-11-22,MED040,68,Normal
2025-11-23,MED040,74,Normal
2025-11-24,MED040,84,Normal
2025-11-25,MED040,87,Normal
2025-11-26,MED040,83,Normal
2025-11-27,MED040,76,Normal
2025-11-28,MED040,81,Normal
2025-11-29,MED040,79,Normal
2025-11-30,MED040,64,Normal
2025-12-01,MED040,83,Normal
2025-12-02,MED040,84,Normal
2025-12-03,MED040,92,Normal
2025-12-04,MED040,77,Normal
2025-12-05,MED040,77,Normal
2025-12-06,MED040,71,Normal
2025-12-07,MED040,62,Normal
2025-12-08,MED040,91,Normal
2025-12-09,MED040,84,Normal
2025-12-10,MED040,92,Normal
2025-12-11,MED040,88,Normal
2025-12-12,MED040,89,Normal
2025-12-13,MED040,73,Normal
2025-12-14,MED040,65,Normal
2025-12-15,MED040,89,Normal
2025-12-16,MED040,81,Normal
2025-12-17,MED040,76,Normal
2025-12-18,MED040,86,Normal
2025-12-19,MED040,79,Normal
2025-12-20,MED040,79,Normal
2025-12-21,MED040,79,Normal
2025-12-22,MED040,73,Normal
2025-12-23,MED040,87,Normal
2025-12-24,MED040,85,Normal
2025-12-25,MED040,87,Normal
2025-12-26,MED040,76,Normal
2025-12-27,MED040,74,Normal
2025-12-28,MED040,74,Normal
2025-12-29,MED040,80,Normal
2025-12-30,MED040,76,Normal
2025-12-31,MED040,83,Normal
